profile_bits,case,state_bit,state_region,x,y,z,cell_bit,prefix_distance,full32_distance,extended64_distance,first_changed_byte,changed_prefix_bit,first_controller_stage,first_non_single_stage,single_bit_until_first_output
128,0,64,cube,0,1,0,0,0,40,175,22,,40,40,0
128,0,65,cube,0,1,0,1,0,37,150,22,,40,40,0
128,0,66,cube,0,1,0,2,0,42,174,22,,40,40,0
128,0,67,cube,0,1,0,3,0,34,149,22,,40,40,0
128,0,68,cube,0,1,0,4,0,41,163,22,,40,40,0
128,0,69,cube,0,1,0,5,0,35,170,22,,40,40,0
128,0,70,cube,0,1,0,6,0,39,161,22,,40,40,0
128,0,71,cube,0,1,0,7,0,36,156,22,,40,40,0
128,0,112,cube,6,1,0,0,0,26,160,24,,43,43,1
128,0,113,cube,6,1,0,1,0,31,143,24,,43,43,1
128,0,114,cube,6,1,0,2,0,30,168,24,,43,43,1
128,0,115,cube,6,1,0,3,0,32,158,24,,43,43,1
128,0,116,cube,6,1,0,4,0,32,153,24,,43,43,1
128,0,117,cube,6,1,0,5,0,35,165,24,,43,43,1
128,0,118,cube,6,1,0,6,0,34,172,24,,43,43,1
128,0,119,cube,6,1,0,7,0,28,164,24,,43,43,1
128,0,128,cube,0,2,0,0,0,42,169,19,,37,37,0
128,0,129,cube,0,2,0,1,0,48,178,19,,37,37,0
128,0,130,cube,0,2,0,2,0,49,184,19,,37,37,0
128,0,131,cube,0,2,0,3,0,46,174,19,,37,37,0
128,0,132,cube,0,2,0,4,0,55,187,19,,37,37,0
128,0,133,cube,0,2,0,5,0,54,175,19,,37,37,0
128,0,134,cube,0,2,0,6,0,58,205,19,,37,37,0
128,0,135,cube,0,2,0,7,0,58,194,19,,37,37,0
128,0,224,cube,4,3,0,0,0,0,65,45,,63,63,0
128,0,225,cube,4,3,0,1,0,0,81,45,,63,63,0
128,0,226,cube,4,3,0,2,0,0,65,45,,63,63,0
128,0,227,cube,4,3,0,3,0,0,67,45,,63,63,0
128,0,228,cube,4,3,0,4,0,0,72,45,,63,63,0
128,0,229,cube,4,3,0,5,0,0,63,45,,63,63,0
128,0,230,cube,4,3,0,6,0,0,82,45,,63,63,0
128,0,231,cube,4,3,0,7,0,0,73,45,,63,63,0
128,0,240,cube,6,3,0,0,0,23,152,27,,45,45,0
128,0,241,cube,6,3,0,1,0,21,146,27,,45,45,0
128,0,242,cube,6,3,0,2,0,24,153,27,,45,45,0
128,0,243,cube,6,3,0,3,0,18,133,27,,45,45,0
128,0,244,cube,6,3,0,4,0,19,150,27,,45,45,0
128,0,245,cube,6,3,0,5,0,18,145,27,,45,45,0
128,0,246,cube,6,3,0,6,0,19,149,27,,45,45,0
128,0,247,cube,6,3,0,7,0,21,141,27,,45,45,0
128,0,456,cube,1,7,0,0,0,0,17,60,,78,78,0
128,0,457,cube,1,7,0,1,0,0,14,60,,78,78,0
128,0,458,cube,1,7,0,2,0,0,14,60,,78,78,0
128,0,459,cube,1,7,0,3,0,0,15,60,,78,78,0
128,0,460,cube,1,7,0,4,0,0,18,60,,78,78,0
128,0,461,cube,1,7,0,5,0,0,19,60,,78,78,0
128,0,462,cube,1,7,0,6,0,0,13,60,,78,78,0
128,0,463,cube,1,7,0,7,0,0,17,60,,78,78,0
128,0,512,cube,0,0,1,0,0,32,158,24,,42,42,0
128,0,513,cube,0,0,1,1,0,34,155,24,,42,42,0
128,0,514,cube,0,0,1,2,0,33,164,24,,42,42,0
128,0,515,cube,0,0,1,3,0,39,153,24,,42,42,0
128,0,516,cube,0,0,1,4,0,28,152,24,,42,42,0
128,0,517,cube,0,0,1,5,0,32,162,24,,42,42,0
128,0,518,cube,0,0,1,6,0,29,169,24,,42,42,0
128,0,519,cube,0,0,1,7,0,30,159,24,,42,42,0
128,0,528,cube,2,0,1,0,0,38,175,23,,41,41,0
128,0,529,cube,2,0,1,1,0,38,171,23,,41,41,0
128,0,530,cube,2,0,1,2,0,34,163,23,,41,41,0
128,0,531,cube,2,0,1,3,0,41,170,23,,41,41,0
128,0,532,cube,2,0,1,4,0,27,153,23,,41,41,0
128,0,533,cube,2,0,1,5,0,37,161,23,,41,41,0
128,0,534,cube,2,0,1,6,0,40,164,23,,41,41,0
128,0,535,cube,2,0,1,7,0,36,160,23,,41,41,0
128,0,592,cube,2,1,1,0,0,20,137,26,,44,44,0
128,0,593,cube,2,1,1,1,0,31,171,26,,44,44,0
128,0,594,cube,2,1,1,2,0,26,163,26,,44,44,0
128,0,595,cube,2,1,1,3,0,26,158,26,,44,44,0
128,0,596,cube,2,1,1,4,0,20,147,26,,44,44,0
128,0,597,cube,2,1,1,5,0,21,150,26,,44,44,0
128,0,598,cube,2,1,1,6,0,29,155,26,,44,44,0
128,0,599,cube,2,1,1,7,0,24,154,26,,44,44,0
128,0,632,cube,7,1,1,0,0,27,148,26,,44,44,0
128,0,633,cube,7,1,1,1,0,25,165,26,,44,44,0
128,0,634,cube,7,1,1,2,0,22,145,26,,44,44,0
128,0,635,cube,7,1,1,3,0,30,148,26,,44,44,0
128,0,636,cube,7,1,1,4,0,19,145,26,,44,44,0
128,0,637,cube,7,1,1,5,0,23,153,26,,44,44,0
128,0,638,cube,7,1,1,6,0,24,170,26,,44,44,0
128,0,639,cube,7,1,1,7,0,22,142,26,,44,44,0
128,0,768,cube,0,4,1,0,0,20,142,28,,46,46,0
128,0,769,cube,0,4,1,1,0,17,137,28,,46,46,0
128,0,770,cube,0,4,1,2,0,14,145,28,,46,46,0
128,0,771,cube,0,4,1,3,0,17,141,28,,46,46,0
128,0,772,cube,0,4,1,4,0,11,143,28,,46,46,0
128,0,773,cube,0,4,1,5,0,18,135,28,,46,46,0
128,0,774,cube,0,4,1,6,0,12,134,28,,46,46,0
128,0,775,cube,0,4,1,7,0,14,147,28,,46,46,0
128,0,784,cube,2,4,1,0,0,16,146,28,,46,46,0
128,0,785,cube,2,4,1,1,0,16,137,28,,46,46,0
128,0,786,cube,2,4,1,2,0,17,133,28,,46,46,0
128,0,787,cube,2,4,1,3,0,16,131,28,,46,46,0
128,0,788,cube,2,4,1,4,0,11,138,28,,46,46,0
128,0,789,cube,2,4,1,5,0,14,144,28,,46,46,0
128,0,790,cube,2,4,1,6,0,17,133,28,,46,46,0
128,0,791,cube,2,4,1,7,0,16,135,28,,46,46,0
128,0,992,cube,4,7,1,0,0,54,186,19,,37,37,0
128,0,993,cube,4,7,1,1,0,56,192,19,,37,37,0
128,0,994,cube,4,7,1,2,0,41,171,19,,37,37,0
128,0,995,cube,4,7,1,3,0,49,182,19,,37,37,0
128,0,996,cube,4,7,1,4,0,50,179,19,,37,37,0
128,0,997,cube,4,7,1,5,0,68,210,19,,37,37,0
128,0,998,cube,4,7,1,6,0,53,194,19,,37,37,0
128,0,999,cube,4,7,1,7,0,54,186,19,,37,37,0
128,0,1072,cube,6,0,2,0,0,26,153,25,,43,43,0
128,0,1073,cube,6,0,2,1,0,24,155,25,,43,43,0
128,0,1074,cube,6,0,2,2,0,26,136,25,,43,43,0
128,0,1075,cube,6,0,2,3,0,27,156,25,,43,43,0
128,0,1076,cube,6,0,2,4,0,26,152,25,,43,43,0
128,0,1077,cube,6,0,2,5,0,28,141,25,,43,43,0
128,0,1078,cube,6,0,2,6,0,30,147,25,,43,43,0
128,0,1079,cube,6,0,2,7,0,21,148,25,,43,43,0
128,0,1320,cube,5,4,2,0,0,0,114,38,,56,56,0
128,0,1321,cube,5,4,2,1,0,0,102,38,,56,56,0
128,0,1322,cube,5,4,2,2,0,0,112,38,,56,56,0
128,0,1323,cube,5,4,2,3,0,0,110,38,,56,56,0
128,0,1324,cube,5,4,2,4,0,0,101,38,,56,56,0
128,0,1325,cube,5,4,2,5,0,0,107,38,,56,56,0
128,0,1326,cube,5,4,2,6,0,0,100,38,,56,56,0
128,0,1327,cube,5,4,2,7,0,0,98,38,,56,56,0
128,0,1336,cube,7,4,2,0,0,0,52,50,,68,68,0
128,0,1337,cube,7,4,2,1,0,0,50,50,,68,68,0
128,0,1338,cube,7,4,2,2,0,0,55,50,,68,68,0
128,0,1339,cube,7,4,2,3,0,0,50,50,,68,68,0
128,0,1340,cube,7,4,2,4,0,0,61,50,,68,68,0
128,0,1341,cube,7,4,2,5,0,0,49,50,,68,68,0
128,0,1342,cube,7,4,2,6,0,0,59,50,,68,68,0
128,0,1343,cube,7,4,2,7,0,0,52,50,,68,68,0
128,0,1344,cube,0,5,2,0,0,0,38,55,,73,73,0
128,0,1345,cube,0,5,2,1,0,0,39,55,,73,73,0
128,0,1346,cube,0,5,2,2,0,0,39,55,,73,73,0
128,0,1347,cube,0,5,2,3,0,0,37,55,,73,73,0
128,0,1348,cube,0,5,2,4,0,0,38,55,,73,73,0
128,0,1349,cube,0,5,2,5,0,0,30,55,,73,73,0
128,0,1350,cube,0,5,2,6,0,0,36,55,,73,73,0
128,0,1351,cube,0,5,2,7,0,0,38,55,,73,73,0
128,0,1352,cube,1,5,2,0,0,0,89,40,,58,58,0
128,0,1353,cube,1,5,2,1,0,0,92,40,,58,58,0
128,0,1354,cube,1,5,2,2,0,0,97,40,,58,58,0
128,0,1355,cube,1,5,2,3,0,0,100,40,,58,58,0
128,0,1356,cube,1,5,2,4,0,0,90,40,,58,58,0
128,0,1357,cube,1,5,2,5,0,0,84,40,,58,58,0
128,0,1358,cube,1,5,2,6,0,0,99,40,,58,58,0
128,0,1359,cube,1,5,2,7,0,0,99,40,,58,58,0
128,0,1368,cube,3,5,2,0,0,0,33,56,,74,74,0
128,0,1369,cube,3,5,2,1,0,0,34,56,,74,74,0
128,0,1370,cube,3,5,2,2,0,0,34,56,,74,74,0
128,0,1371,cube,3,5,2,3,0,0,31,56,,74,74,0
128,0,1372,cube,3,5,2,4,0,0,37,56,,74,74,0
128,0,1373,cube,3,5,2,5,0,0,43,56,,74,74,0
128,0,1374,cube,3,5,2,6,0,0,28,56,,74,74,0
128,0,1375,cube,3,5,2,7,0,0,33,56,,74,74,0
128,0,1392,cube,6,5,2,0,0,0,11,60,,79,79,1
128,0,1393,cube,6,5,2,1,0,0,12,60,,79,79,1
128,0,1394,cube,6,5,2,2,0,0,11,60,,79,79,1
128,0,1395,cube,6,5,2,3,0,0,15,60,,79,79,1
128,0,1396,cube,6,5,2,4,0,0,14,60,,79,79,1
128,0,1397,cube,6,5,2,5,0,0,13,60,,79,79,1
128,0,1398,cube,6,5,2,6,0,0,16,60,,79,79,1
128,0,1399,cube,6,5,2,7,0,0,14,60,,79,79,1
128,0,1472,cube,0,7,2,0,0,0,105,37,,55,55,0
128,0,1473,cube,0,7,2,1,0,0,103,37,,55,55,0
128,0,1474,cube,0,7,2,2,0,0,113,37,,55,55,0
128,0,1475,cube,0,7,2,3,0,0,108,37,,55,55,0
128,0,1476,cube,0,7,2,4,0,0,91,37,,55,55,0
128,0,1477,cube,0,7,2,5,0,0,111,37,,55,55,0
128,0,1478,cube,0,7,2,6,0,0,103,37,,55,55,0
128,0,1479,cube,0,7,2,7,0,0,113,37,,55,55,0
128,0,1600,cube,0,1,3,0,0,0,0,,,,,1
128,0,1601,cube,0,1,3,1,0,0,0,,,,,1
128,0,1602,cube,0,1,3,2,0,0,0,,,,,1
128,0,1603,cube,0,1,3,3,0,0,0,,,,,1
128,0,1604,cube,0,1,3,4,0,0,0,,,,,1
128,0,1605,cube,0,1,3,5,0,0,0,,,,,1
128,0,1606,cube,0,1,3,6,0,0,0,,,,,1
128,0,1607,cube,0,1,3,7,0,0,0,,,,,1
128,0,1632,cube,4,1,3,0,0,18,139,26,,44,44,0
128,0,1633,cube,4,1,3,1,0,27,151,26,,44,44,0
128,0,1634,cube,4,1,3,2,0,26,160,26,,44,44,0
128,0,1635,cube,4,1,3,3,0,21,145,26,,44,44,0
128,0,1636,cube,4,1,3,4,0,19,127,26,,44,44,0
128,0,1637,cube,4,1,3,5,0,24,167,26,,44,44,0
128,0,1638,cube,4,1,3,6,0,22,143,26,,44,44,0
128,0,1639,cube,4,1,3,7,0,24,146,26,,44,44,0
128,0,2128,cube,2,1,4,0,0,48,168,20,,39,39,1
128,0,2129,cube,2,1,4,1,0,47,193,20,,39,39,1
128,0,2130,cube,2,1,4,2,0,51,197,20,,39,39,1
128,0,2131,cube,2,1,4,3,0,53,193,20,,39,39,1
128,0,2132,cube,2,1,4,4,0,49,198,20,,39,39,1
128,0,2133,cube,2,1,4,5,0,47,172,20,,39,39,1
128,0,2134,cube,2,1,4,6,0,49,177,20,,39,39,1
128,0,2135,cube,2,1,4,7,0,47,180,20,,39,39,1
128,0,2152,cube,5,1,4,0,0,0,94,39,,57,57,0
128,0,2153,cube,5,1,4,1,0,0,93,39,,57,57,0
128,0,2154,cube,5,1,4,2,0,0,99,39,,57,57,0
128,0,2155,cube,5,1,4,3,0,0,97,39,,57,57,0
128,0,2156,cube,5,1,4,4,0,0,106,39,,57,57,0
128,0,2157,cube,5,1,4,5,0,0,90,39,,57,57,0
128,0,2158,cube,5,1,4,6,0,0,102,39,,57,57,0
128,0,2159,cube,5,1,4,7,0,0,87,39,,57,57,0
128,0,2216,cube,5,2,4,0,0,0,110,39,,57,57,0
128,0,2217,cube,5,2,4,1,0,0,100,39,,57,57,0
128,0,2218,cube,5,2,4,2,0,0,106,39,,57,57,0
128,0,2219,cube,5,2,4,3,0,0,97,39,,57,57,0
128,0,2220,cube,5,2,4,4,0,0,99,39,,57,57,0
128,0,2221,cube,5,2,4,5,0,0,92,39,,57,57,0
128,0,2222,cube,5,2,4,6,0,0,100,39,,57,57,0
128,0,2223,cube,5,2,4,7,0,0,100,39,,57,57,0
128,0,2304,cube,0,4,4,0,0,0,30,54,,72,72,0
128,0,2305,cube,0,4,4,1,0,0,39,54,,72,72,0
128,0,2306,cube,0,4,4,2,0,0,41,54,,72,72,0
128,0,2307,cube,0,4,4,3,0,0,39,54,,72,72,0
128,0,2308,cube,0,4,4,4,0,0,37,54,,72,72,0
128,0,2309,cube,0,4,4,5,0,0,40,54,,72,72,0
128,0,2310,cube,0,4,4,6,0,0,35,54,,72,72,0
128,0,2311,cube,0,4,4,7,0,0,33,54,,72,72,0
128,0,2320,cube,2,4,4,0,0,10,141,30,,48,48,0
128,0,2321,cube,2,4,4,1,0,7,126,30,,48,48,0
128,0,2322,cube,2,4,4,2,0,9,131,30,,48,48,0
128,0,2323,cube,2,4,4,3,0,10,125,30,,48,48,0
128,0,2324,cube,2,4,4,4,0,7,135,30,,48,48,0
128,0,2325,cube,2,4,4,5,0,6,143,30,,48,48,0
128,0,2326,cube,2,4,4,6,0,6,116,30,,48,48,0
128,0,2327,cube,2,4,4,7,0,12,138,30,,48,48,0
128,0,2344,cube,5,4,4,0,0,60,192,18,,36,36,0
128,0,2345,cube,5,4,4,1,0,59,198,18,,36,36,0
128,0,2346,cube,5,4,4,2,0,52,177,18,,36,36,0
128,0,2347,cube,5,4,4,3,0,62,197,18,,36,36,0
128,0,2348,cube,5,4,4,4,0,59,175,18,,36,36,0
128,0,2349,cube,5,4,4,5,0,56,186,18,,36,36,0
128,0,2350,cube,5,4,4,6,0,57,186,18,,36,36,0
128,0,2351,cube,5,4,4,7,0,58,178,18,,36,36,0
128,0,2592,cube,4,0,5,0,0,0,0,,,,,1
128,0,2593,cube,4,0,5,1,0,0,0,,,,,1
128,0,2594,cube,4,0,5,2,0,0,0,,,,,1
128,0,2595,cube,4,0,5,3,0,0,0,,,,,1
128,0,2596,cube,4,0,5,4,0,0,0,,,,,1
128,0,2597,cube,4,0,5,5,0,0,0,,,,,1
128,0,2598,cube,4,0,5,6,0,0,0,,,,,1
128,0,2599,cube,4,0,5,7,0,0,0,,,,,1
128,0,2688,cube,0,2,5,0,0,0,111,38,,56,56,0
128,0,2689,cube,0,2,5,1,0,0,96,38,,56,56,0
128,0,2690,cube,0,2,5,2,0,0,95,38,,56,56,0
128,0,2691,cube,0,2,5,3,0,0,110,38,,56,56,0
128,0,2692,cube,0,2,5,4,0,0,104,38,,56,56,0
128,0,2693,cube,0,2,5,5,0,0,108,38,,56,56,0
128,0,2694,cube,0,2,5,6,0,0,104,38,,56,56,0
128,0,2695,cube,0,2,5,7,0,0,120,38,,56,56,0
128,0,2816,cube,0,4,5,0,0,0,31,55,,73,73,0
128,0,2817,cube,0,4,5,1,0,0,34,55,,73,73,0
128,0,2818,cube,0,4,5,2,0,0,35,55,,73,73,0
128,0,2819,cube,0,4,5,3,0,0,41,55,,73,73,0
128,0,2820,cube,0,4,5,4,0,0,44,55,,73,73,0
128,0,2821,cube,0,4,5,5,0,0,33,55,,73,73,0
128,0,2822,cube,0,4,5,6,0,0,44,55,,73,73,0
128,0,2823,cube,0,4,5,7,0,0,40,55,,73,73,0
128,0,3027,cube,2,7,5,3,0,42,158,20,,38,38,0
128,0,3088,cube,2,0,6,0,0,31,164,23,,41,41,0
128,0,3089,cube,2,0,6,1,0,30,155,23,,41,41,0
128,0,3090,cube,2,0,6,2,0,29,161,23,,41,41,0
128,0,3091,cube,2,0,6,3,0,40,162,23,,41,41,0
128,0,3092,cube,2,0,6,4,0,35,164,23,,41,41,0
128,0,3093,cube,2,0,6,5,0,33,162,23,,41,41,0
128,0,3094,cube,2,0,6,6,0,31,164,23,,41,41,0
128,0,3095,cube,2,0,6,7,0,40,159,23,,41,41,0
128,0,3104,cube,4,0,6,0,0,0,48,51,,69,69,0
128,0,3105,cube,4,0,6,1,0,0,43,51,,69,69,0
128,0,3106,cube,4,0,6,2,0,0,55,51,,69,69,0
128,0,3107,cube,4,0,6,3,0,0,48,51,,69,69,0
128,0,3108,cube,4,0,6,4,0,0,58,51,,69,69,0
128,0,3109,cube,4,0,6,5,0,0,53,51,,69,69,0
128,0,3110,cube,4,0,6,6,0,0,41,51,,69,69,0
128,0,3111,cube,4,0,6,7,0,0,43,51,,69,69,0
128,0,3312,cube,6,3,6,0,0,0,0,,,,,1
128,0,3313,cube,6,3,6,1,0,0,0,,,,,1
128,0,3314,cube,6,3,6,2,0,0,0,,,,,1
128,0,3315,cube,6,3,6,3,0,0,0,,,,,1
128,0,3316,cube,6,3,6,4,0,0,0,,,,,1
128,0,3317,cube,6,3,6,5,0,0,0,,,,,1
128,0,3318,cube,6,3,6,6,0,0,0,,,,,1
128,0,3319,cube,6,3,6,7,0,0,0,,,,,1
128,0,3344,cube,2,4,6,0,0,0,126,33,,51,51,0
128,0,3345,cube,2,4,6,1,0,0,106,33,,51,51,0
128,0,3346,cube,2,4,6,2,0,0,117,33,,51,51,0
128,0,3347,cube,2,4,6,3,0,0,131,33,,51,51,0
128,0,3348,cube,2,4,6,4,0,0,135,33,,51,51,0
128,0,3349,cube,2,4,6,5,0,0,132,33,,51,51,0
128,0,3350,cube,2,4,6,6,0,0,118,33,,51,51,0
128,0,3351,cube,2,4,6,7,0,0,119,33,,51,51,0
128,0,3352,cube,3,4,6,0,0,0,0,,,,,1
128,0,3353,cube,3,4,6,1,0,0,0,,,,,1
128,0,3354,cube,3,4,6,2,0,0,0,,,,,1
128,0,3355,cube,3,4,6,3,0,0,0,,,,,1
128,0,3356,cube,3,4,6,4,0,0,0,,,,,1
128,0,3357,cube,3,4,6,5,0,0,0,,,,,1
128,0,3358,cube,3,4,6,6,0,0,0,,,,,1
128,0,3359,cube,3,4,6,7,0,0,0,,,,,1
128,0,3360,cube,4,4,6,0,0,32,174,23,,41,41,0
128,0,3361,cube,4,4,6,1,0,36,153,23,,41,41,0
128,0,3362,cube,4,4,6,2,0,27,171,23,,41,41,0
128,0,3363,cube,4,4,6,3,0,41,172,23,,41,41,0
128,0,3364,cube,4,4,6,4,0,32,155,23,,41,41,0
128,0,3365,cube,4,4,6,5,0,37,152,23,,41,41,0
128,0,3366,cube,4,4,6,6,0,39,171,23,,41,41,0
128,0,3367,cube,4,4,6,7,0,37,180,23,,41,41,0
128,0,3376,cube,6,4,6,0,0,0,117,34,,53,53,1
128,0,3377,cube,6,4,6,1,0,0,118,34,,53,53,1
128,0,3378,cube,6,4,6,2,0,0,121,34,,53,53,1
128,0,3379,cube,6,4,6,3,0,0,128,34,,53,53,1
128,0,3380,cube,6,4,6,4,0,0,119,34,,53,53,1
128,0,3381,cube,6,4,6,5,0,0,114,34,,53,53,1
128,0,3382,cube,6,4,6,6,0,0,105,34,,53,53,1
128,0,3383,cube,6,4,6,7,0,0,117,34,,53,53,1
128,0,3392,cube,0,5,6,0,0,0,123,33,,51,51,0
128,0,3393,cube,0,5,6,1,0,0,132,33,,51,51,0
128,0,3394,cube,0,5,6,2,0,0,131,33,,51,51,0
128,0,3395,cube,0,5,6,3,0,0,124,33,,51,51,0
128,0,3396,cube,0,5,6,4,0,0,133,33,,51,51,0
128,0,3397,cube,0,5,6,5,0,0,141,33,,51,51,0
128,0,3398,cube,0,5,6,6,0,0,120,33,,51,51,0
128,0,3399,cube,0,5,6,7,0,0,124,33,,51,51,0
128,0,3400,cube,1,5,6,0,0,0,98,38,,56,56,0
128,0,3401,cube,1,5,6,1,0,0,107,38,,56,56,0
128,0,3402,cube,1,5,6,2,0,0,108,38,,56,56,0
128,0,3403,cube,1,5,6,3,0,0,108,38,,56,56,0
128,0,3404,cube,1,5,6,4,0,0,104,38,,56,56,0
128,0,3405,cube,1,5,6,5,0,0,88,38,,56,56,0
128,0,3406,cube,1,5,6,6,0,0,101,38,,56,56,0
128,0,3407,cube,1,5,6,7,0,0,104,38,,56,56,0
128,0,3408,cube,2,5,6,0,0,0,45,53,,71,71,0
128,0,3409,cube,2,5,6,1,0,0,53,53,,71,71,0
128,0,3410,cube,2,5,6,2,0,0,51,53,,71,71,0
128,0,3411,cube,2,5,6,3,0,0,39,53,,71,71,0
128,0,3412,cube,2,5,6,4,0,0,36,53,,71,71,0
128,0,3413,cube,2,5,6,5,0,0,41,53,,71,71,0
128,0,3414,cube,2,5,6,6,0,0,48,53,,71,71,0
128,0,3415,cube,2,5,6,7,0,0,38,53,,71,71,0
128,0,3648,cube,0,1,7,0,0,5,138,31,,49,49,0
128,0,3649,cube,0,1,7,1,0,5,122,31,,49,49,0
128,0,3650,cube,0,1,7,2,0,5,145,31,,49,49,0
128,0,3651,cube,0,1,7,3,0,5,143,31,,49,49,0
128,0,3652,cube,0,1,7,4,0,5,123,31,,49,49,0
128,0,3653,cube,0,1,7,5,0,6,143,31,,49,49,0
128,0,3654,cube,0,1,7,6,0,4,130,31,,49,49,0
128,0,3655,cube,0,1,7,7,0,4,132,31,,49,49,0
128,0,3656,cube,1,1,7,0,0,0,89,41,,59,59,0
128,0,3657,cube,1,1,7,1,0,0,87,41,,59,59,0
128,0,3658,cube,1,1,7,2,0,0,99,41,,59,59,0
128,0,3659,cube,1,1,7,3,0,0,86,41,,59,59,0
128,0,3660,cube,1,1,7,4,0,0,93,41,,59,59,0
128,0,3661,cube,1,1,7,5,0,0,105,41,,59,59,0
128,0,3662,cube,1,1,7,6,0,0,83,41,,59,59,0
128,0,3663,cube,1,1,7,7,0,0,92,41,,59,59,0
128,0,3664,cube,2,1,7,0,0,9,144,30,,48,48,0
128,0,3665,cube,2,1,7,1,0,7,123,30,,48,48,0
128,0,3666,cube,2,1,7,2,0,8,124,30,,48,48,0
128,0,3667,cube,2,1,7,3,0,7,144,30,,48,48,0
128,0,3668,cube,2,1,7,4,0,7,131,30,,48,48,0
128,0,3669,cube,2,1,7,5,0,9,143,30,,48,48,0
128,0,3670,cube,2,1,7,6,0,5,135,30,,48,48,0
128,0,3671,cube,2,1,7,7,0,7,118,30,,48,48,0
128,0,3680,cube,4,1,7,0,0,24,153,26,,44,44,0
128,0,3681,cube,4,1,7,1,0,22,158,26,,44,44,0
128,0,3682,cube,4,1,7,2,0,22,163,26,,44,44,0
128,0,3683,cube,4,1,7,3,0,22,136,26,,44,44,0
128,0,3684,cube,4,1,7,4,0,21,150,26,,44,44,0
128,0,3685,cube,4,1,7,5,0,24,148,26,,44,44,0
128,0,3686,cube,4,1,7,6,0,25,145,26,,44,44,0
128,0,3687,cube,4,1,7,7,0,23,153,26,,44,44,0
128,0,3696,cube,6,1,7,0,0,0,96,41,,59,59,0
128,0,3697,cube,6,1,7,1,0,0,97,41,,59,59,0
128,0,3698,cube,6,1,7,2,0,0,105,41,,59,59,0
128,0,3699,cube,6,1,7,3,0,0,95,41,,59,59,0
128,0,3700,cube,6,1,7,4,0,0,100,41,,59,59,0
128,0,3701,cube,6,1,7,5,0,0,95,41,,59,59,0
128,0,3702,cube,6,1,7,6,0,0,98,41,,59,59,0
128,0,3703,cube,6,1,7,7,0,0,106,41,,59,59,0
128,0,3823,cube,5,3,7,7,1,60,180,15,120,33,33,0
128,0,3834,cube,7,3,7,2,1,59,182,15,125,33,33,0
128,0,3904,cube,0,5,7,0,0,0,89,40,,58,58,0
128,0,3905,cube,0,5,7,1,0,0,94,40,,58,58,0
128,0,3906,cube,0,5,7,2,0,0,100,40,,58,58,0
128,0,3907,cube,0,5,7,3,0,0,81,40,,58,58,0
128,0,3908,cube,0,5,7,4,0,0,110,40,,58,58,0
128,0,3909,cube,0,5,7,5,0,0,103,40,,58,58,0
128,0,3910,cube,0,5,7,6,0,0,89,40,,58,58,0
128,0,3911,cube,0,5,7,7,0,0,94,40,,58,58,0
128,0,3912,cube,1,5,7,0,0,49,166,22,,40,40,0
128,0,3913,cube,1,5,7,1,0,33,163,22,,40,40,0
128,0,3914,cube,1,5,7,2,0,43,175,22,,40,40,0
128,0,3915,cube,1,5,7,3,0,40,160,22,,40,40,0
128,0,3916,cube,1,5,7,4,0,35,175,22,,40,40,0
128,0,3917,cube,1,5,7,5,0,44,169,22,,40,40,0
128,0,3918,cube,1,5,7,6,0,40,174,22,,40,40,0
128,0,3919,cube,1,5,7,7,0,44,182,22,,40,40,0
128,0,3920,cube,2,5,7,0,0,47,181,20,,39,39,1
128,0,3921,cube,2,5,7,1,0,51,195,20,,39,39,1
128,0,3922,cube,2,5,7,2,0,54,178,20,,39,39,1
128,0,3923,cube,2,5,7,3,0,47,184,20,,39,39,1
128,0,3924,cube,2,5,7,4,0,47,183,20,,39,39,1
128,0,3925,cube,2,5,7,5,0,44,179,20,,39,39,1
128,0,3926,cube,2,5,7,6,0,47,180,20,,39,39,1
128,0,3927,cube,2,5,7,7,0,48,168,20,,39,39,1
128,0,3928,cube,3,5,7,0,0,0,0,,,,,1
128,0,3929,cube,3,5,7,1,0,0,0,,,,,1
128,0,3930,cube,3,5,7,2,0,0,0,,,,,1
128,0,3931,cube,3,5,7,3,0,0,0,,,,,1
128,0,3932,cube,3,5,7,4,0,0,0,,,,,1
128,0,3933,cube,3,5,7,5,0,0,0,,,,,1
128,0,3934,cube,3,5,7,6,0,0,0,,,,,1
128,0,3935,cube,3,5,7,7,0,0,0,,,,,1
128,1,40,cube,5,0,0,0,0,51,174,16,,34,34,0
128,1,41,cube,5,0,0,1,0,73,204,16,,34,34,0
128,1,42,cube,5,0,0,2,0,61,188,16,,34,34,0
128,1,43,cube,5,0,0,3,0,60,183,16,,34,34,0
128,1,44,cube,5,0,0,4,0,70,199,16,,34,34,0
128,1,45,cube,5,0,0,5,0,68,195,16,,34,34,0
128,1,46,cube,5,0,0,6,0,65,182,16,,34,34,0
128,1,47,cube,5,0,0,7,0,58,202,16,,34,34,0
128,1,280,cube,3,4,0,0,0,0,80,47,,65,65,0
128,1,281,cube,3,4,0,1,0,0,72,47,,65,65,0
128,1,282,cube,3,4,0,2,0,0,63,47,,65,65,0
128,1,283,cube,3,4,0,3,0,0,73,47,,65,65,0
128,1,284,cube,3,4,0,4,0,0,68,47,,65,65,0
128,1,285,cube,3,4,0,5,0,0,62,47,,65,65,0
128,1,286,cube,3,4,0,6,0,0,62,47,,65,65,0
128,1,287,cube,3,4,0,7,0,0,59,47,,65,65,0
128,1,304,cube,6,4,0,0,0,22,145,26,,44,44,0
128,1,305,cube,6,4,0,1,0,25,149,26,,44,44,0
128,1,306,cube,6,4,0,2,0,25,136,26,,44,44,0
128,1,307,cube,6,4,0,3,0,27,153,26,,44,44,0
128,1,308,cube,6,4,0,4,0,20,144,26,,44,44,0
128,1,309,cube,6,4,0,5,0,24,157,26,,44,44,0
128,1,310,cube,6,4,0,6,0,23,144,26,,44,44,0
128,1,311,cube,6,4,0,7,0,27,150,26,,44,44,0
128,1,320,cube,0,5,0,0,0,19,143,26,,45,45,1
128,1,321,cube,0,5,0,1,0,24,161,26,,45,45,1
128,1,322,cube,0,5,0,2,0,26,149,26,,45,45,1
128,1,323,cube,0,5,0,3,0,17,144,26,,45,45,1
128,1,324,cube,0,5,0,4,0,17,132,26,,45,45,1
128,1,325,cube,0,5,0,5,0,27,149,26,,45,45,1
128,1,326,cube,0,5,0,6,0,18,141,26,,45,45,1
128,1,327,cube,0,5,0,7,0,24,158,26,,45,45,1
128,1,360,cube,5,5,0,0,0,64,201,16,,34,34,0
128,1,361,cube,5,5,0,1,0,68,191,16,,34,34,0
128,1,362,cube,5,5,0,2,0,64,197,16,,34,34,0
128,1,363,cube,5,5,0,3,0,58,182,16,,34,34,0
128,1,364,cube,5,5,0,4,0,63,174,16,,34,34,0
128,1,365,cube,5,5,0,5,0,58,201,16,,34,34,0
128,1,366,cube,5,5,0,6,0,60,181,16,,34,34,0
128,1,367,cube,5,5,0,7,0,56,177,16,,34,34,0
128,1,560,cube,6,0,1,0,0,0,0,,,,,1
128,1,561,cube,6,0,1,1,0,0,0,,,,,1
128,1,562,cube,6,0,1,2,0,0,0,,,,,1
128,1,563,cube,6,0,1,3,0,0,0,,,,,1
128,1,564,cube,6,0,1,4,0,0,0,,,,,1
128,1,565,cube,6,0,1,5,0,0,0,,,,,1
128,1,566,cube,6,0,1,6,0,0,0,,,,,1
128,1,567,cube,6,0,1,7,0,0,0,,,,,1
128,1,608,cube,4,1,1,0,0,43,175,22,,40,40,0
128,1,609,cube,4,1,1,1,0,37,161,22,,40,40,0
128,1,610,cube,4,1,1,2,0,36,176,22,,40,40,0
128,1,611,cube,4,1,1,3,0,42,176,22,,40,40,0
128,1,612,cube,4,1,1,4,0,34,161,22,,40,40,0
128,1,613,cube,4,1,1,5,0,43,176,22,,40,40,0
128,1,614,cube,4,1,1,6,0,38,163,22,,40,40,0
128,1,615,cube,4,1,1,7,0,39,175,22,,40,40,0
128,1,624,cube,6,1,1,0,0,40,180,23,,41,41,0
128,1,625,cube,6,1,1,1,0,34,173,23,,41,41,0
128,1,626,cube,6,1,1,2,0,31,174,23,,41,41,0
128,1,627,cube,6,1,1,3,0,33,164,23,,41,41,0
128,1,628,cube,6,1,1,4,0,40,163,23,,41,41,0
128,1,629,cube,6,1,1,5,0,37,160,23,,41,41,0
128,1,630,cube,6,1,1,6,0,37,164,23,,41,41,0
128,1,631,cube,6,1,1,7,0,36,149,23,,41,41,0
128,1,672,cube,4,2,1,0,0,0,109,39,,57,57,0
128,1,673,cube,4,2,1,1,0,0,93,39,,57,57,0
128,1,674,cube,4,2,1,2,0,0,101,39,,57,57,0
128,1,675,cube,4,2,1,3,0,0,116,39,,57,57,0
128,1,676,cube,4,2,1,4,0,0,101,39,,57,57,0
128,1,677,cube,4,2,1,5,0,0,100,39,,57,57,0
128,1,678,cube,4,2,1,6,0,0,92,39,,57,57,0
128,1,679,cube,4,2,1,7,0,0,111,39,,57,57,0
128,1,688,cube,6,2,1,0,0,33,159,24,,42,42,0
128,1,689,cube,6,2,1,1,0,35,165,24,,42,42,0
128,1,690,cube,6,2,1,2,0,30,164,24,,42,42,0
128,1,691,cube,6,2,1,3,0,37,158,24,,42,42,0
128,1,692,cube,6,2,1,4,0,24,154,24,,42,42,0
128,1,693,cube,6,2,1,5,0,32,158,24,,42,42,0
128,1,694,cube,6,2,1,6,0,30,166,24,,42,42,0
128,1,695,cube,6,2,1,7,0,31,152,24,,42,42,0
128,1,736,cube,4,3,1,0,0,0,102,36,,54,54,0
128,1,737,cube,4,3,1,1,0,0,116,36,,54,54,0
128,1,738,cube,4,3,1,2,0,0,112,36,,54,54,0
128,1,739,cube,4,3,1,3,0,0,119,36,,54,54,0
128,1,740,cube,4,3,1,4,0,0,117,36,,54,54,0
128,1,741,cube,4,3,1,5,0,0,113,36,,54,54,0
128,1,742,cube,4,3,1,6,0,0,103,36,,54,54,0
128,1,743,cube,4,3,1,7,0,0,118,36,,54,54,0
128,1,784,cube,2,4,1,0,0,0,106,39,,57,57,0
128,1,785,cube,2,4,1,1,0,0,89,39,,57,57,0
128,1,786,cube,2,4,1,2,0,0,118,39,,57,57,0
128,1,787,cube,2,4,1,3,0,0,90,39,,57,57,0
128,1,788,cube,2,4,1,4,0,0,85,39,,57,57,0
128,1,789,cube,2,4,1,5,0,0,102,39,,57,57,0
128,1,790,cube,2,4,1,6,0,0,96,39,,57,57,0
128,1,791,cube,2,4,1,7,0,0,95,39,,57,57,0
128,1,800,cube,4,4,1,0,0,49,171,21,,39,39,0
128,1,801,cube,4,4,1,1,0,40,171,21,,39,39,0
128,1,802,cube,4,4,1,2,0,43,172,21,,39,39,0
128,1,803,cube,4,4,1,3,0,46,177,21,,39,39,0
128,1,804,cube,4,4,1,4,0,48,163,21,,39,39,0
128,1,805,cube,4,4,1,5,0,44,160,21,,39,39,0
128,1,806,cube,4,4,1,6,0,46,172,21,,39,39,0
128,1,807,cube,4,4,1,7,0,50,172,21,,39,39,0
128,1,888,cube,7,5,1,0,0,0,125,35,,53,53,0
128,1,889,cube,7,5,1,1,0,0,111,35,,53,53,0
128,1,890,cube,7,5,1,2,0,0,113,35,,53,53,0
128,1,891,cube,7,5,1,3,0,0,108,35,,53,53,0
128,1,892,cube,7,5,1,4,0,0,114,35,,53,53,0
128,1,893,cube,7,5,1,5,0,0,123,35,,53,53,0
128,1,894,cube,7,5,1,6,0,0,126,35,,53,53,0
128,1,895,cube,7,5,1,7,0,0,102,35,,53,53,0
128,1,914,cube,2,6,1,2,0,49,186,18,,36,36,0
128,1,916,cube,2,6,1,4,0,53,160,18,,36,36,0
128,1,992,cube,4,7,1,0,0,5,133,30,,48,48,0
128,1,993,cube,4,7,1,1,0,5,132,30,,48,48,0
128,1,994,cube,4,7,1,2,0,10,146,30,,48,48,0
128,1,995,cube,4,7,1,3,0,3,144,30,,48,48,0
128,1,996,cube,4,7,1,4,0,9,123,30,,48,48,0
128,1,997,cube,4,7,1,5,0,8,135,30,,48,48,0
128,1,998,cube,4,7,1,6,0,9,148,30,,48,48,0
128,1,999,cube,4,7,1,7,0,7,148,30,,48,48,0
128,1,1056,cube,4,0,2,0,0,0,0,,,,,1
128,1,1057,cube,4,0,2,1,0,0,0,,,,,1
128,1,1058,cube,4,0,2,2,0,0,0,,,,,1
128,1,1059,cube,4,0,2,3,0,0,0,,,,,1
128,1,1060,cube,4,0,2,4,0,0,0,,,,,1
128,1,1061,cube,4,0,2,5,0,0,0,,,,,1
128,1,1062,cube,4,0,2,6,0,0,0,,,,,1
128,1,1063,cube,4,0,2,7,0,0,0,,,,,1
128,1,1400,cube,7,5,2,0,0,0,116,36,,54,54,0
128,1,1401,cube,7,5,2,1,0,0,96,36,,54,54,0
128,1,1402,cube,7,5,2,2,0,0,118,36,,54,54,0
128,1,1403,cube,7,5,2,3,0,0,105,36,,54,54,0
128,1,1404,cube,7,5,2,4,0,0,113,36,,54,54,0
128,1,1405,cube,7,5,2,5,0,0,102,36,,54,54,0
128,1,1406,cube,7,5,2,6,0,0,104,36,,54,54,0
128,1,1407,cube,7,5,2,7,0,0,111,36,,54,54,0
128,1,1536,cube,0,0,3,0,0,0,40,52,,70,70,0
128,1,1537,cube,0,0,3,1,0,0,45,52,,70,70,0
128,1,1538,cube,0,0,3,2,0,0,49,52,,70,70,0
128,1,1539,cube,0,0,3,3,0,0,46,52,,70,70,0
128,1,1540,cube,0,0,3,4,0,0,45,52,,70,70,0
128,1,1541,cube,0,0,3,5,0,0,44,52,,70,70,0
128,1,1542,cube,0,0,3,6,0,0,42,52,,70,70,0
128,1,1543,cube,0,0,3,7,0,0,51,52,,70,70,0
128,1,1576,cube,5,0,3,0,0,0,10,61,,80,80,1
128,1,1577,cube,5,0,3,1,0,0,10,61,,80,80,1
128,1,1578,cube,5,0,3,2,0,0,11,61,,80,80,1
128,1,1579,cube,5,0,3,3,0,0,12,61,,80,80,1
128,1,1580,cube,5,0,3,4,0,0,8,61,,80,80,1
128,1,1581,cube,5,0,3,5,0,0,9,61,,80,80,1
128,1,1582,cube,5,0,3,6,0,0,11,61,,80,80,1
128,1,1583,cube,5,0,3,7,0,0,13,61,,80,80,1
128,1,1760,cube,4,3,3,0,0,0,99,40,,58,58,0
128,1,1761,cube,4,3,3,1,0,0,92,40,,58,58,0
128,1,1762,cube,4,3,3,2,0,0,107,40,,58,58,0
128,1,1763,cube,4,3,3,3,0,0,97,40,,58,58,0
128,1,1764,cube,4,3,3,4,0,0,97,40,,58,58,0
128,1,1765,cube,4,3,3,5,0,0,92,40,,58,58,0
128,1,1766,cube,4,3,3,6,0,0,110,40,,58,58,0
128,1,1767,cube,4,3,3,7,0,0,101,40,,58,58,0
128,1,1768,cube,5,3,3,0,0,0,82,44,,62,62,0
128,1,1769,cube,5,3,3,1,0,0,83,44,,62,62,0
128,1,1770,cube,5,3,3,2,0,0,91,44,,62,62,0
128,1,1771,cube,5,3,3,3,0,0,79,44,,62,62,0
128,1,1772,cube,5,3,3,4,0,0,92,44,,62,62,0
128,1,1773,cube,5,3,3,5,0,0,79,44,,62,62,0
128,1,1774,cube,5,3,3,6,0,0,87,44,,62,62,0
128,1,1775,cube,5,3,3,7,0,0,74,44,,62,62,0
128,1,1784,cube,7,3,3,0,0,0,68,46,,64,64,0
128,1,1785,cube,7,3,3,1,0,0,63,46,,64,64,0
128,1,1788,cube,7,3,3,4,0,0,77,46,,64,64,0
128,1,1790,cube,7,3,3,6,0,0,70,46,,64,64,0
128,1,1792,cube,0,4,3,0,0,0,82,41,,59,59,0
128,1,1793,cube,0,4,3,1,0,0,84,41,,59,59,0
128,1,1794,cube,0,4,3,2,0,0,88,41,,59,59,0
128,1,1795,cube,0,4,3,3,0,0,94,41,,59,59,0
128,1,1796,cube,0,4,3,4,0,0,99,41,,59,59,0
128,1,1797,cube,0,4,3,5,0,0,91,41,,59,59,0
128,1,1798,cube,0,4,3,6,0,0,86,41,,59,59,0
128,1,1799,cube,0,4,3,7,0,0,90,41,,59,59,0
128,1,1816,cube,3,4,3,0,0,0,109,37,,55,55,0
128,1,1817,cube,3,4,3,1,0,0,113,37,,55,55,0
128,1,1818,cube,3,4,3,2,0,0,118,37,,55,55,0
128,1,1819,cube,3,4,3,3,0,0,121,37,,55,55,0
128,1,1820,cube,3,4,3,4,0,0,105,37,,55,55,0
128,1,1821,cube,3,4,3,5,0,0,105,37,,55,55,0
128,1,1822,cube,3,4,3,6,0,0,110,37,,55,55,0
128,1,1823,cube,3,4,3,7,0,0,113,37,,55,55,0
128,1,1824,cube,4,4,3,0,0,0,95,41,,59,59,0
128,1,1825,cube,4,4,3,1,0,0,81,41,,59,59,0
128,1,1826,cube,4,4,3,2,0,0,74,41,,59,59,0
128,1,1827,cube,4,4,3,3,0,0,99,41,,59,59,0
128,1,1828,cube,4,4,3,4,0,0,89,41,,59,59,0
128,1,1829,cube,4,4,3,5,0,0,96,41,,59,59,0
128,1,1830,cube,4,4,3,6,0,0,106,41,,59,59,0
128,1,1831,cube,4,4,3,7,0,0,91,41,,59,59,0
128,1,1944,cube,3,6,3,0,0,0,84,40,,58,58,0
128,1,1945,cube,3,6,3,1,0,0,96,40,,58,58,0
128,1,1946,cube,3,6,3,2,0,0,100,40,,58,58,0
128,1,1947,cube,3,6,3,3,0,0,100,40,,58,58,0
128,1,1948,cube,3,6,3,4,0,0,102,40,,58,58,0
128,1,1949,cube,3,6,3,5,0,0,100,40,,58,58,0
128,1,1950,cube,3,6,3,6,0,0,82,40,,58,58,0
128,1,1951,cube,3,6,3,7,0,0,102,40,,58,58,0
128,1,1952,cube,4,6,3,0,0,0,104,39,,57,57,0
128,1,1953,cube,4,6,3,1,0,0,115,39,,57,57,0
128,1,1954,cube,4,6,3,2,0,0,92,39,,57,57,0
128,1,1955,cube,4,6,3,3,0,0,99,39,,57,57,0
128,1,1956,cube,4,6,3,4,0,0,97,39,,57,57,0
128,1,1957,cube,4,6,3,5,0,0,100,39,,57,57,0
128,1,1958,cube,4,6,3,6,0,0,125,39,,57,57,0
128,1,1959,cube,4,6,3,7,0,0,101,39,,57,57,0
128,1,1960,cube,5,6,3,0,0,6,144,30,,48,48,0
128,1,1961,cube,5,6,3,1,0,10,138,30,,48,48,0
128,1,1962,cube,5,6,3,2,0,13,144,30,,48,48,0
128,1,1963,cube,5,6,3,3,0,10,134,30,,48,48,0
128,1,1964,cube,5,6,3,4,0,9,139,30,,48,48,0
128,1,1965,cube,5,6,3,5,0,8,132,30,,48,48,0
128,1,1966,cube,5,6,3,6,0,8,135,30,,48,48,0
128,1,1967,cube,5,6,3,7,0,5,130,30,,48,48,0
128,1,2008,cube,3,7,3,0,0,48,170,19,,37,37,0
128,1,2009,cube,3,7,3,1,0,54,189,19,,37,37,0
128,1,2010,cube,3,7,3,2,0,52,181,19,,37,37,0
128,1,2011,cube,3,7,3,3,0,52,194,19,,37,37,0
128,1,2012,cube,3,7,3,4,0,41,175,19,,37,37,0
128,1,2013,cube,3,7,3,5,0,57,186,19,,37,37,0
128,1,2014,cube,3,7,3,6,0,51,174,19,,37,37,0
128,1,2015,cube,3,7,3,7,0,42,172,19,,37,37,0
128,1,2224,cube,6,2,4,0,0,25,170,24,,42,42,0
128,1,2225,cube,6,2,4,1,0,30,149,24,,42,42,0
128,1,2226,cube,6,2,4,2,0,36,168,24,,42,42,0
128,1,2227,cube,6,2,4,3,0,28,146,24,,42,42,0
128,1,2228,cube,6,2,4,4,0,28,155,24,,42,42,0
128,1,2229,cube,6,2,4,5,0,32,153,24,,42,42,0
128,1,2230,cube,6,2,4,6,0,32,162,24,,42,42,0
128,1,2231,cube,6,2,4,7,0,33,160,24,,42,42,0
128,1,2280,cube,5,3,4,0,0,23,146,27,,45,45,0
128,1,2281,cube,5,3,4,1,0,17,142,27,,45,45,0
128,1,2282,cube,5,3,4,2,0,11,138,27,,45,45,0
128,1,2283,cube,5,3,4,3,0,21,168,27,,45,45,0
128,1,2284,cube,5,3,4,4,0,24,141,27,,45,45,0
128,1,2285,cube,5,3,4,5,0,18,159,27,,45,45,0
128,1,2286,cube,5,3,4,6,0,21,154,27,,45,45,0
128,1,2287,cube,5,3,4,7,0,11,142,27,,45,45,0
128,1,2408,cube,5,5,4,0,0,13,138,28,,46,46,0
128,1,2409,cube,5,5,4,1,0,17,140,28,,46,46,0
128,1,2410,cube,5,5,4,2,0,16,135,28,,46,46,0
128,1,2411,cube,5,5,4,3,0,20,147,28,,46,46,0
128,1,2412,cube,5,5,4,4,0,14,141,28,,46,46,0
128,1,2413,cube,5,5,4,5,0,15,159,28,,46,46,0
128,1,2414,cube,5,5,4,6,0,15,143,28,,46,46,0
128,1,2415,cube,5,5,4,7,0,16,144,28,,46,46,0
128,1,2520,cube,3,7,4,0,0,16,157,29,,47,47,0
128,1,2521,cube,3,7,4,1,0,11,145,29,,47,47,0
128,1,2522,cube,3,7,4,2,0,11,129,29,,47,47,0
128,1,2523,cube,3,7,4,3,0,17,138,29,,47,47,0
128,1,2524,cube,3,7,4,4,0,11,123,29,,47,47,0
128,1,2525,cube,3,7,4,5,0,11,141,29,,47,47,0
128,1,2526,cube,3,7,4,6,0,8,140,29,,47,47,0
128,1,2527,cube,3,7,4,7,0,11,143,29,,47,47,0
128,1,2536,cube,5,7,4,0,0,68,193,16,,34,34,0
128,1,2537,cube,5,7,4,1,0,67,192,16,,34,34,0
128,1,2538,cube,5,7,4,2,0,58,177,16,,34,34,0
128,1,2539,cube,5,7,4,3,0,68,181,16,,34,34,0
128,1,2540,cube,5,7,4,4,0,66,194,16,,34,34,0
128,1,2541,cube,5,7,4,5,0,70,185,16,,34,34,0
128,1,2542,cube,5,7,4,6,0,61,190,16,,34,34,0
128,1,2543,cube,5,7,4,7,0,68,195,16,,34,34,0
128,1,2544,cube,6,7,4,0,0,0,0,,,,,1
128,1,2545,cube,6,7,4,1,0,0,0,,,,,1
128,1,2546,cube,6,7,4,2,0,0,0,,,,,1
128,1,2547,cube,6,7,4,3,0,0,0,,,,,1
128,1,2548,cube,6,7,4,4,0,0,0,,,,,1
128,1,2549,cube,6,7,4,5,0,0,0,,,,,1
128,1,2550,cube,6,7,4,6,0,0,0,,,,,1
128,1,2551,cube,6,7,4,7,0,0,0,,,,,1
128,1,2560,cube,0,0,5,0,0,0,106,37,,55,55,0
128,1,2561,cube,0,0,5,1,0,0,108,37,,55,55,0
128,1,2562,cube,0,0,5,2,0,0,101,37,,55,55,0
128,1,2563,cube,0,0,5,3,0,0,113,37,,55,55,0
128,1,2564,cube,0,0,5,4,0,0,113,37,,55,55,0
128,1,2565,cube,0,0,5,5,0,0,103,37,,55,55,0
128,1,2566,cube,0,0,5,6,0,0,126,37,,55,55,0
128,1,2567,cube,0,0,5,7,0,0,110,37,,55,55,0
128,1,2592,cube,4,0,5,0,0,11,137,28,,46,46,0
128,1,2593,cube,4,0,5,1,0,12,146,28,,46,46,0
128,1,2594,cube,4,0,5,2,0,16,138,28,,46,46,0
128,1,2595,cube,4,0,5,3,0,15,136,28,,46,46,0
128,1,2596,cube,4,0,5,4,0,15,131,28,,46,46,0
128,1,2597,cube,4,0,5,5,0,19,162,28,,46,46,0
128,1,2598,cube,4,0,5,6,0,14,160,28,,46,46,0
128,1,2599,cube,4,0,5,7,0,15,148,28,,46,46,0
128,1,2608,cube,6,0,5,0,0,39,174,23,,41,41,0
128,1,2609,cube,6,0,5,1,0,33,163,23,,41,41,0
128,1,2610,cube,6,0,5,2,0,33,143,23,,41,41,0
128,1,2611,cube,6,0,5,3,0,42,166,23,,41,41,0
128,1,2612,cube,6,0,5,4,0,37,165,23,,41,41,0
128,1,2613,cube,6,0,5,5,0,35,171,23,,41,41,0
128,1,2614,cube,6,0,5,6,0,36,170,23,,41,41,0
128,1,2615,cube,6,0,5,7,0,43,164,23,,41,41,0
128,1,2616,cube,7,0,5,0,0,0,0,,,,,1
128,1,2617,cube,7,0,5,1,0,0,0,,,,,1
128,1,2618,cube,7,0,5,2,0,0,0,,,,,1
128,1,2619,cube,7,0,5,3,0,0,0,,,,,1
128,1,2620,cube,7,0,5,4,0,0,0,,,,,1
128,1,2621,cube,7,0,5,5,0,0,0,,,,,1
128,1,2622,cube,7,0,5,6,0,0,0,,,,,1
128,1,2623,cube,7,0,5,7,0,0,0,,,,,1
128,1,2840,cube,3,4,5,0,0,59,183,17,,36,36,1
128,1,2841,cube,3,4,5,1,0,55,186,17,,36,36,1
128,1,2842,cube,3,4,5,2,0,60,189,17,,36,36,1
128,1,2843,cube,3,4,5,3,0,61,195,17,,36,36,1
128,1,2844,cube,3,4,5,4,0,64,197,17,,36,36,1
128,1,2845,cube,3,4,5,5,0,61,181,17,,36,36,1
128,1,2846,cube,3,4,5,6,0,54,163,17,,36,36,1
128,1,2847,cube,3,4,5,7,0,56,175,17,,36,36,1
128,1,2864,cube,6,4,5,0,0,40,171,23,,41,41,0
128,1,2865,cube,6,4,5,1,0,37,162,23,,41,41,0
128,1,2866,cube,6,4,5,2,0,33,161,23,,41,41,0
128,1,2867,cube,6,4,5,3,0,35,170,23,,41,41,0
128,1,2868,cube,6,4,5,4,0,33,171,23,,41,41,0
128,1,2869,cube,6,4,5,5,0,34,155,23,,41,41,0
128,1,2870,cube,6,4,5,6,0,36,157,23,,41,41,0
128,1,2871,cube,6,4,5,7,0,0,124,35,,53,53,0
128,1,2872,cube,7,4,5,0,0,0,122,35,,53,53,0
128,1,2873,cube,7,4,5,1,0,0,117,35,,53,53,0
128,1,2874,cube,7,4,5,2,0,0,96,35,,53,53,0
128,1,2875,cube,7,4,5,3,0,0,126,35,,53,53,0
128,1,2876,cube,7,4,5,4,0,0,110,35,,53,53,0
128,1,2877,cube,7,4,5,5,0,0,114,35,,53,53,0
128,1,2878,cube,7,4,5,6,0,0,113,35,,53,53,0
128,1,2879,cube,7,4,5,7,0,0,98,35,,53,53,0
128,1,2944,cube,0,6,5,0,0,42,156,22,,40,40,0
128,1,2945,cube,0,6,5,1,0,34,169,22,,40,40,0
128,1,2946,cube,0,6,5,2,0,35,170,22,,40,40,0
128,1,2947,cube,0,6,5,3,0,41,169,22,,40,40,0
128,1,2948,cube,0,6,5,4,0,34,161,22,,40,40,0
128,1,2949,cube,0,6,5,5,0,41,175,22,,40,40,0
128,1,2950,cube,0,6,5,6,0,40,177,22,,40,40,0
128,1,2951,cube,0,6,5,7,0,40,163,22,,40,40,0
128,1,2984,cube,5,6,5,0,0,0,0,,,,,1
128,1,2985,cube,5,6,5,1,0,0,0,,,,,1
128,1,2986,cube,5,6,5,2,0,0,0,,,,,1
128,1,2987,cube,5,6,5,3,0,0,0,,,,,1
128,1,2988,cube,5,6,5,4,0,0,0,,,,,1
128,1,2989,cube,5,6,5,5,0,0,0,,,,,1
128,1,2990,cube,5,6,5,6,0,0,0,,,,,1
128,1,2991,cube,5,6,5,7,0,0,0,,,,,1
128,1,3040,cube,4,7,5,0,0,54,171,18,,36,36,0
128,1,3041,cube,4,7,5,1,0,53,184,18,,36,36,0
128,1,3042,cube,4,7,5,2,0,53,179,18,,36,36,0
128,1,3043,cube,4,7,5,3,0,53,181,18,,36,36,0
128,1,3044,cube,4,7,5,4,0,56,195,18,,36,36,0
128,1,3045,cube,4,7,5,5,0,55,169,18,,36,36,0
128,1,3046,cube,4,7,5,6,0,56,186,18,,36,36,0
128,1,3047,cube,4,7,5,7,0,56,172,18,,36,36,0
128,1,3056,cube,6,7,5,0,0,56,175,18,,36,36,0
128,1,3057,cube,6,7,5,1,0,51,184,18,,36,36,0
128,1,3058,cube,6,7,5,2,0,55,181,18,,36,36,0
128,1,3059,cube,6,7,5,3,0,58,186,18,,36,36,0
128,1,3060,cube,6,7,5,4,0,65,188,18,,36,36,0
128,1,3061,cube,6,7,5,5,0,66,194,18,,36,36,0
128,1,3062,cube,6,7,5,6,0,57,187,18,,36,36,0
128,1,3063,cube,6,7,5,7,0,57,192,18,,36,36,0
128,1,3168,cube,4,1,6,0,0,47,178,21,,39,39,0
128,1,3169,cube,4,1,6,1,0,54,175,21,,39,39,0
128,1,3170,cube,4,1,6,2,0,51,173,21,,39,39,0
128,1,3171,cube,4,1,6,3,0,45,176,21,,39,39,0
128,1,3172,cube,4,1,6,4,0,42,177,21,,39,39,0
128,1,3173,cube,4,1,6,5,0,40,146,21,,39,39,0
128,1,3174,cube,4,1,6,6,0,42,157,21,,39,39,0
128,1,3175,cube,4,1,6,7,0,40,180,21,,39,39,0
128,1,3352,cube,3,4,6,0,0,0,0,,,,,1
128,1,3353,cube,3,4,6,1,0,0,0,,,,,1
128,1,3354,cube,3,4,6,2,0,0,0,,,,,1
128,1,3355,cube,3,4,6,3,0,0,0,,,,,1
128,1,3356,cube,3,4,6,4,0,0,0,,,,,1
128,1,3357,cube,3,4,6,5,0,0,0,,,,,1
128,1,3358,cube,3,4,6,6,0,0,0,,,,,1
128,1,3359,cube,3,4,6,7,0,0,0,,,,,1
128,1,3432,cube,5,5,6,0,0,70,211,16,,34,34,0
128,1,3433,cube,5,5,6,1,0,61,178,16,,34,34,0
128,1,3434,cube,5,5,6,2,0,66,182,16,,34,34,0
128,1,3435,cube,5,5,6,3,0,72,206,16,,34,34,0
128,1,3436,cube,5,5,6,4,0,66,185,16,,34,34,0
128,1,3437,cube,5,5,6,5,0,69,199,16,,34,34,0
128,1,3438,cube,5,5,6,6,0,64,183,16,,34,34,0
128,1,3439,cube,5,5,6,7,0,57,186,16,,34,34,0
128,1,3728,cube,2,2,7,0,0,45,187,19,,37,37,0
128,1,3729,cube,2,2,7,1,0,38,164,19,,37,37,0
128,1,3730,cube,2,2,7,2,0,56,180,19,,37,37,0
128,1,3731,cube,2,2,7,3,0,51,172,19,,37,37,0
128,1,3732,cube,2,2,7,4,0,50,179,19,,37,37,0
128,1,3733,cube,2,2,7,5,0,52,184,19,,37,37,0
128,1,3734,cube,2,2,7,6,0,61,196,19,,37,37,0
128,1,3735,cube,2,2,7,7,0,54,182,19,,37,37,0
128,1,3760,cube,6,2,7,0,0,34,148,24,,42,42,0
128,1,3761,cube,6,2,7,1,0,29,169,24,,42,42,0
128,1,3762,cube,6,2,7,2,0,33,164,24,,42,42,0
128,1,3763,cube,6,2,7,3,0,28,144,24,,42,42,0
128,1,3764,cube,6,2,7,4,0,35,164,24,,42,42,0
128,1,3765,cube,6,2,7,5,0,31,160,24,,42,42,0
128,1,3766,cube,6,2,7,6,0,36,165,24,,42,42,0
128,1,3767,cube,6,2,7,7,0,35,169,24,,42,42,0
128,1,3968,cube,0,6,7,0,0,30,146,25,,43,43,0
128,1,3969,cube,0,6,7,1,0,28,157,25,,43,43,0
128,1,3970,cube,0,6,7,2,0,21,157,25,,43,43,0
128,1,3971,cube,0,6,7,3,0,26,157,25,,43,43,0
128,1,3972,cube,0,6,7,4,0,24,153,25,,43,43,0
128,1,3973,cube,0,6,7,5,0,26,156,25,,43,43,0
128,1,3974,cube,0,6,7,6,0,31,162,25,,43,43,0
128,1,3975,cube,0,6,7,7,0,33,168,25,,43,43,0
128,2,16,cube,2,0,0,0,0,35,159,23,,41,41,0
128,2,17,cube,2,0,0,1,0,35,155,23,,41,41,0
128,2,18,cube,2,0,0,2,0,42,171,23,,41,41,0
128,2,19,cube,2,0,0,3,0,31,160,23,,41,41,0
128,2,20,cube,2,0,0,4,0,32,150,23,,41,41,0
128,2,21,cube,2,0,0,5,0,40,165,23,,41,41,0
128,2,22,cube,2,0,0,6,0,32,171,23,,41,41,0
128,2,23,cube,2,0,0,7,0,32,168,23,,41,41,0
128,2,24,cube,3,0,0,0,0,0,68,46,,64,64,0
128,2,25,cube,3,0,0,1,0,0,71,46,,64,64,0
128,2,26,cube,3,0,0,2,0,0,64,46,,64,64,0
128,2,27,cube,3,0,0,3,0,0,71,46,,64,64,0
128,2,28,cube,3,0,0,4,0,0,82,46,,64,64,0
128,2,29,cube,3,0,0,5,0,0,88,46,,64,64,0
128,2,30,cube,3,0,0,6,0,0,69,46,,64,64,0
128,2,31,cube,3,0,0,7,0,0,69,46,,64,64,0
128,2,40,cube,5,0,0,0,0,53,176,21,,39,39,0
128,2,41,cube,5,0,0,1,0,50,180,21,,39,39,0
128,2,42,cube,5,0,0,2,0,52,158,21,,39,39,0
128,2,43,cube,5,0,0,3,0,38,173,21,,39,39,0
128,2,44,cube,5,0,0,4,0,56,197,21,,39,39,0
128,2,45,cube,5,0,0,5,0,46,176,21,,39,39,0
128,2,46,cube,5,0,0,6,0,36,166,21,,39,39,0
128,2,47,cube,5,0,0,7,0,51,170,21,,39,39,0
128,2,56,cube,7,0,0,0,0,57,172,17,,36,36,1
128,2,57,cube,7,0,0,1,0,59,189,17,,36,36,1
128,2,58,cube,7,0,0,2,0,47,174,17,,36,36,1
128,2,59,cube,7,0,0,3,0,51,173,17,,36,36,1
128,2,60,cube,7,0,0,4,0,60,193,17,,36,36,1
128,2,61,cube,7,0,0,5,0,52,185,17,,36,36,1
128,2,62,cube,7,0,0,6,0,69,201,17,,36,36,1
128,2,63,cube,7,0,0,7,0,64,192,17,,36,36,1
128,2,80,cube,2,1,0,0,0,36,159,24,,42,42,0
128,2,81,cube,2,1,0,1,0,29,161,24,,42,42,0
128,2,82,cube,2,1,0,2,0,32,148,24,,42,42,0
128,2,83,cube,2,1,0,3,0,30,145,24,,42,42,0
128,2,84,cube,2,1,0,4,0,38,156,24,,42,42,0
128,2,85,cube,2,1,0,5,0,34,174,24,,42,42,0
128,2,86,cube,2,1,0,6,0,30,156,24,,42,42,0
128,2,87,cube,2,1,0,7,0,32,157,24,,42,42,0
128,2,120,cube,7,1,0,0,0,36,157,22,,41,41,1
128,2,121,cube,7,1,0,1,0,40,159,22,,41,41,1
128,2,122,cube,7,1,0,2,0,36,164,22,,41,41,1
128,2,123,cube,7,1,0,3,0,37,169,22,,41,41,1
128,2,124,cube,7,1,0,4,0,40,175,22,,41,41,1
128,2,125,cube,7,1,0,5,0,39,167,22,,41,41,1
128,2,126,cube,7,1,0,6,0,35,168,22,,41,41,1
128,2,127,cube,7,1,0,7,0,39,173,22,,41,41,1
128,2,272,cube,2,4,0,0,0,61,181,16,,34,34,0
128,2,273,cube,2,4,0,1,0,69,192,16,,34,34,0
128,2,274,cube,2,4,0,2,0,69,201,16,,34,34,0
128,2,275,cube,2,4,0,3,0,62,194,16,,34,34,0
128,2,276,cube,2,4,0,4,0,66,198,16,,34,34,0
128,2,277,cube,2,4,0,5,0,69,201,16,,34,34,0
128,2,278,cube,2,4,0,6,0,68,203,16,,34,34,0
128,2,279,cube,2,4,0,7,0,57,195,16,,34,34,0
128,2,288,cube,4,4,0,0,0,0,140,32,,50,50,0
128,2,289,cube,4,4,0,1,0,0,126,32,,50,50,0
128,2,290,cube,4,4,0,2,0,0,136,32,,50,50,0
128,2,291,cube,4,4,0,3,0,0,133,32,,50,50,0
128,2,292,cube,4,4,0,4,0,0,117,32,,50,50,0
128,2,293,cube,4,4,0,5,0,0,129,32,,50,50,0
128,2,294,cube,4,4,0,6,0,0,122,32,,50,50,0
128,2,295,cube,4,4,0,7,0,0,133,32,,50,50,0
128,2,312,cube,7,4,0,0,0,0,82,44,,62,62,0
128,2,313,cube,7,4,0,1,0,0,86,44,,62,62,0
128,2,314,cube,7,4,0,2,0,0,75,44,,62,62,0
128,2,315,cube,7,4,0,3,0,0,77,44,,62,62,0
128,2,316,cube,7,4,0,4,0,0,72,44,,62,62,0
128,2,317,cube,7,4,0,5,0,0,67,44,,62,62,0
128,2,318,cube,7,4,0,6,0,0,78,44,,62,62,0
128,2,319,cube,7,4,0,7,0,0,58,51,,70,70,1
128,2,320,cube,0,5,0,0,0,0,107,34,,52,52,0
128,2,321,cube,0,5,0,1,0,0,123,34,,52,52,0
128,2,322,cube,0,5,0,2,0,0,133,34,,52,52,0
128,2,323,cube,0,5,0,3,0,0,131,34,,52,52,0
128,2,324,cube,0,5,0,4,0,0,122,34,,52,52,0
128,2,325,cube,0,5,0,5,0,0,106,34,,52,52,0
128,2,326,cube,0,5,0,6,0,0,111,34,,52,52,0
128,2,327,cube,0,5,0,7,0,0,127,34,,52,52,0
128,2,336,cube,2,5,0,0,0,0,131,38,,56,56,0
128,2,337,cube,2,5,0,1,0,0,106,38,,56,56,0
128,2,338,cube,2,5,0,2,0,0,110,38,,56,56,0
128,2,339,cube,2,5,0,3,0,0,108,38,,56,56,0
128,2,340,cube,2,5,0,4,0,0,102,38,,56,56,0
128,2,341,cube,2,5,0,5,0,0,110,38,,56,56,0
128,2,342,cube,2,5,0,6,0,0,106,38,,56,56,0
128,2,343,cube,2,5,0,7,0,0,108,38,,56,56,0
128,2,520,cube,1,0,1,0,0,0,111,33,,51,51,0
128,2,521,cube,1,0,1,1,0,0,123,33,,51,51,0
128,2,522,cube,1,0,1,2,0,0,133,33,,51,51,0
128,2,523,cube,1,0,1,3,0,0,120,33,,51,51,0
128,2,524,cube,1,0,1,4,0,0,124,33,,51,51,0
128,2,525,cube,1,0,1,5,0,0,117,33,,51,51,0
128,2,526,cube,1,0,1,6,0,0,122,33,,51,51,0
128,2,527,cube,1,0,1,7,0,0,139,33,,51,51,0
128,2,528,cube,2,0,1,0,0,0,118,35,,53,53,0
128,2,529,cube,2,0,1,1,0,0,119,35,,53,53,0
128,2,530,cube,2,0,1,2,0,0,112,35,,53,53,0
128,2,531,cube,2,0,1,3,0,0,127,35,,53,53,0
128,2,532,cube,2,0,1,4,0,0,124,35,,53,53,0
128,2,533,cube,2,0,1,5,0,0,112,35,,53,53,0
128,2,534,cube,2,0,1,6,0,0,130,35,,53,53,0
128,2,535,cube,2,0,1,7,0,0,113,35,,53,53,0
128,2,552,cube,5,0,1,0,0,0,47,49,,67,67,0
128,2,553,cube,5,0,1,1,0,0,66,49,,67,67,0
128,2,554,cube,5,0,1,2,0,0,58,49,,67,67,0
128,2,555,cube,5,0,1,3,0,0,59,49,,67,67,0
128,2,556,cube,5,0,1,4,0,0,52,49,,67,67,0
128,2,557,cube,5,0,1,5,0,0,66,49,,67,67,0
128,2,558,cube,5,0,1,6,0,0,51,49,,67,67,0
128,2,559,cube,5,0,1,7,0,0,60,49,,67,67,0
128,2,592,cube,2,1,1,0,0,0,0,,,,,1
128,2,593,cube,2,1,1,1,0,0,0,,,,,1
128,2,594,cube,2,1,1,2,0,0,0,,,,,1
128,2,595,cube,2,1,1,3,0,0,0,,,,,1
128,2,596,cube,2,1,1,4,0,0,0,,,,,1
128,2,597,cube,2,1,1,5,0,0,0,,,,,1
128,2,598,cube,2,1,1,6,0,0,0,,,,,1
128,2,599,cube,2,1,1,7,0,0,0,,,,,1
128,2,776,cube,1,4,1,0,0,0,132,35,,53,53,0
128,2,777,cube,1,4,1,1,0,0,107,35,,53,53,0
128,2,778,cube,1,4,1,2,0,0,97,35,,53,53,0
128,2,779,cube,1,4,1,3,0,0,119,35,,53,53,0
128,2,780,cube,1,4,1,4,0,0,115,35,,53,53,0
128,2,781,cube,1,4,1,5,0,0,121,35,,53,53,0
128,2,782,cube,1,4,1,6,0,0,123,35,,53,53,0
128,2,783,cube,1,4,1,7,0,0,128,35,,53,53,0
128,2,792,cube,3,4,1,0,0,3,125,30,,47,47,0
128,2,793,cube,3,4,1,1,0,15,134,29,,47,47,0
128,2,794,cube,3,4,1,2,0,12,133,29,,47,47,0
128,2,795,cube,3,4,1,3,0,13,127,29,,47,47,0
128,2,796,cube,3,4,1,4,0,14,152,29,,47,47,0
128,2,797,cube,3,4,1,5,0,15,153,29,,47,47,0
128,2,798,cube,3,4,1,6,0,12,147,29,,47,47,0
128,2,799,cube,3,4,1,7,0,14,146,29,,47,47,0
128,2,1048,cube,3,0,2,0,0,30,165,24,,42,42,0
128,2,1049,cube,3,0,2,1,0,31,155,24,,42,42,0
128,2,1050,cube,3,0,2,2,0,31,153,24,,42,42,0
128,2,1051,cube,3,0,2,3,0,32,160,24,,42,42,0
128,2,1052,cube,3,0,2,4,0,33,152,24,,42,42,0
128,2,1053,cube,3,0,2,5,0,36,164,24,,42,42,0
128,2,1054,cube,3,0,2,6,0,33,163,24,,42,42,0
128,2,1055,cube,3,0,2,7,0,33,153,24,,42,42,0
128,2,1112,cube,3,1,2,0,0,0,0,,,,,1
128,2,1113,cube,3,1,2,1,0,0,0,,,,,1
128,2,1114,cube,3,1,2,2,0,0,0,,,,,1
128,2,1115,cube,3,1,2,3,0,0,0,,,,,1
128,2,1116,cube,3,1,2,4,0,0,0,,,,,1
128,2,1117,cube,3,1,2,5,0,0,0,,,,,1
128,2,1118,cube,3,1,2,6,0,0,0,,,,,1
128,2,1119,cube,3,1,2,7,0,0,0,,,,,1
128,2,1136,cube,6,1,2,0,0,0,54,50,,69,69,1
128,2,1137,cube,6,1,2,1,0,0,61,50,,69,69,1
128,2,1138,cube,6,1,2,2,0,0,42,50,,69,69,1
128,2,1139,cube,6,1,2,3,0,0,63,50,,69,69,1
128,2,1140,cube,6,1,2,4,0,0,56,50,,69,69,1
128,2,1141,cube,6,1,2,5,0,0,46,50,,69,69,1
128,2,1142,cube,6,1,2,6,0,0,63,50,,69,69,1
128,2,1143,cube,6,1,2,7,0,0,53,50,,69,69,1
128,2,1640,cube,5,1,3,0,0,0,116,35,,53,53,0
128,2,1641,cube,5,1,3,1,0,0,108,35,,53,53,0
128,2,1642,cube,5,1,3,2,0,0,111,35,,53,53,0
128,2,1643,cube,5,1,3,3,0,0,109,35,,53,53,0
128,2,1644,cube,5,1,3,4,0,0,115,35,,53,53,0
128,2,1645,cube,5,1,3,5,0,0,121,35,,53,53,0
128,2,1646,cube,5,1,3,6,0,0,121,35,,53,53,0
128,2,1647,cube,5,1,3,7,0,0,92,35,,53,53,0
128,2,1656,cube,7,1,3,0,0,0,95,42,,60,60,0
128,2,1657,cube,7,1,3,1,0,0,85,42,,60,60,0
128,2,1658,cube,7,1,3,2,0,0,88,42,,60,60,0
128,2,1659,cube,7,1,3,3,0,0,80,42,,60,60,0
128,2,1660,cube,7,1,3,4,0,0,100,42,,60,60,0
128,2,1661,cube,7,1,3,5,0,0,92,42,,60,60,0
128,2,1662,cube,7,1,3,6,0,0,88,42,,60,60,0
128,2,1663,cube,7,1,3,7,0,0,90,42,,60,60,0
128,2,1720,cube,7,2,3,0,0,0,86,42,,60,60,0
128,2,1721,cube,7,2,3,1,0,0,68,42,,60,60,0
128,2,1722,cube,7,2,3,2,0,0,0,,,,,1
128,2,1723,cube,7,2,3,3,0,0,74,42,,60,60,0
128,2,1724,cube,7,2,3,4,0,0,0,,,,,1
128,2,1725,cube,7,2,3,5,0,0,88,42,,60,60,0
128,2,1726,cube,7,2,3,6,0,0,85,42,,60,60,0
128,2,1727,cube,7,2,3,7,0,0,87,42,,60,60,0
128,2,1747,cube,2,3,3,3,0,58,195,16,,34,34,0
128,2,1748,cube,2,3,3,4,0,70,199,16,,34,34,0
128,2,1832,cube,5,4,3,0,0,34,153,24,,43,43,1
128,2,1833,cube,5,4,3,1,0,27,137,24,,43,43,1
128,2,1834,cube,5,4,3,2,0,32,165,24,,43,43,1
128,2,1835,cube,5,4,3,3,0,35,162,24,,43,43,1
128,2,1836,cube,5,4,3,4,0,31,151,24,,43,43,1
128,2,1837,cube,5,4,3,5,0,32,158,24,,43,43,1
128,2,1838,cube,5,4,3,6,0,25,148,24,,43,43,1
128,2,1839,cube,5,4,3,7,0,30,154,24,,43,43,1
128,2,1856,cube,0,5,3,0,0,0,64,47,,65,65,0
128,2,1857,cube,0,5,3,1,0,0,61,47,,65,65,0
128,2,1858,cube,0,5,3,2,0,0,64,47,,65,65,0
128,2,1859,cube,0,5,3,3,0,0,81,47,,65,65,0
128,2,1860,cube,0,5,3,4,0,0,73,47,,65,65,0
128,2,1861,cube,0,5,3,5,0,0,72,47,,65,65,0
128,2,1862,cube,0,5,3,6,0,0,63,47,,65,65,0
128,2,1863,cube,0,5,3,7,0,0,61,47,,65,65,0
128,2,2064,cube,2,0,4,0,0,62,176,16,,34,34,0
128,2,2065,cube,2,0,4,1,0,64,195,16,,34,34,0
128,2,2066,cube,2,0,4,2,0,60,193,16,,34,34,0
128,2,2067,cube,2,0,4,3,0,65,188,16,,34,34,0
128,2,2068,cube,2,0,4,4,0,66,179,16,,34,34,0
128,2,2069,cube,2,0,4,5,0,63,194,16,,34,34,0
128,2,2070,cube,2,0,4,6,0,66,193,16,,34,34,0
128,2,2071,cube,2,0,4,7,0,57,183,16,,34,34,0
128,2,2112,cube,0,1,4,0,0,52,175,20,,38,38,0
128,2,2113,cube,0,1,4,1,0,53,166,20,,38,38,0
128,2,2114,cube,0,1,4,2,0,52,177,20,,38,38,0
128,2,2115,cube,0,1,4,3,0,43,180,20,,38,38,0
128,2,2116,cube,0,1,4,4,0,48,174,20,,38,38,0
128,2,2117,cube,0,1,4,5,0,46,151,20,,38,38,0
128,2,2118,cube,0,1,4,6,0,42,183,20,,38,38,0
128,2,2119,cube,0,1,4,7,0,49,166,20,,38,38,0
128,2,2128,cube,2,1,4,0,0,63,189,16,,34,34,0
128,2,2129,cube,2,1,4,1,0,59,178,16,,34,34,0
128,2,2130,cube,2,1,4,2,0,57,180,16,,34,34,0
128,2,2131,cube,2,1,4,3,0,57,196,16,,34,34,0
128,2,2132,cube,2,1,4,4,0,77,197,16,,34,34,0
128,2,2133,cube,2,1,4,5,0,65,194,16,,34,34,0
128,2,2134,cube,2,1,4,6,0,58,189,16,,34,34,0
128,2,2135,cube,2,1,4,7,0,64,195,16,,34,34,0
128,2,2152,cube,5,1,4,0,0,67,200,17,,35,35,0
128,2,2153,cube,5,1,4,1,0,54,182,17,,35,35,0
128,2,2154,cube,5,1,4,2,0,61,182,17,,35,35,0
128,2,2155,cube,5,1,4,3,0,65,186,17,,35,35,0
128,2,2156,cube,5,1,4,4,0,65,198,17,,35,35,0
128,2,2157,cube,5,1,4,5,0,59,181,17,,35,35,0
128,2,2158,cube,5,1,4,6,0,56,189,17,,35,35,0
128,2,2159,cube,5,1,4,7,0,68,191,17,,35,35,0
128,2,2320,cube,2,4,4,0,0,64,200,16,,34,34,0
128,2,2321,cube,2,4,4,1,0,51,167,16,,34,34,0
128,2,2322,cube,2,4,4,2,0,72,208,16,,34,34,0
128,2,2323,cube,2,4,4,3,0,65,211,16,,34,34,0
128,2,2324,cube,2,4,4,4,0,58,188,16,,34,34,0
128,2,2325,cube,2,4,4,5,0,62,186,16,,34,34,0
128,2,2326,cube,2,4,4,6,0,67,193,16,,34,34,0
128,2,2327,cube,2,4,4,7,0,65,202,16,,34,34,0
128,2,2328,cube,3,4,4,0,0,34,175,24,,42,42,0
128,2,2329,cube,3,4,4,1,0,31,157,24,,42,42,0
128,2,2330,cube,3,4,4,2,0,27,142,24,,42,42,0
128,2,2331,cube,3,4,4,3,0,29,137,24,,42,42,0
128,2,2332,cube,3,4,4,4,0,30,159,24,,42,42,0
128,2,2333,cube,3,4,4,5,0,33,152,24,,42,42,0
128,2,2334,cube,3,4,4,6,0,30,160,24,,42,42,0
128,2,2335,cube,3,4,4,7,0,32,161,24,,42,42,0
128,2,2344,cube,5,4,4,0,0,59,185,17,,35,35,0
128,2,2345,cube,5,4,4,1,0,61,178,17,,35,35,0
128,2,2346,cube,5,4,4,2,0,60,175,17,,35,35,0
128,2,2347,cube,5,4,4,3,0,57,168,17,,35,35,0
128,2,2348,cube,5,4,4,4,0,60,179,17,,35,35,0
128,2,2349,cube,5,4,4,5,0,59,178,17,,35,35,0
128,2,2350,cube,5,4,4,6,0,65,198,17,,35,35,0
128,2,2351,cube,5,4,4,7,0,54,167,17,,35,35,0
128,2,2360,cube,7,4,4,0,0,20,133,27,,45,45,0
128,2,2361,cube,7,4,4,1,0,21,153,27,,45,45,0
128,2,2362,cube,7,4,4,2,0,17,139,27,,45,45,0
128,2,2363,cube,7,4,4,3,0,21,156,27,,45,45,0
128,2,2364,cube,7,4,4,4,0,18,141,27,,45,45,0
128,2,2365,cube,7,4,4,5,0,20,160,27,,45,45,0
128,2,2366,cube,7,4,4,6,0,22,151,27,,45,45,0
128,2,2367,cube,7,4,4,7,0,22,169,27,,45,45,0
128,2,2368,cube,0,5,4,0,0,42,164,20,,38,38,0
128,2,2369,cube,0,5,4,1,0,50,184,20,,38,38,0
128,2,2370,cube,0,5,4,2,0,52,179,20,,38,38,0
128,2,2371,cube,0,5,4,3,0,47,168,20,,38,38,0
128,2,2372,cube,0,5,4,4,0,46,166,20,,38,38,0
128,2,2373,cube,0,5,4,5,0,43,155,20,,38,38,0
128,2,2374,cube,0,5,4,6,0,46,179,20,,38,38,0
128,2,2375,cube,0,5,4,7,0,42,167,20,,38,38,0
128,2,2456,cube,3,6,4,0,0,26,163,27,,45,45,0
128,2,2457,cube,3,6,4,1,0,23,147,27,,45,45,0
128,2,2458,cube,3,6,4,2,0,17,137,27,,45,45,0
128,2,2459,cube,3,6,4,3,0,23,147,27,,45,45,0
128,2,2460,cube,3,6,4,4,0,25,159,27,,45,45,0
128,2,2461,cube,3,6,4,5,0,25,163,27,,45,45,0
128,2,2462,cube,3,6,4,6,0,20,164,27,,45,45,0
128,2,2463,cube,3,6,4,7,0,18,138,27,,45,45,0
128,2,2644,cube,2,1,5,4,0,0,0,,,,,1
128,2,2776,cube,3,3,5,0,0,11,129,30,,48,48,0
128,2,2777,cube,3,3,5,1,0,11,157,30,,48,48,0
128,2,2778,cube,3,3,5,2,0,7,127,30,,48,48,0
128,2,2779,cube,3,3,5,3,0,11,143,30,,48,48,0
128,2,2780,cube,3,3,5,4,0,9,129,30,,48,48,0
128,2,2781,cube,3,3,5,5,0,7,139,30,,48,48,0
128,2,2782,cube,3,3,5,6,0,6,154,30,,48,48,0
128,2,2783,cube,3,3,5,7,0,7,146,30,,48,48,0
128,2,2808,cube,7,3,5,0,0,9,148,30,,48,48,0
128,2,2809,cube,7,3,5,1,0,5,138,30,,48,48,0
128,2,2810,cube,7,3,5,2,0,9,142,30,,48,48,0
128,2,2811,cube,7,3,5,3,0,9,136,30,,48,48,0
128,2,2812,cube,7,3,5,4,0,11,132,30,,48,48,0
128,2,2813,cube,7,3,5,5,0,12,133,30,,48,48,0
128,2,2814,cube,7,3,5,6,0,12,142,30,,48,48,0
128,2,2815,cube,7,3,5,7,0,10,145,30,,48,48,0
128,2,2856,cube,5,4,5,0,0,0,0,,,,,1
128,2,2857,cube,5,4,5,1,0,0,0,,,,,1
128,2,2858,cube,5,4,5,2,0,0,0,,,,,1
128,2,2859,cube,5,4,5,3,0,0,0,,,,,1
128,2,2860,cube,5,4,5,4,0,0,0,,,,,1
128,2,2861,cube,5,4,5,5,0,0,0,,,,,1
128,2,2862,cube,5,4,5,6,0,0,0,,,,,1
128,2,2863,cube,5,4,5,7,0,0,0,,,,,1
128,2,2904,cube,3,5,5,0,0,5,138,31,,49,49,0
128,2,2905,cube,3,5,5,1,0,6,141,31,,49,49,0
128,2,2906,cube,3,5,5,2,0,4,142,31,,49,49,0
128,2,2907,cube,3,5,5,3,0,3,129,31,,49,49,0
128,2,2908,cube,3,5,5,4,0,4,124,31,,49,49,0
128,2,2909,cube,3,5,5,5,0,6,129,31,,49,49,0
128,2,2910,cube,3,5,5,6,0,6,142,31,,49,49,0
128,2,2911,cube,3,5,5,7,0,6,125,31,,49,49,0
128,2,2912,cube,4,5,5,0,0,7,115,31,,49,49,0
128,2,2913,cube,4,5,5,1,0,5,130,31,,49,49,0
128,2,2914,cube,4,5,5,2,0,6,138,31,,49,49,0
128,2,2915,cube,4,5,5,3,0,5,140,31,,49,49,0
128,2,2916,cube,4,5,5,4,0,4,132,31,,49,49,0
128,2,2917,cube,4,5,5,5,0,4,138,31,,49,49,0
128,2,2918,cube,4,5,5,6,0,4,134,31,,49,49,0
128,2,2919,cube,4,5,5,7,0,3,123,31,,49,49,0
128,2,3088,cube,2,0,6,0,0,0,85,41,,59,59,0
128,2,3089,cube,2,0,6,1,0,0,98,41,,59,59,0
128,2,3090,cube,2,0,6,2,0,0,78,41,,59,59,0
128,2,3091,cube,2,0,6,3,0,0,92,41,,59,59,0
128,2,3092,cube,2,0,6,4,0,0,102,41,,59,59,0
128,2,3093,cube,2,0,6,5,0,0,88,41,,59,59,0
128,2,3094,cube,2,0,6,6,0,0,91,41,,59,59,0
128,2,3095,cube,2,0,6,7,0,0,89,41,,59,59,0
128,2,3096,cube,3,0,6,0,0,24,155,26,,44,44,0
128,2,3097,cube,3,0,6,1,0,28,163,26,,44,44,0
128,2,3098,cube,3,0,6,2,0,21,137,26,,44,44,0
128,2,3099,cube,3,0,6,3,0,21,158,26,,44,44,0
128,2,3100,cube,3,0,6,4,0,23,146,26,,44,44,0
128,2,3101,cube,3,0,6,5,0,31,162,26,,44,44,0
128,2,3102,cube,3,0,6,6,0,23,163,26,,44,44,0
128,2,3103,cube,3,0,6,7,0,26,164,26,,44,44,0
128,2,3152,cube,2,1,6,0,0,0,57,52,,70,70,0
128,2,3153,cube,2,1,6,1,0,0,47,52,,70,70,0
128,2,3154,cube,2,1,6,2,0,0,49,52,,70,70,0
128,2,3155,cube,2,1,6,3,0,0,44,52,,70,70,0
128,2,3156,cube,2,1,6,4,0,0,46,52,,70,70,0
128,2,3157,cube,2,1,6,5,0,0,34,52,,70,70,0
128,2,3158,cube,2,1,6,6,0,0,45,52,,70,70,0
128,2,3159,cube,2,1,6,7,0,0,54,52,,70,70,0
128,2,3192,cube,7,1,6,0,0,0,0,,,,,1
128,2,3193,cube,7,1,6,1,0,0,0,,,,,1
128,2,3194,cube,7,1,6,2,0,0,0,,,,,1
128,2,3195,cube,7,1,6,3,0,0,0,,,,,1
128,2,3196,cube,7,1,6,4,0,0,0,,,,,1
128,2,3197,cube,7,1,6,5,0,0,0,,,,,1
128,2,3198,cube,7,1,6,6,0,0,0,,,,,1
128,2,3199,cube,7,1,6,7,0,0,0,,,,,1
128,2,3344,cube,2,4,6,0,0,65,196,16,,34,34,0
128,2,3345,cube,2,4,6,1,0,74,187,16,,34,34,0
128,2,3346,cube,2,4,6,2,0,66,202,16,,34,34,0
128,2,3347,cube,2,4,6,3,0,67,197,16,,34,34,0
128,2,3348,cube,2,4,6,4,0,60,190,16,,34,34,0
128,2,3349,cube,2,4,6,5,0,61,177,16,,34,34,0
128,2,3350,cube,2,4,6,6,0,58,180,16,,34,34,0
128,2,3351,cube,2,4,6,7,0,59,188,16,,34,34,0
128,2,3592,cube,1,0,7,0,0,0,116,33,,51,51,0
128,2,3593,cube,1,0,7,1,0,0,120,33,,51,51,0
128,2,3594,cube,1,0,7,2,0,0,120,33,,51,51,0
128,2,3595,cube,1,0,7,3,0,0,132,33,,51,51,0
128,2,3596,cube,1,0,7,4,0,0,133,33,,51,51,0
128,2,3597,cube,1,0,7,5,0,0,127,33,,51,51,0
128,2,3598,cube,1,0,7,6,0,0,125,33,,51,51,0
128,2,3599,cube,1,0,7,7,0,0,111,33,,51,51,0
128,2,3608,cube,3,0,7,0,0,0,128,32,,50,50,0
128,2,3609,cube,3,0,7,1,0,0,128,32,,50,50,0
128,2,3610,cube,3,0,7,2,0,0,138,32,,50,50,0
128,2,3611,cube,3,0,7,3,0,0,126,32,,50,50,0
128,2,3612,cube,3,0,7,4,0,0,119,32,,50,50,0
128,2,3613,cube,3,0,7,5,0,0,127,32,,50,50,0
128,2,3614,cube,3,0,7,6,0,0,128,32,,50,50,0
128,2,3615,cube,3,0,7,7,0,0,136,32,,50,50,0
128,2,3616,cube,4,0,7,0,0,39,177,22,,40,40,0
128,2,3617,cube,4,0,7,1,0,47,170,22,,40,40,0
128,2,3618,cube,4,0,7,2,0,43,177,22,,40,40,0
128,2,3619,cube,4,0,7,3,0,44,173,22,,40,40,0
128,2,3620,cube,4,0,7,4,0,43,166,22,,40,40,0
128,2,3621,cube,4,0,7,5,0,40,167,22,,40,40,0
128,2,3622,cube,4,0,7,6,0,43,163,22,,40,40,0
128,2,3623,cube,4,0,7,7,0,49,178,22,,40,40,0
128,2,3624,cube,5,0,7,0,0,0,109,39,,57,57,0
128,2,3625,cube,5,0,7,1,0,0,105,39,,57,57,0
128,2,3626,cube,5,0,7,2,0,0,93,39,,57,57,0
128,2,3627,cube,5,0,7,3,0,0,92,39,,57,57,0
128,2,3628,cube,5,0,7,4,0,0,104,39,,57,57,0
128,2,3629,cube,5,0,7,5,0,0,93,39,,57,57,0
128,2,3630,cube,5,0,7,6,0,0,103,39,,57,57,0
128,2,3631,cube,5,0,7,7,0,0,110,39,,57,57,0
128,2,3648,cube,0,1,7,0,0,0,118,33,,51,51,0
128,2,3649,cube,0,1,7,1,0,0,124,33,,51,51,0
128,2,3650,cube,0,1,7,2,0,0,128,33,,51,51,0
128,2,3651,cube,0,1,7,3,0,0,109,33,,51,51,0
128,2,3652,cube,0,1,7,4,0,0,127,33,,51,51,0
128,2,3653,cube,0,1,7,5,0,0,129,33,,51,51,0
128,2,3654,cube,0,1,7,6,0,0,117,33,,51,51,0
128,2,3655,cube,0,1,7,7,0,0,127,33,,51,51,0
128,2,3696,cube,6,1,7,0,0,0,25,57,,75,75,0
128,2,3697,cube,6,1,7,1,0,0,29,57,,75,75,0
128,2,3698,cube,6,1,7,2,0,0,28,57,,75,75,0
128,2,3699,cube,6,1,7,3,0,0,19,57,,75,75,0
128,2,3700,cube,6,1,7,4,0,0,27,57,,75,75,0
128,2,3701,cube,6,1,7,5,0,0,19,57,,75,75,0
128,2,3702,cube,6,1,7,6,0,0,27,57,,75,75,0
128,2,3703,cube,6,1,7,7,0,0,29,57,,75,75,0
128,2,3848,cube,1,4,7,0,0,0,117,33,,51,51,0
128,2,3849,cube,1,4,7,1,0,0,121,33,,51,51,0
128,2,3850,cube,1,4,7,2,0,0,123,33,,51,51,0
128,2,3851,cube,1,4,7,3,0,0,124,33,,51,51,0
128,2,3852,cube,1,4,7,4,0,0,114,33,,51,51,0
128,2,3853,cube,1,4,7,5,0,0,137,33,,51,51,0
128,2,3854,cube,1,4,7,6,0,0,139,33,,51,51,0
128,2,3855,cube,1,4,7,7,0,0,128,33,,51,51,0
128,2,3856,cube,2,4,7,0,0,74,193,16,,34,34,0
128,2,3857,cube,2,4,7,1,0,63,189,16,,34,34,0
128,2,3858,cube,2,4,7,2,0,71,201,16,,34,34,0
128,2,3859,cube,2,4,7,3,0,69,194,16,,34,34,0
128,2,3860,cube,2,4,7,4,0,65,184,16,,34,34,0
128,2,3861,cube,2,4,7,5,0,64,186,16,,34,34,0
128,2,3862,cube,2,4,7,6,0,69,201,16,,34,34,0
128,2,3863,cube,2,4,7,7,0,72,197,16,,34,34,0
128,2,3904,cube,0,5,7,0,0,35,163,22,,41,41,1
128,2,3905,cube,0,5,7,1,0,39,172,22,,41,41,1
128,2,3906,cube,0,5,7,2,0,36,178,22,,41,41,1
128,2,3907,cube,0,5,7,3,0,40,169,22,,41,41,1
128,2,3908,cube,0,5,7,4,0,41,169,22,,41,41,1
128,2,3909,cube,0,5,7,5,0,37,174,22,,41,41,1
128,2,3910,cube,0,5,7,6,0,35,161,22,,41,41,1
128,2,3911,cube,0,5,7,7,0,42,168,22,,41,41,1
128,2,3936,cube,4,5,7,0,0,0,19,59,,77,77,0
128,2,3937,cube,4,5,7,1,0,0,18,59,,77,77,0
128,2,3938,cube,4,5,7,2,0,0,18,59,,77,77,0
128,2,3939,cube,4,5,7,3,0,0,20,59,,77,77,0
128,2,3940,cube,4,5,7,4,0,0,21,59,,77,77,0
128,2,3941,cube,4,5,7,5,0,0,14,59,,77,77,0
128,2,3942,cube,4,5,7,6,0,0,23,59,,77,77,0
128,2,3943,cube,4,5,7,7,0,0,18,59,,77,77,0
128,2,3944,cube,5,5,7,0,0,0,63,49,,67,67,0
128,2,3945,cube,5,5,7,1,0,0,60,49,,67,67,0
128,2,3946,cube,5,5,7,2,0,0,63,49,,67,67,0
128,2,3947,cube,5,5,7,3,0,0,65,49,,67,67,0
128,2,3948,cube,5,5,7,4,0,0,69,49,,67,67,0
128,2,3949,cube,5,5,7,5,0,0,56,49,,67,67,0
128,2,3950,cube,5,5,7,6,0,0,64,49,,67,67,0
128,2,3951,cube,5,5,7,7,0,0,56,49,,67,67,0
128,2,3968,cube,0,6,7,0,0,0,123,34,,53,53,1
128,2,3969,cube,0,6,7,1,0,0,115,34,,53,53,1
128,2,3970,cube,0,6,7,2,0,0,123,34,,53,53,1
128,2,3971,cube,0,6,7,3,0,0,120,34,,53,53,1
128,2,3972,cube,0,6,7,4,0,0,99,34,,53,53,1
128,2,3973,cube,0,6,7,5,0,0,118,34,,53,53,1
128,2,3974,cube,0,6,7,6,0,0,115,34,,53,53,1
128,2,3975,cube,0,6,7,7,0,0,129,34,,53,53,1
128,3,8,cube,1,0,0,0,0,0,81,43,,61,61,0
128,3,9,cube,1,0,0,1,0,0,97,43,,61,61,0
128,3,10,cube,1,0,0,2,0,0,80,43,,61,61,0
128,3,11,cube,1,0,0,3,0,0,81,43,,61,61,0
128,3,12,cube,1,0,0,4,0,0,91,43,,61,61,0
128,3,13,cube,1,0,0,5,0,0,90,43,,61,61,0
128,3,14,cube,1,0,0,6,0,0,83,43,,61,61,0
128,3,15,cube,1,0,0,7,0,0,77,43,,61,61,0
128,3,32,cube,4,0,0,0,0,0,16,61,,79,79,0
128,3,33,cube,4,0,0,1,0,0,10,61,,79,79,0
128,3,34,cube,4,0,0,2,0,0,10,61,,79,79,0
128,3,35,cube,4,0,0,3,0,0,14,61,,79,79,0
128,3,36,cube,4,0,0,4,0,0,14,61,,79,79,0
128,3,37,cube,4,0,0,5,0,0,14,61,,79,79,0
128,3,38,cube,4,0,0,6,0,0,11,61,,79,79,0
128,3,39,cube,4,0,0,7,0,0,12,61,,79,79,0
128,3,48,cube,6,0,0,0,0,0,126,33,,51,51,0
128,3,49,cube,6,0,0,1,0,0,116,33,,51,51,0
128,3,50,cube,6,0,0,2,0,0,126,33,,51,51,0
128,3,51,cube,6,0,0,3,0,0,131,33,,51,51,0
128,3,52,cube,6,0,0,4,0,0,132,33,,51,51,0
128,3,53,cube,6,0,0,5,0,0,116,33,,51,51,0
128,3,54,cube,6,0,0,6,0,0,122,33,,51,51,0
128,3,55,cube,6,0,0,7,0,0,125,33,,51,51,0
128,3,72,cube,1,1,0,0,0,0,89,43,,61,61,0
128,3,73,cube,1,1,0,1,0,0,92,43,,61,61,0
128,3,74,cube,1,1,0,2,0,0,77,43,,61,61,0
128,3,75,cube,1,1,0,3,0,0,95,43,,61,61,0
128,3,76,cube,1,1,0,4,0,0,88,43,,61,61,0
128,3,77,cube,1,1,0,5,0,0,80,43,,61,61,0
128,3,78,cube,1,1,0,6,0,0,82,43,,61,61,0
128,3,79,cube,1,1,0,7,0,0,76,43,,61,61,0
128,3,88,cube,3,1,0,0,0,22,146,27,,45,45,0
128,3,89,cube,3,1,0,1,0,19,159,27,,45,45,0
128,3,90,cube,3,1,0,2,0,21,147,27,,45,45,0
128,3,91,cube,3,1,0,3,0,17,133,27,,45,45,0
128,3,92,cube,3,1,0,4,0,26,146,27,,45,45,0
128,3,93,cube,3,1,0,5,0,19,134,27,,45,45,0
128,3,94,cube,3,1,0,6,0,20,161,27,,45,45,0
128,3,95,cube,3,1,0,7,0,24,139,27,,45,45,0
128,3,96,cube,4,1,0,0,0,0,13,61,,79,79,0
128,3,97,cube,4,1,0,1,0,0,10,61,,79,79,0
128,3,98,cube,4,1,0,2,0,0,13,61,,79,79,0
128,3,99,cube,4,1,0,3,0,0,12,61,,79,79,0
128,3,100,cube,4,1,0,4,0,0,11,61,,79,79,0
128,3,101,cube,4,1,0,5,0,0,13,61,,79,79,0
128,3,102,cube,4,1,0,6,0,0,10,61,,79,79,0
128,3,103,cube,4,1,0,7,0,0,10,61,,79,79,0
128,3,112,cube,6,1,0,0,0,0,121,33,,51,51,0
128,3,113,cube,6,1,0,1,0,0,129,33,,51,51,0
128,3,114,cube,6,1,0,2,0,0,112,33,,51,51,0
128,3,115,cube,6,1,0,3,0,0,120,33,,51,51,0
128,3,116,cube,6,1,0,4,0,0,122,33,,51,51,0
128,3,117,cube,6,1,0,5,0,0,135,33,,51,51,0
128,3,118,cube,6,1,0,6,0,0,132,33,,51,51,0
128,3,119,cube,6,1,0,7,0,0,125,33,,51,51,0
128,3,144,cube,2,2,0,0,0,48,168,19,,37,37,0
128,3,145,cube,2,2,0,1,0,52,200,19,,37,37,0
128,3,146,cube,2,2,0,2,0,54,185,19,,37,37,0
128,3,147,cube,2,2,0,3,0,51,184,19,,37,37,0
128,3,148,cube,2,2,0,4,0,49,184,19,,37,37,0
128,3,149,cube,2,2,0,5,0,48,175,19,,37,37,0
128,3,150,cube,2,2,0,6,0,52,177,19,,37,37,0
128,3,151,cube,2,2,0,7,0,59,188,19,,37,37,0
128,3,304,cube,6,4,0,0,0,48,168,19,,37,37,0
128,3,305,cube,6,4,0,1,0,52,178,19,,37,37,0
128,3,306,cube,6,4,0,2,0,54,173,19,,37,37,0
128,3,307,cube,6,4,0,3,0,56,177,19,,37,37,0
128,3,308,cube,6,4,0,4,0,49,191,19,,37,37,0
128,3,309,cube,6,4,0,5,0,52,193,19,,37,37,0
128,3,310,cube,6,4,0,6,0,54,188,19,,37,37,0
128,3,311,cube,6,4,0,7,0,53,175,19,,37,37,0
128,3,600,cube,3,1,1,0,0,8,137,30,,48,48,0
128,3,601,cube,3,1,1,1,0,5,144,30,,48,48,0
128,3,602,cube,3,1,1,2,0,9,133,30,,48,48,0
128,3,603,cube,3,1,1,3,0,6,123,30,,48,48,0
128,3,604,cube,3,1,1,4,0,9,133,30,,48,48,0
128,3,605,cube,3,1,1,5,0,8,127,30,,48,48,0
128,3,606,cube,3,1,1,6,0,4,137,30,,48,48,0
128,3,607,cube,3,1,1,7,0,4,123,30,,48,48,0
128,3,608,cube,4,1,1,0,0,13,127,28,,46,46,0
128,3,609,cube,4,1,1,1,0,16,153,28,,46,46,0
128,3,610,cube,4,1,1,2,0,19,149,28,,46,46,0
128,3,611,cube,4,1,1,3,0,20,142,28,,46,46,0
128,3,612,cube,4,1,1,4,0,17,137,28,,46,46,0
128,3,613,cube,4,1,1,5,0,20,140,28,,46,46,0
128,3,614,cube,4,1,1,6,0,14,145,28,,46,46,0
128,3,615,cube,4,1,1,7,0,15,148,28,,46,46,0
128,3,624,cube,6,1,1,0,0,10,127,30,,48,48,0
128,3,625,cube,6,1,1,1,0,9,134,30,,48,48,0
128,3,626,cube,6,1,1,2,0,10,140,30,,48,48,0
128,3,627,cube,6,1,1,3,0,7,150,30,,48,48,0
128,3,628,cube,6,1,1,4,0,6,129,30,,48,48,0
128,3,629,cube,6,1,1,5,0,7,122,30,,48,48,0
128,3,630,cube,6,1,1,6,0,8,144,30,,48,48,0
128,3,631,cube,6,1,1,7,0,9,123,30,,48,48,0
128,3,656,cube,2,2,1,0,0,61,187,18,,36,36,0
128,3,657,cube,2,2,1,1,0,55,173,18,,36,36,0
128,3,658,cube,2,2,1,2,0,54,191,18,,36,36,0
128,3,659,cube,2,2,1,3,0,47,171,18,,36,36,0
128,3,660,cube,2,2,1,4,0,59,174,18,,36,36,0
128,3,661,cube,2,2,1,5,0,55,188,18,,36,36,0
128,3,662,cube,2,2,1,6,0,57,190,18,,36,36,0
128,3,663,cube,2,2,1,7,0,48,174,18,,36,36,0
128,3,704,cube,0,3,1,0,0,50,178,21,,39,39,0
128,3,705,cube,0,3,1,1,0,39,166,21,,39,39,0
128,3,706,cube,0,3,1,2,0,37,166,21,,39,39,0
128,3,707,cube,0,3,1,3,0,45,173,21,,39,39,0
128,3,708,cube,0,3,1,4,0,44,168,21,,39,39,0
128,3,709,cube,0,3,1,5,0,46,179,21,,39,39,0
128,3,710,cube,0,3,1,6,0,46,158,21,,39,39,0
128,3,711,cube,0,3,1,7,0,51,172,21,,39,39,0
128,3,744,cube,5,3,1,0,0,0,49,53,,71,71,0
128,3,745,cube,5,3,1,1,0,0,40,53,,71,71,0
128,3,746,cube,5,3,1,2,0,0,44,53,,71,71,0
128,3,747,cube,5,3,1,3,0,0,45,53,,71,71,0
128,3,748,cube,5,3,1,4,0,0,46,53,,71,71,0
128,3,749,cube,5,3,1,5,0,0,36,53,,71,71,0
128,3,750,cube,5,3,1,6,0,0,38,53,,71,71,0
128,3,751,cube,5,3,1,7,0,0,42,53,,71,71,0
128,3,888,cube,7,5,1,0,0,25,148,27,,45,45,0
128,3,889,cube,7,5,1,1,0,20,138,28,,45,45,0
128,3,890,cube,7,5,1,2,0,21,173,27,,45,45,0
128,3,891,cube,7,5,1,3,0,17,152,27,,45,45,0
128,3,892,cube,7,5,1,4,0,13,132,27,,45,45,0
128,3,893,cube,7,5,1,5,0,22,146,27,,45,45,0
128,3,894,cube,7,5,1,6,0,21,149,27,,45,45,0
128,3,895,cube,7,5,1,7,0,17,132,27,,45,45,0
128,3,928,cube,4,6,1,0,0,0,66,47,,65,65,0
128,3,929,cube,4,6,1,1,0,0,64,47,,65,65,0
128,3,930,cube,4,6,1,2,0,0,70,47,,65,65,0
128,3,931,cube,4,6,1,3,0,0,62,47,,65,65,0
128,3,932,cube,4,6,1,4,0,0,63,47,,65,65,0
128,3,933,cube,4,6,1,5,0,0,76,47,,65,65,0
128,3,934,cube,4,6,1,6,0,0,66,47,,65,65,0
128,3,935,cube,4,6,1,7,0,0,69,47,,65,65,0
128,3,1376,cube,4,5,2,0,0,70,187,16,,34,34,0
128,3,1377,cube,4,5,2,1,0,71,191,16,,34,34,0
128,3,1378,cube,4,5,2,2,0,52,175,16,,34,34,0
128,3,1379,cube,4,5,2,3,0,66,193,16,,34,34,0
128,3,1380,cube,4,5,2,4,0,61,182,16,,34,34,0
128,3,1381,cube,4,5,2,5,0,61,196,16,,34,34,0
128,3,1382,cube,4,5,2,6,0,63,185,16,,34,34,0
128,3,1383,cube,4,5,2,7,0,57,195,16,,34,34,0
128,3,1400,cube,7,5,2,0,0,57,175,16,,34,34,0
128,3,1401,cube,7,5,2,1,0,67,212,16,,34,34,0
128,3,1402,cube,7,5,2,2,0,63,197,16,,34,34,0
128,3,1403,cube,7,5,2,3,0,68,201,16,,34,34,0
128,3,1404,cube,7,5,2,4,0,60,203,16,,34,34,0
128,3,1405,cube,7,5,2,5,0,61,196,16,,34,34,0
128,3,1406,cube,7,5,2,6,0,59,176,16,,34,34,0
128,3,1407,cube,7,5,2,7,0,62,208,16,,34,34,0
128,3,1536,cube,0,0,3,0,0,38,156,22,,40,40,0
128,3,1537,cube,0,0,3,1,0,38,148,22,,40,40,0
128,3,1538,cube,0,0,3,2,0,37,168,22,,40,40,0
128,3,1539,cube,0,0,3,3,0,37,167,22,,40,40,0
128,3,1540,cube,0,0,3,4,0,43,187,22,,40,40,0
128,3,1541,cube,0,0,3,5,0,47,168,22,,40,40,0
128,3,1542,cube,0,0,3,6,0,42,168,22,,40,40,0
128,3,1543,cube,0,0,3,7,0,41,179,22,,40,40,0
128,3,1568,cube,4,0,3,0,0,48,166,21,,39,39,0
128,3,1569,cube,4,0,3,1,0,46,183,21,,39,39,0
128,3,1570,cube,4,0,3,2,0,46,167,21,,39,39,0
128,3,1571,cube,4,0,3,3,0,47,168,21,,39,39,0
128,3,1572,cube,4,0,3,4,0,54,185,21,,39,39,0
128,3,1573,cube,4,0,3,5,0,46,180,21,,39,39,0
128,3,1574,cube,4,0,3,6,0,38,163,21,,39,39,0
128,3,1575,cube,4,0,3,7,0,47,188,21,,39,39,0
128,3,1584,cube,6,0,3,0,0,48,171,22,,40,40,0
128,3,1585,cube,6,0,3,1,0,44,167,22,,40,40,0
128,3,1586,cube,6,0,3,2,0,43,154,22,,40,40,0
128,3,1587,cube,6,0,3,3,0,38,174,22,,40,40,0
128,3,1588,cube,6,0,3,4,0,43,164,22,,40,40,0
128,3,1589,cube,6,0,3,5,0,38,170,22,,40,40,0
128,3,1590,cube,6,0,3,6,0,34,157,22,,40,40,0
128,3,1591,cube,6,0,3,7,0,46,168,22,,40,40,0
128,3,1856,cube,0,5,3,0,0,71,198,17,,35,35,0
128,3,1857,cube,0,5,3,1,0,66,190,17,,35,35,0
128,3,1858,cube,0,5,3,2,0,63,201,17,,35,35,0
128,3,1859,cube,0,5,3,3,0,58,183,17,,35,35,0
128,3,1860,cube,0,5,3,4,0,50,178,17,,35,35,0
128,3,1861,cube,0,5,3,5,0,65,193,17,,35,35,0
128,3,1862,cube,0,5,3,6,0,70,195,17,,35,35,0
128,3,1863,cube,0,5,3,7,0,57,196,17,,35,35,0
128,3,1904,cube,6,5,3,0,0,0,45,53,,71,71,0
128,3,1905,cube,6,5,3,1,0,0,41,53,,71,71,0
128,3,1906,cube,6,5,3,2,0,0,38,53,,71,71,0
128,3,1907,cube,6,5,3,3,0,0,49,53,,71,71,0
128,3,1908,cube,6,5,3,4,0,0,39,53,,71,71,0
128,3,1909,cube,6,5,3,5,0,0,47,53,,71,71,0
128,3,1910,cube,6,5,3,6,0,0,50,53,,71,71,0
128,3,1911,cube,6,5,3,7,0,0,46,53,,71,71,0
128,3,1912,cube,7,5,3,0,0,0,64,49,,67,67,0
128,3,1913,cube,7,5,3,1,0,0,65,49,,67,67,0
128,3,1914,cube,7,5,3,2,0,0,61,49,,67,67,0
128,3,1915,cube,7,5,3,3,0,0,63,49,,67,67,0
128,3,1916,cube,7,5,3,4,0,0,56,49,,67,67,0
128,3,1917,cube,7,5,3,5,0,0,70,49,,67,67,0
128,3,1918,cube,7,5,3,6,0,0,55,49,,67,67,0
128,3,1919,cube,7,5,3,7,0,0,63,49,,67,67,0
128,3,2256,cube,2,3,4,0,0,0,109,38,,56,56,0
128,3,2257,cube,2,3,4,1,0,0,106,38,,56,56,0
128,3,2258,cube,2,3,4,2,0,0,104,38,,56,56,0
128,3,2259,cube,2,3,4,3,0,0,109,38,,56,56,0
128,3,2260,cube,2,3,4,4,0,0,111,38,,56,56,0
128,3,2261,cube,2,3,4,5,0,0,94,38,,56,56,0
128,3,2262,cube,2,3,4,6,0,0,96,38,,56,56,0
128,3,2263,cube,2,3,4,7,0,0,107,38,,56,56,0
128,3,2272,cube,4,3,4,0,0,0,114,34,,52,52,0
128,3,2273,cube,4,3,4,1,0,0,110,34,,52,52,0
128,3,2274,cube,4,3,4,2,0,0,115,34,,52,52,0
128,3,2275,cube,4,3,4,3,0,0,137,34,,52,52,0
128,3,2276,cube,4,3,4,4,0,0,106,34,,52,52,0
128,3,2277,cube,4,3,4,5,0,0,110,34,,52,52,0
128,3,2278,cube,4,3,4,6,0,0,115,34,,52,52,0
128,3,2279,cube,4,3,4,7,0,0,121,34,,52,52,0
128,3,2296,cube,7,3,4,0,0,12,144,30,,48,48,0
128,3,2301,cube,7,3,4,5,0,9,144,30,,48,48,0
128,3,2302,cube,7,3,4,6,0,12,165,30,,48,48,0
128,3,2416,cube,6,5,4,0,0,0,93,39,,57,57,0
128,3,2417,cube,6,5,4,1,0,0,109,39,,57,57,0
128,3,2418,cube,6,5,4,2,0,0,96,39,,57,57,0
128,3,2419,cube,6,5,4,3,0,0,91,39,,57,57,0
128,3,2420,cube,6,5,4,4,0,0,94,39,,57,57,0
128,3,2421,cube,6,5,4,5,0,0,91,39,,57,57,0
128,3,2422,cube,6,5,4,6,0,0,97,39,,57,57,0
128,3,2423,cube,6,5,4,7,0,0,113,39,,57,57,0
128,3,2592,cube,4,0,5,0,0,0,0,,,,,1
128,3,2593,cube,4,0,5,1,0,0,0,,,,,1
128,3,2594,cube,4,0,5,2,0,0,0,,,,,1
128,3,2595,cube,4,0,5,3,0,0,0,,,,,1
128,3,2596,cube,4,0,5,4,0,0,0,,,,,1
128,3,2597,cube,4,0,5,5,0,0,0,,,,,1
128,3,2598,cube,4,0,5,6,0,0,0,,,,,1
128,3,2599,cube,4,0,5,7,0,0,0,,,,,1
128,3,2616,cube,7,0,5,0,0,0,36,56,,74,74,0
128,3,2617,cube,7,0,5,1,0,0,34,56,,74,74,0
128,3,2618,cube,7,0,5,2,0,0,33,56,,74,74,0
128,3,2619,cube,7,0,5,3,0,0,33,56,,74,74,0
128,3,2620,cube,7,0,5,4,0,0,36,56,,74,74,0
128,3,2621,cube,7,0,5,5,0,0,28,56,,74,74,0
128,3,2622,cube,7,0,5,6,0,0,33,56,,74,74,0
128,3,2623,cube,7,0,5,7,0,0,27,56,,74,74,0
128,3,2624,cube,0,1,5,0,0,2,129,31,,49,49,0
128,3,2625,cube,0,1,5,1,0,7,137,31,,49,49,0
128,3,2626,cube,0,1,5,2,0,6,148,31,,49,49,0
128,3,2627,cube,0,1,5,3,0,2,131,31,,49,49,0
128,3,2628,cube,0,1,5,4,0,6,152,31,,49,49,0
128,3,2629,cube,0,1,5,5,0,4,117,31,,49,49,0
128,3,2630,cube,0,1,5,6,0,4,139,31,,49,49,0
128,3,2631,cube,0,1,5,7,0,5,124,31,,49,49,0
128,3,2648,cube,3,1,5,0,0,0,0,,,,,1
128,3,2649,cube,3,1,5,1,0,0,0,,,,,1
128,3,2650,cube,3,1,5,2,0,0,0,,,,,1
128,3,2651,cube,3,1,5,3,0,0,0,,,,,1
128,3,2652,cube,3,1,5,4,0,0,0,,,,,1
128,3,2653,cube,3,1,5,5,0,0,0,,,,,1
128,3,2654,cube,3,1,5,6,0,0,0,,,,,1
128,3,2655,cube,3,1,5,7,0,0,0,,,,,1
128,3,2776,cube,3,3,5,0,0,17,143,27,,45,45,0
128,3,2777,cube,3,3,5,1,0,16,147,27,,45,45,0
128,3,2778,cube,3,3,5,2,0,19,138,27,,45,45,0
128,3,2779,cube,3,3,5,3,0,19,150,27,,45,45,0
128,3,2780,cube,3,3,5,4,0,18,156,27,,45,45,0
128,3,2781,cube,3,3,5,5,0,19,146,27,,45,45,0
128,3,2782,cube,3,3,5,6,0,19,151,27,,45,45,0
128,3,2783,cube,3,3,5,7,0,21,161,27,,45,45,0
128,3,2792,cube,5,3,5,0,0,13,136,29,,47,47,0
128,3,2793,cube,5,3,5,1,0,10,145,29,,47,47,0
128,3,2794,cube,5,3,5,2,0,11,139,29,,47,47,0
128,3,2795,cube,5,3,5,3,0,11,146,29,,47,47,0
128,3,2796,cube,5,3,5,4,0,13,158,29,,47,47,0
128,3,2797,cube,5,3,5,5,0,14,141,29,,47,47,0
128,3,2798,cube,5,3,5,6,0,13,150,29,,47,47,0
128,3,2799,cube,5,3,5,7,0,15,158,29,,47,47,0
128,3,2824,cube,1,4,5,0,0,0,39,53,,71,71,0
128,3,2825,cube,1,4,5,1,0,0,42,53,,71,71,0
128,3,2826,cube,1,4,5,2,0,0,48,53,,71,71,0
128,3,2827,cube,1,4,5,3,0,0,47,53,,71,71,0
128,3,2828,cube,1,4,5,4,0,0,51,53,,71,71,0
128,3,2829,cube,1,4,5,5,0,0,43,53,,71,71,0
128,3,2830,cube,1,4,5,6,0,0,45,53,,71,71,0
128,3,2831,cube,1,4,5,7,0,0,48,53,,71,71,0
128,3,2840,cube,3,4,5,0,0,17,134,25,,43,43,0
128,3,2841,cube,3,4,5,1,0,33,176,25,,43,43,0
128,3,2842,cube,3,4,5,2,0,32,173,25,,43,43,0
128,3,2843,cube,3,4,5,3,0,31,154,25,,43,43,0
128,3,2844,cube,3,4,5,4,0,28,156,25,,43,43,0
128,3,2845,cube,3,4,5,5,0,25,161,25,,43,43,0
128,3,2846,cube,3,4,5,6,0,30,156,25,,43,43,0
128,3,2847,cube,3,4,5,7,0,29,148,25,,43,43,0
128,3,2856,cube,5,4,5,0,0,0,87,39,,57,57,0
128,3,2857,cube,5,4,5,1,0,0,102,39,,57,57,0
128,3,2858,cube,5,4,5,2,0,0,103,39,,57,57,0
128,3,2859,cube,5,4,5,3,0,0,92,39,,57,57,0
128,3,2860,cube,5,4,5,4,0,0,94,39,,57,57,0
128,3,2861,cube,5,4,5,5,0,0,103,39,,57,57,0
128,3,2862,cube,5,4,5,6,0,0,103,39,,57,57,0
128,3,2863,cube,5,4,5,7,0,0,103,39,,57,57,0
128,3,3160,cube,3,1,6,0,0,0,108,38,,56,56,0
128,3,3161,cube,3,1,6,1,0,0,106,38,,56,56,0
128,3,3162,cube,3,1,6,2,0,0,116,38,,56,56,0
128,3,3163,cube,3,1,6,3,0,0,108,38,,56,56,0
128,3,3164,cube,3,1,6,4,0,0,94,38,,56,56,0
128,3,3165,cube,3,1,6,5,0,0,99,38,,56,56,0
128,3,3166,cube,3,1,6,6,0,0,102,38,,56,56,0
128,3,3167,cube,3,1,6,7,0,0,89,38,,56,56,0
128,3,3184,cube,6,1,6,0,0,0,65,48,,66,66,0
128,3,3185,cube,6,1,6,1,0,0,63,48,,66,66,0
128,3,3186,cube,6,1,6,2,0,0,57,48,,66,66,0
128,3,3187,cube,6,1,6,3,0,0,68,48,,66,66,0
128,3,3188,cube,6,1,6,4,0,0,75,48,,66,66,0
128,3,3189,cube,6,1,6,5,0,0,60,48,,66,66,0
128,3,3190,cube,6,1,6,6,0,0,56,48,,66,66,0
128,3,3191,cube,6,1,6,7,0,0,67,48,,66,66,0
128,3,3232,cube,4,2,6,0,0,0,127,35,,53,53,0
128,3,3233,cube,4,2,6,1,0,0,109,35,,53,53,0
128,3,3234,cube,4,2,6,2,0,0,124,35,,53,53,0
128,3,3235,cube,4,2,6,3,0,0,116,35,,53,53,0
128,3,3236,cube,4,2,6,4,0,0,114,35,,53,53,0
128,3,3237,cube,4,2,6,5,0,0,110,35,,53,53,0
128,3,3238,cube,4,2,6,6,0,0,120,35,,53,53,0
128,3,3239,cube,4,2,6,7,0,0,117,35,,53,53,0
128,3,3240,cube,5,2,6,0,0,47,185,20,,38,38,0
128,3,3241,cube,5,2,6,1,0,51,168,20,,38,38,0
128,3,3242,cube,5,2,6,2,0,49,176,20,,38,38,0
128,3,3243,cube,5,2,6,3,0,39,165,20,,38,38,0
128,3,3244,cube,5,2,6,4,0,47,168,20,,38,38,0
128,3,3245,cube,5,2,6,5,0,48,176,20,,38,38,0
128,3,3246,cube,5,2,6,6,0,53,183,20,,38,38,0
128,3,3247,cube,5,2,6,7,0,50,183,20,,38,38,0
128,3,3328,cube,0,4,6,0,0,4,134,31,,49,49,0
128,3,3329,cube,0,4,6,1,0,3,135,31,,49,49,0
128,3,3330,cube,0,4,6,2,0,4,154,31,,49,49,0
128,3,3331,cube,0,4,6,3,0,5,140,31,,49,49,0
128,3,3332,cube,0,4,6,4,0,2,126,31,,49,49,0
128,3,3333,cube,0,4,6,5,0,3,133,31,,49,49,0
128,3,3334,cube,0,4,6,6,0,4,138,31,,49,49,0
128,3,3335,cube,0,4,6,7,0,4,140,31,,49,49,0
128,3,3352,cube,3,4,6,0,0,24,140,25,,43,43,0
128,3,3353,cube,3,4,6,1,0,23,156,25,,43,43,0
128,3,3354,cube,3,4,6,2,0,28,159,25,,43,43,0
128,3,3355,cube,3,4,6,3,0,25,166,25,,43,43,0
128,3,3356,cube,3,4,6,4,0,29,156,25,,43,43,0
128,3,3357,cube,3,4,6,5,0,30,154,25,,43,43,0
128,3,3358,cube,3,4,6,6,0,30,161,25,,43,43,0
128,3,3359,cube,3,4,6,7,0,34,163,25,,43,43,0
128,3,3376,cube,6,4,6,0,0,13,139,29,,47,47,0
128,3,3377,cube,6,4,6,1,0,15,143,29,,47,47,0
128,3,3378,cube,6,4,6,2,0,13,137,29,,47,47,0
128,3,3379,cube,6,4,6,3,0,14,146,29,,47,47,0
128,3,3380,cube,6,4,6,4,0,12,137,29,,47,47,0
128,3,3381,cube,6,4,6,5,0,13,134,29,,47,47,0
128,3,3382,cube,6,4,6,6,0,16,150,29,,47,47,0
128,3,3383,cube,6,4,6,7,0,14,130,29,,47,47,0
128,3,3480,cube,3,6,6,0,0,32,159,24,,42,42,0
128,3,3481,cube,3,6,6,1,0,25,169,24,,42,42,0
128,3,3482,cube,3,6,6,2,0,32,167,24,,42,42,0
128,3,3483,cube,3,6,6,3,0,30,158,24,,42,42,0
128,3,3484,cube,3,6,6,4,0,33,177,24,,42,42,0
128,3,3485,cube,3,6,6,5,0,30,151,24,,42,42,0
128,3,3486,cube,3,6,6,6,0,34,178,24,,42,42,0
128,3,3487,cube,3,6,6,7,0,36,167,24,,42,42,0
128,3,3488,cube,4,6,6,0,0,0,117,35,,53,53,0
128,3,3489,cube,4,6,6,1,0,0,114,35,,53,53,0
128,3,3490,cube,4,6,6,2,0,0,122,35,,53,53,0
128,3,3491,cube,4,6,6,3,0,0,105,35,,53,53,0
128,3,3492,cube,4,6,6,4,0,0,107,35,,53,53,0
128,3,3493,cube,4,6,6,5,0,0,102,35,,53,53,0
128,3,3494,cube,4,6,6,6,0,0,113,35,,53,53,0
128,3,3495,cube,4,6,6,7,0,0,120,35,,53,53,0
128,3,3496,cube,5,6,6,0,0,35,164,24,,42,42,0
128,3,3497,cube,5,6,6,1,0,19,153,24,,42,42,0
128,3,3498,cube,5,6,6,2,0,31,164,24,,42,42,0
128,3,3499,cube,5,6,6,3,0,32,161,24,,42,42,0
128,3,3500,cube,5,6,6,4,0,31,161,24,,42,42,0
128,3,3501,cube,5,6,6,5,0,36,176,24,,42,42,0
128,3,3502,cube,5,6,6,6,0,36,155,24,,42,42,0
128,3,3503,cube,5,6,6,7,0,31,153,24,,42,42,0
128,3,3632,cube,6,0,7,0,0,39,177,23,,41,41,0
128,3,3633,cube,6,0,7,1,0,33,172,23,,41,41,0
128,3,3634,cube,6,0,7,2,0,39,170,23,,41,41,0
128,3,3635,cube,6,0,7,3,0,38,171,23,,41,41,0
128,3,3636,cube,6,0,7,4,0,32,164,23,,41,41,0
128,3,3637,cube,6,0,7,5,0,30,154,23,,41,41,0
128,3,3638,cube,6,0,7,6,0,35,170,23,,41,41,0
128,3,3639,cube,6,0,7,7,0,33,166,23,,41,41,0
128,3,3680,cube,4,1,7,0,0,35,156,23,,41,41,0
128,3,3681,cube,4,1,7,1,0,40,160,23,,41,41,0
128,3,3682,cube,4,1,7,2,0,42,161,23,,41,41,0
128,3,3683,cube,4,1,7,3,0,35,163,23,,41,41,0
128,3,3684,cube,4,1,7,4,0,35,172,23,,41,41,0
128,3,3685,cube,4,1,7,5,0,40,168,23,,41,41,0
128,3,3686,cube,4,1,7,6,0,32,151,23,,41,41,0
128,3,3687,cube,4,1,7,7,0,34,156,23,,41,41,0
128,3,3752,cube,5,2,7,0,0,39,161,20,,38,38,0
128,3,3753,cube,5,2,7,1,0,40,173,20,,38,38,0
128,3,3754,cube,5,2,7,2,0,47,166,20,,38,38,0
128,3,3755,cube,5,2,7,3,0,40,163,20,,38,38,0
128,3,3756,cube,5,2,7,4,0,44,166,20,,38,38,0
128,3,3757,cube,5,2,7,5,0,42,149,20,,38,38,0
128,3,3758,cube,5,2,7,6,0,49,183,20,,38,38,0
128,3,3759,cube,5,2,7,7,0,51,175,20,,38,38,0
128,3,3792,cube,2,3,7,0,0,0,39,55,,73,73,0
128,3,3798,cube,2,3,7,6,0,0,33,55,,73,73,0
128,3,3816,cube,5,3,7,0,0,18,147,28,,46,46,0
128,3,3817,cube,5,3,7,1,0,13,134,28,,46,46,0
128,3,3818,cube,5,3,7,2,0,21,156,28,,46,46,0
128,3,3819,cube,5,3,7,3,0,19,121,28,,46,46,0
128,3,3820,cube,5,3,7,4,0,17,121,28,,46,46,0
128,3,3821,cube,5,3,7,5,0,16,157,28,,46,46,0
128,3,3822,cube,5,3,7,6,0,16,151,28,,46,46,0
128,3,3823,cube,5,3,7,7,0,22,147,28,,46,46,0
128,3,3824,cube,6,3,7,0,0,19,147,28,,46,46,0
128,3,3825,cube,6,3,7,1,0,14,149,28,,46,46,0
128,3,3826,cube,6,3,7,2,0,12,146,28,,46,46,0
128,3,3827,cube,6,3,7,3,0,17,146,28,,46,46,0
128,3,3828,cube,6,3,7,4,0,14,146,28,,46,46,0
128,3,3829,cube,6,3,7,5,0,21,150,28,,46,46,0
128,3,3830,cube,6,3,7,6,0,10,135,28,,46,46,0
128,3,3831,cube,6,3,7,7,0,12,147,28,,46,46,0
128,3,3848,cube,1,4,7,0,0,0,0,,,,,1
128,3,3849,cube,1,4,7,1,0,0,0,,,,,1
128,3,3850,cube,1,4,7,2,0,0,0,,,,,1
128,3,3851,cube,1,4,7,3,0,0,0,,,,,1
128,3,3852,cube,1,4,7,4,0,0,0,,,,,1
128,3,3853,cube,1,4,7,5,0,0,0,,,,,1
128,3,3854,cube,1,4,7,6,0,0,0,,,,,1
128,3,3855,cube,1,4,7,7,0,0,0,,,,,1
128,3,3952,cube,6,5,7,0,0,0,29,58,,76,76,0
128,3,3953,cube,6,5,7,1,0,0,27,58,,76,76,0
128,3,3954,cube,6,5,7,2,0,0,22,58,,76,76,0
128,3,3955,cube,6,5,7,3,0,0,24,58,,76,76,0
128,3,3956,cube,6,5,7,4,0,0,22,58,,76,76,0
128,3,3957,cube,6,5,7,5,0,0,25,58,,76,76,0
128,3,3958,cube,6,5,7,6,0,0,22,58,,76,76,0
128,3,3959,cube,6,5,7,7,0,0,23,58,,76,76,0
128,4,56,cube,7,0,0,0,0,42,165,22,,40,40,0
128,4,57,cube,7,0,0,1,0,32,154,22,,40,40,0
128,4,58,cube,7,0,0,2,0,44,166,22,,40,40,0
128,4,59,cube,7,0,0,3,0,38,162,22,,40,40,0
128,4,60,cube,7,0,0,4,0,37,169,22,,40,40,0
128,4,61,cube,7,0,0,5,0,40,172,22,,40,40,0
128,4,62,cube,7,0,0,6,0,41,178,22,,40,40,0
128,4,63,cube,7,0,0,7,0,43,180,22,,40,40,0
128,4,72,cube,1,1,0,0,0,8,131,30,,48,48,0
128,4,73,cube,1,1,0,1,0,6,146,30,,48,48,0
128,4,74,cube,1,1,0,2,0,8,140,30,,48,48,0
128,4,75,cube,1,1,0,3,0,6,131,30,,48,48,0
128,4,76,cube,1,1,0,4,0,7,147,30,,48,48,0
128,4,77,cube,1,1,0,5,0,10,152,30,,48,48,0
128,4,78,cube,1,1,0,6,0,9,148,30,,48,48,0
128,4,79,cube,1,1,0,7,0,6,130,30,,48,48,0
128,4,80,cube,2,1,0,0,0,0,115,36,,54,54,0
128,4,81,cube,2,1,0,1,0,0,119,36,,54,54,0
128,4,82,cube,2,1,0,2,0,0,105,36,,54,54,0
128,4,83,cube,2,1,0,3,0,0,111,36,,54,54,0
128,4,84,cube,2,1,0,4,0,0,125,36,,54,54,0
128,4,85,cube,2,1,0,5,0,0,112,36,,54,54,0
128,4,86,cube,2,1,0,6,0,0,114,36,,54,54,0
128,4,87,cube,2,1,0,7,0,0,112,36,,54,54,0
128,4,112,cube,6,1,0,0,0,62,193,16,,34,34,0
128,4,113,cube,6,1,0,1,0,70,203,16,,34,34,0
128,4,114,cube,6,1,0,2,0,60,177,16,,34,34,0
128,4,115,cube,6,1,0,3,0,58,194,16,,34,34,0
128,4,116,cube,6,1,0,4,0,58,170,16,,34,34,0
128,4,117,cube,6,1,0,5,0,62,179,16,,34,34,0
128,4,118,cube,6,1,0,6,0,57,181,16,,34,34,0
128,4,119,cube,6,1,0,7,0,62,188,16,,34,34,0
128,4,120,cube,7,1,0,0,0,0,0,,,,,1
128,4,121,cube,7,1,0,1,0,0,0,,,,,1
128,4,122,cube,7,1,0,2,0,0,0,,,,,1
128,4,123,cube,7,1,0,3,0,0,0,,,,,1
128,4,124,cube,7,1,0,4,0,0,0,,,,,1
128,4,125,cube,7,1,0,5,0,0,0,,,,,1
128,4,126,cube,7,1,0,6,0,0,0,,,,,1
128,4,127,cube,7,1,0,7,0,0,0,,,,,1
128,4,136,cube,1,2,0,0,0,42,186,21,,40,40,1
128,4,137,cube,1,2,0,1,0,49,181,21,,40,40,1
128,4,138,cube,1,2,0,2,0,44,176,21,,40,40,1
128,4,139,cube,1,2,0,3,0,43,173,21,,40,40,1
128,4,140,cube,1,2,0,4,0,41,158,21,,40,40,1
128,4,141,cube,1,2,0,5,0,38,162,21,,40,40,1
128,4,142,cube,1,2,0,6,0,40,169,21,,40,40,1
128,4,143,cube,1,2,0,7,0,33,167,21,,40,40,1
128,4,256,cube,0,4,0,0,0,3,150,31,,49,49,0
128,4,257,cube,0,4,0,1,0,2,131,31,,49,49,0
128,4,258,cube,0,4,0,2,0,3,118,31,,49,49,0
128,4,259,cube,0,4,0,3,0,5,149,31,,49,49,0
128,4,260,cube,0,4,0,4,0,2,137,31,,49,49,0
128,4,261,cube,0,4,0,5,0,4,125,31,,49,49,0
128,4,262,cube,0,4,0,6,0,6,130,31,,49,49,0
128,4,263,cube,0,4,0,7,0,6,130,31,,49,49,0
128,4,264,cube,1,4,0,0,0,7,136,30,,48,48,0
128,4,265,cube,1,4,0,1,0,11,132,30,,48,48,0
128,4,266,cube,1,4,0,2,0,5,132,30,,48,48,0
128,4,267,cube,1,4,0,3,0,7,132,30,,48,48,0
128,4,268,cube,1,4,0,4,0,7,120,30,,48,48,0
128,4,269,cube,1,4,0,5,0,6,128,30,,48,48,0
128,4,270,cube,1,4,0,6,0,8,127,30,,48,48,0
128,4,271,cube,1,4,0,7,0,7,141,30,,48,48,0
128,4,280,cube,3,4,0,0,0,60,203,17,,35,35,0
128,4,281,cube,3,4,0,1,0,53,171,17,,35,35,0
128,4,282,cube,3,4,0,2,0,64,180,17,,35,35,0
128,4,283,cube,3,4,0,3,0,57,192,17,,35,35,0
128,4,284,cube,3,4,0,4,0,62,198,18,,35,35,0
128,4,285,cube,3,4,0,5,0,60,199,17,,35,35,0
128,4,286,cube,3,4,0,6,0,58,193,17,,35,35,0
128,4,287,cube,3,4,0,7,0,54,173,17,,35,35,0
128,4,304,cube,6,4,0,0,0,28,154,25,,43,43,0
128,4,305,cube,6,4,0,1,0,32,156,25,,43,43,0
128,4,306,cube,6,4,0,2,0,27,151,25,,43,43,0
128,4,307,cube,6,4,0,3,0,26,165,25,,43,43,0
128,4,308,cube,6,4,0,4,0,28,159,25,,43,43,0
128,4,309,cube,6,4,0,5,0,30,163,25,,43,43,0
128,4,310,cube,6,4,0,6,0,29,165,25,,43,43,0
128,4,311,cube,6,4,0,7,0,24,151,25,,43,43,0
128,4,328,cube,1,5,0,0,0,9,131,30,,48,48,0
128,4,329,cube,1,5,0,1,0,8,141,30,,48,48,0
128,4,330,cube,1,5,0,2,0,7,143,30,,48,48,0
128,4,331,cube,1,5,0,3,0,9,131,30,,48,48,0
128,4,332,cube,1,5,0,4,0,10,120,30,,48,48,0
128,4,333,cube,1,5,0,5,0,9,121,30,,48,48,0
128,4,334,cube,1,5,0,6,0,8,120,30,,48,48,0
128,4,335,cube,1,5,0,7,0,4,127,30,,48,48,0
128,4,456,cube,1,7,0,0,0,10,136,30,,48,48,0
128,4,457,cube,1,7,0,1,0,7,138,30,,48,48,0
128,4,458,cube,1,7,0,2,0,6,158,30,,48,48,0
128,4,459,cube,1,7,0,3,0,4,133,30,,48,48,0
128,4,460,cube,1,7,0,4,0,5,143,30,,48,48,0
128,4,461,cube,1,7,0,5,0,11,130,30,,48,48,0
128,4,462,cube,1,7,0,6,0,6,140,30,,48,48,0
128,4,463,cube,1,7,0,7,0,7,131,30,,48,48,0
128,4,472,cube,3,7,0,0,0,0,87,40,,58,58,0
128,4,473,cube,3,7,0,1,0,0,102,40,,58,58,0
128,4,474,cube,3,7,0,2,0,0,108,40,,58,58,0
128,4,475,cube,3,7,0,3,0,0,88,40,,58,58,0
128,4,476,cube,3,7,0,4,0,0,91,40,,58,58,0
128,4,477,cube,3,7,0,5,0,0,91,40,,58,58,0
128,4,478,cube,3,7,0,6,0,0,99,40,,58,58,0
128,4,479,cube,3,7,0,7,0,0,98,40,,58,58,0
128,4,504,cube,7,7,0,0,0,48,178,21,,39,39,0
128,4,505,cube,7,7,0,1,0,45,173,21,,39,39,0
128,4,506,cube,7,7,0,2,0,47,178,21,,39,39,0
128,4,507,cube,7,7,0,3,0,46,170,21,,39,39,0
128,4,508,cube,7,7,0,4,0,44,165,21,,39,39,0
128,4,509,cube,7,7,0,5,0,46,186,21,,39,39,0
128,4,510,cube,7,7,0,6,0,48,169,21,,39,39,0
128,4,511,cube,7,7,0,7,0,45,170,21,,39,39,0
128,4,616,cube,5,1,1,0,0,0,40,55,,73,73,0
128,4,617,cube,5,1,1,1,0,0,42,55,,73,73,0
128,4,618,cube,5,1,1,2,0,0,39,55,,73,73,0
128,4,619,cube,5,1,1,3,0,0,37,55,,73,73,0
128,4,620,cube,5,1,1,4,0,0,39,55,,73,73,0
128,4,621,cube,5,1,1,5,0,0,32,55,,73,73,0
128,4,622,cube,5,1,1,6,0,0,28,55,,73,73,0
128,4,623,cube,5,1,1,7,0,0,37,55,,73,73,0
128,4,872,cube,5,5,1,0,0,0,0,,,,,1
128,4,873,cube,5,5,1,1,0,0,0,,,,,1
128,4,874,cube,5,5,1,2,0,0,0,,,,,1
128,4,875,cube,5,5,1,3,0,0,0,,,,,1
128,4,876,cube,5,5,1,4,0,0,0,,,,,1
128,4,877,cube,5,5,1,5,0,0,0,,,,,1
128,4,878,cube,5,5,1,6,0,0,0,,,,,1
128,4,879,cube,5,5,1,7,0,0,0,,,,,1
128,4,1032,cube,1,0,2,0,0,13,151,29,,48,48,1
128,4,1033,cube,1,0,2,1,0,9,151,29,,48,48,1
128,4,1034,cube,1,0,2,2,0,9,132,29,,48,48,1
128,4,1035,cube,1,0,2,3,0,4,130,29,,48,48,1
128,4,1036,cube,1,0,2,4,0,14,136,29,,48,48,1
128,4,1037,cube,1,0,2,5,0,6,137,29,,48,48,1
128,4,1038,cube,1,0,2,6,0,9,156,29,,48,48,1
128,4,1039,cube,1,0,2,7,0,10,121,29,,48,48,1
128,4,1040,cube,2,0,2,0,0,0,129,33,,51,51,0
128,4,1041,cube,2,0,2,1,0,0,118,33,,51,51,0
128,4,1042,cube,2,0,2,2,0,0,130,33,,51,51,0
128,4,1043,cube,2,0,2,3,0,0,117,33,,51,51,0
128,4,1044,cube,2,0,2,4,0,0,108,33,,51,51,0
128,4,1045,cube,2,0,2,5,0,0,118,33,,51,51,0
128,4,1046,cube,2,0,2,6,0,0,141,33,,51,51,0
128,4,1047,cube,2,0,2,7,0,0,114,33,,51,51,0
128,4,1096,cube,1,1,2,0,0,0,125,33,,51,51,0
128,4,1097,cube,1,1,2,1,0,0,126,33,,51,51,0
128,4,1098,cube,1,1,2,2,0,0,121,33,,51,51,0
128,4,1099,cube,1,1,2,3,0,0,128,33,,51,51,0
128,4,1100,cube,1,1,2,4,0,0,119,33,,51,51,0
128,4,1101,cube,1,1,2,5,0,0,106,33,,51,51,0
128,4,1102,cube,1,1,2,6,0,0,142,33,,51,51,0
128,4,1103,cube,1,1,2,7,0,0,120,33,,51,51,0
128,4,1208,cube,7,2,2,0,0,38,159,23,,41,41,0
128,4,1209,cube,7,2,2,1,0,31,162,23,,41,41,0
128,4,1210,cube,7,2,2,2,0,35,156,23,,41,41,0
128,4,1211,cube,7,2,2,3,0,37,178,23,,41,41,0
128,4,1212,cube,7,2,2,4,0,42,168,23,,41,41,0
128,4,1213,cube,7,2,2,5,0,36,165,23,,41,41,0
128,4,1214,cube,7,2,2,6,0,37,160,23,,41,41,0
128,4,1215,cube,7,2,2,7,0,40,160,23,,41,41,0
128,4,1272,cube,7,3,2,0,0,0,77,45,,63,63,0
128,4,1273,cube,7,3,2,1,0,0,74,45,,63,63,0
128,4,1274,cube,7,3,2,2,0,0,70,45,,63,63,0
128,4,1275,cube,7,3,2,3,0,0,76,45,,63,63,0
128,4,1276,cube,7,3,2,4,0,0,78,45,,63,63,0
128,4,1277,cube,7,3,2,5,0,0,80,45,,63,63,0
128,4,1278,cube,7,3,2,6,0,0,72,45,,63,63,0
128,4,1279,cube,7,3,2,7,0,0,64,45,,63,63,0
128,4,1352,cube,1,5,2,0,0,0,115,33,,51,51,0
128,4,1353,cube,1,5,2,1,0,0,124,33,,51,51,0
128,4,1354,cube,1,5,2,2,0,0,134,33,,51,51,0
128,4,1355,cube,1,5,2,3,0,0,131,33,,51,51,0
128,4,1356,cube,1,5,2,4,0,0,133,33,,51,51,0
128,4,1357,cube,1,5,2,5,0,0,119,33,,51,51,0
128,4,1358,cube,1,5,2,6,0,0,134,33,,51,51,0
128,4,1359,cube,1,5,2,7,0,0,115,33,,51,51,0
128,4,1392,cube,6,5,2,0,0,0,0,,,,,1
128,4,1393,cube,6,5,2,1,0,0,0,,,,,1
128,4,1394,cube,6,5,2,2,0,0,0,,,,,1
128,4,1395,cube,6,5,2,3,0,0,0,,,,,1
128,4,1396,cube,6,5,2,4,0,0,0,,,,,1
128,4,1397,cube,6,5,2,5,0,0,0,,,,,1
128,4,1398,cube,6,5,2,6,0,0,0,,,,,1
128,4,1399,cube,6,5,2,7,0,0,0,,,,,1
128,4,1600,cube,0,1,3,0,0,39,166,23,,41,41,0
128,4,1601,cube,0,1,3,1,0,31,150,23,,41,41,0
128,4,1602,cube,0,1,3,2,0,36,162,23,,41,41,0
128,4,1603,cube,0,1,3,3,0,34,162,23,,41,41,0
128,4,1604,cube,0,1,3,4,0,33,168,23,,41,41,0
128,4,1605,cube,0,1,3,5,0,34,157,23,,41,41,0
128,4,1606,cube,0,1,3,6,0,37,161,23,,41,41,0
128,4,1607,cube,0,1,3,7,0,31,158,23,,41,41,0
128,4,1608,cube,1,1,3,0,0,50,174,21,,39,39,0
128,4,1609,cube,1,1,3,1,0,45,163,21,,39,39,0
128,4,1610,cube,1,1,3,2,0,43,179,21,,39,39,0
128,4,1611,cube,1,1,3,3,0,47,169,21,,39,39,0
128,4,1612,cube,1,1,3,4,0,51,177,21,,39,39,0
128,4,1613,cube,1,1,3,5,0,53,170,21,,39,39,0
128,4,1614,cube,1,1,3,6,0,46,179,21,,39,39,0
128,4,1615,cube,1,1,3,7,0,43,176,21,,39,39,0
128,4,1616,cube,2,1,3,0,0,58,186,20,,38,38,0
128,4,1617,cube,2,1,3,1,0,48,191,20,,38,38,0
128,4,1618,cube,2,1,3,2,0,42,157,20,,38,38,0
128,4,1619,cube,2,1,3,3,0,43,168,20,,38,38,0
128,4,1620,cube,2,1,3,4,0,46,179,20,,38,38,0
128,4,1621,cube,2,1,3,5,0,52,175,20,,38,38,0
128,4,1622,cube,2,1,3,6,0,46,164,20,,38,38,0
128,4,1623,cube,2,1,3,7,0,56,173,20,,38,38,0
128,4,1683,cube,2,2,3,3,0,53,164,17,,36,36,1
128,4,1684,cube,2,2,3,4,0,60,182,17,,36,36,1
128,4,1685,cube,2,2,3,5,0,59,190,17,,36,36,1
128,4,1720,cube,7,2,3,0,0,37,181,20,,38,38,0
128,4,1721,cube,7,2,3,1,0,44,170,20,,38,38,0
128,4,1722,cube,7,2,3,2,0,58,194,20,,38,38,0
128,4,1723,cube,7,2,3,3,0,52,166,20,,38,38,0
128,4,1724,cube,7,2,3,4,0,51,177,20,,38,38,0
128,4,1725,cube,7,2,3,5,0,54,183,20,,38,38,0
128,4,1726,cube,7,2,3,6,0,50,171,20,,38,38,0
128,4,1727,cube,7,2,3,7,0,62,192,20,,38,38,0
128,4,1736,cube,1,3,3,0,0,0,112,36,,54,54,0
128,4,1737,cube,1,3,3,1,0,0,113,36,,54,54,0
128,4,1738,cube,1,3,3,2,0,0,124,36,,54,54,0
128,4,1739,cube,1,3,3,3,0,0,106,36,,54,54,0
128,4,1740,cube,1,3,3,4,0,0,103,36,,54,54,0
128,4,1741,cube,1,3,3,5,0,0,120,36,,54,54,0
128,4,1742,cube,1,3,3,6,0,0,112,36,,54,54,0
128,4,1743,cube,1,3,3,7,0,0,114,36,,54,54,0
128,4,1784,cube,7,3,3,0,0,43,174,21,,39,39,0
128,4,1785,cube,7,3,3,1,0,48,173,21,,39,39,0
128,4,1786,cube,7,3,3,2,0,41,168,21,,39,39,0
128,4,1787,cube,7,3,3,3,0,42,180,21,,39,39,0
128,4,1788,cube,7,3,3,4,0,48,179,21,,39,39,0
128,4,1789,cube,7,3,3,5,0,47,176,21,,39,39,0
128,4,1790,cube,7,3,3,6,0,45,164,21,,39,39,0
128,4,1791,cube,7,3,3,7,0,38,160,21,,39,39,0
128,4,1800,cube,1,4,3,0,0,33,150,22,,41,41,1
128,4,1801,cube,1,4,3,1,0,35,153,22,,41,41,1
128,4,1802,cube,1,4,3,2,0,36,161,22,,41,41,1
128,4,1803,cube,1,4,3,3,0,40,171,22,,41,41,1
128,4,1804,cube,1,4,3,4,0,44,169,22,,41,41,1
128,4,1805,cube,1,4,3,5,0,43,159,22,,41,41,1
128,4,1806,cube,1,4,3,6,0,43,181,22,,41,41,1
128,4,1807,cube,1,4,3,7,0,36,164,22,,41,41,1
128,4,1832,cube,5,4,3,0,0,0,6,63,,81,81,0
128,4,1833,cube,5,4,3,1,0,0,3,63,,81,81,0
128,4,1834,cube,5,4,3,2,0,0,47,49,,67,67,0
128,4,1835,cube,5,4,3,3,0,0,57,49,,67,67,0
128,4,1836,cube,5,4,3,4,0,0,55,49,,67,67,0
128,4,1837,cube,5,4,3,5,0,0,3,63,,81,81,0
128,4,1838,cube,5,4,3,6,0,0,56,49,,67,67,0
128,4,1839,cube,5,4,3,7,0,0,60,49,,67,67,0
128,4,1840,cube,6,4,3,0,0,0,91,43,,61,61,0
128,4,1841,cube,6,4,3,1,0,0,87,43,,61,61,0
128,4,1842,cube,6,4,3,2,0,0,81,43,,61,61,0
128,4,1843,cube,6,4,3,3,0,0,83,43,,61,61,0
128,4,1844,cube,6,4,3,4,0,0,87,43,,61,61,0
128,4,1845,cube,6,4,3,5,0,0,78,43,,61,61,0
128,4,1846,cube,6,4,3,6,0,0,85,43,,61,61,0
128,4,1847,cube,6,4,3,7,0,0,68,43,,61,61,0
128,4,1864,cube,1,5,3,0,0,0,104,38,,56,56,0
128,4,1865,cube,1,5,3,1,0,0,99,38,,56,56,0
128,4,1866,cube,1,5,3,2,0,0,114,38,,56,56,0
128,4,1867,cube,1,5,3,3,0,0,108,38,,56,56,0
128,4,1868,cube,1,5,3,4,0,0,114,38,,56,56,0
128,4,1869,cube,1,5,3,5,0,0,97,38,,56,56,0
128,4,1870,cube,1,5,3,6,0,0,93,38,,56,56,0
128,4,1871,cube,1,5,3,7,0,0,104,38,,56,56,0
128,4,1896,cube,5,5,3,0,0,0,0,,,,,1
128,4,1897,cube,5,5,3,1,0,0,0,,,,,1
128,4,1898,cube,5,5,3,2,0,0,0,,,,,1
128,4,1899,cube,5,5,3,3,0,0,0,,,,,1
128,4,1900,cube,5,5,3,4,0,0,0,,,,,1
128,4,1901,cube,5,5,3,5,0,0,0,,,,,1
128,4,1902,cube,5,5,3,6,0,0,0,,,,,1
128,4,1903,cube,5,5,3,7,0,0,0,,,,,1
128,4,1920,cube,0,6,3,0,0,40,160,23,,41,41,0
128,4,1921,cube,0,6,3,1,0,31,165,23,,41,41,0
128,4,1922,cube,0,6,3,2,0,33,162,23,,41,41,0
128,4,1923,cube,0,6,3,3,0,36,164,23,,41,41,0
128,4,1924,cube,0,6,3,4,0,33,160,23,,41,41,0
128,4,1925,cube,0,6,3,5,0,40,164,23,,41,41,0
128,4,1926,cube,0,6,3,6,0,32,167,23,,41,41,0
128,4,1927,cube,0,6,3,7,0,40,167,23,,41,41,0
128,4,1928,cube,1,6,3,0,0,0,77,43,,61,61,0
128,4,1929,cube,1,6,3,1,0,0,77,43,,61,61,0
128,4,1930,cube,1,6,3,2,0,0,87,43,,61,61,0
128,4,1931,cube,1,6,3,3,0,0,90,43,,61,61,0
128,4,1932,cube,1,6,3,4,0,0,82,43,,61,61,0
128,4,1933,cube,1,6,3,5,0,0,81,43,,61,61,0
128,4,1934,cube,1,6,3,6,0,0,76,43,,61,61,0
128,4,1935,cube,1,6,3,7,0,0,71,43,,61,61,0
128,4,1936,cube,2,6,3,0,0,0,35,53,,71,71,0
128,4,1937,cube,2,6,3,1,0,0,51,53,,71,71,0
128,4,1938,cube,2,6,3,2,0,0,45,53,,71,71,0
128,4,1939,cube,2,6,3,3,0,0,54,53,,71,71,0
128,4,1940,cube,2,6,3,4,0,0,45,53,,71,71,0
128,4,1941,cube,2,6,3,5,0,0,38,53,,71,71,0
128,4,1942,cube,2,6,3,6,0,0,45,53,,71,71,0
128,4,1943,cube,2,6,3,7,0,0,45,53,,71,71,0
128,4,1984,cube,0,7,3,0,0,33,170,23,,41,41,0
128,4,1985,cube,0,7,3,1,0,36,170,23,,41,41,0
128,4,1986,cube,0,7,3,2,0,37,167,23,,41,41,0
128,4,1987,cube,0,7,3,3,0,35,156,23,,41,41,0
128,4,1988,cube,0,7,3,4,0,37,166,23,,41,41,0
128,4,1989,cube,0,7,3,5,0,35,174,23,,41,41,0
128,4,1990,cube,0,7,3,6,0,34,150,23,,41,41,0
128,4,1991,cube,0,7,3,7,0,38,174,23,,41,41,0
128,4,2000,cube,2,7,3,0,0,0,119,34,,53,53,1
128,4,2001,cube,2,7,3,1,0,0,123,34,,53,53,1
128,4,2002,cube,2,7,3,2,0,0,125,34,,53,53,1
128,4,2003,cube,2,7,3,3,0,0,122,34,,53,53,1
128,4,2004,cube,2,7,3,4,0,0,115,34,,53,53,1
128,4,2005,cube,2,7,3,5,0,0,115,34,,53,53,1
128,4,2006,cube,2,7,3,6,0,0,114,34,,53,53,1
128,4,2007,cube,2,7,3,7,0,0,114,34,,53,53,1
128,4,2008,cube,3,7,3,0,0,0,0,,,,,1
128,4,2009,cube,3,7,3,1,0,0,0,,,,,1
128,4,2010,cube,3,7,3,2,0,0,0,,,,,1
128,4,2011,cube,3,7,3,3,0,0,0,,,,,1
128,4,2012,cube,3,7,3,4,0,0,0,,,,,1
128,4,2013,cube,3,7,3,5,0,0,0,,,,,1
128,4,2014,cube,3,7,3,6,0,0,0,,,,,1
128,4,2015,cube,3,7,3,7,0,0,0,,,,,1
128,4,2024,cube,5,7,3,0,0,0,84,44,,62,62,0
128,4,2025,cube,5,7,3,1,0,0,80,44,,62,62,0
128,4,2026,cube,5,7,3,2,0,0,80,44,,62,62,0
128,4,2027,cube,5,7,3,3,0,0,80,44,,62,62,0
128,4,2028,cube,5,7,3,4,0,0,78,44,,62,62,0
128,4,2029,cube,5,7,3,5,0,0,88,44,,62,62,0
128,4,2030,cube,5,7,3,6,0,0,82,44,,62,62,0
128,4,2031,cube,5,7,3,7,0,0,86,44,,62,62,0
128,4,2040,cube,7,7,3,0,0,44,175,21,,39,39,0
128,4,2041,cube,7,7,3,1,0,45,174,21,,39,39,0
128,4,2042,cube,7,7,3,2,0,46,168,21,,39,39,0
128,4,2043,cube,7,7,3,3,0,47,162,21,,39,39,0
128,4,2044,cube,7,7,3,4,0,40,155,21,,39,39,0
128,4,2045,cube,7,7,3,5,0,42,158,21,,39,39,0
128,4,2046,cube,7,7,3,6,0,46,164,21,,39,39,0
128,4,2047,cube,7,7,3,7,0,43,161,21,,39,39,0
128,4,2120,cube,1,1,4,0,0,47,175,21,,40,40,1
128,4,2121,cube,1,1,4,1,0,47,161,21,,40,40,1
128,4,2122,cube,1,1,4,2,0,39,170,21,,40,40,1
128,4,2123,cube,1,1,4,3,0,51,180,21,,40,40,1
128,4,2124,cube,1,1,4,4,0,45,169,21,,40,40,1
128,4,2125,cube,1,1,4,5,0,40,168,21,,40,40,1
128,4,2126,cube,1,1,4,6,0,40,166,21,,40,40,1
128,4,2127,cube,1,1,4,7,0,37,164,21,,40,40,1
128,4,2128,cube,2,1,4,0,0,0,95,39,,57,57,0
128,4,2129,cube,2,1,4,1,0,0,102,39,,57,57,0
128,4,2130,cube,2,1,4,2,0,0,106,39,,57,57,0
128,4,2131,cube,2,1,4,3,0,0,93,39,,57,57,0
128,4,2132,cube,2,1,4,4,0,0,94,39,,57,57,0
128,4,2133,cube,2,1,4,5,0,0,101,39,,57,57,0
128,4,2134,cube,2,1,4,6,0,0,102,39,,57,57,0
128,4,2135,cube,2,1,4,7,0,0,85,39,,57,57,0
128,4,2152,cube,5,1,4,0,0,45,171,20,,39,39,1
128,4,2153,cube,5,1,4,1,0,48,164,20,,39,39,1
128,4,2154,cube,5,1,4,2,0,35,172,20,,39,39,1
128,4,2155,cube,5,1,4,3,0,42,175,20,,39,39,1
128,4,2156,cube,5,1,4,4,0,43,178,20,,39,39,1
128,4,2157,cube,5,1,4,5,0,37,149,20,,39,39,1
128,4,2158,cube,5,1,4,6,0,43,170,20,,39,39,1
128,4,2159,cube,5,1,4,7,0,45,179,20,,39,39,1
128,4,2304,cube,0,4,4,0,0,55,180,17,,35,35,0
128,4,2305,cube,0,4,4,1,0,63,181,17,,35,35,0
128,4,2306,cube,0,4,4,2,0,61,192,17,,35,35,0
128,4,2307,cube,0,4,4,3,0,67,209,17,,35,35,0
128,4,2308,cube,0,4,4,4,0,58,193,17,,35,35,0
128,4,2309,cube,0,4,4,5,0,57,181,17,,35,35,0
128,4,2310,cube,0,4,4,6,0,55,176,17,,35,35,0
128,4,2311,cube,0,4,4,7,0,63,192,17,,35,35,0
128,4,2376,cube,1,5,4,0,0,11,131,29,,47,47,0
128,4,2377,cube,1,5,4,1,0,11,149,29,,47,47,0
128,4,2378,cube,1,5,4,2,0,17,131,29,,47,47,0
128,4,2379,cube,1,5,4,3,0,10,136,29,,47,47,0
128,4,2380,cube,1,5,4,4,0,12,147,29,,47,47,0
128,4,2381,cube,1,5,4,5,0,18,131,29,,47,47,0
128,4,2382,cube,1,5,4,6,0,15,140,29,,47,47,0
128,4,2383,cube,1,5,4,7,0,10,124,29,,47,47,0
128,4,2448,cube,2,6,4,0,0,57,185,18,,36,36,0
128,4,2449,cube,2,6,4,1,0,53,180,18,,36,36,0
128,4,2450,cube,2,6,4,2,0,51,175,18,,36,36,0
128,4,2451,cube,2,6,4,3,0,57,189,18,,36,36,0
128,4,2452,cube,2,6,4,4,0,49,191,18,,36,36,0
128,4,2453,cube,2,6,4,5,0,55,183,18,,36,36,0
128,4,2454,cube,2,6,4,6,0,67,184,18,,36,36,0
128,4,2455,cube,2,6,4,7,0,53,175,18,,36,36,0
128,4,2512,cube,2,7,4,0,0,0,4,63,,81,81,0
128,4,2513,cube,2,7,4,1,0,0,5,63,,81,81,0
128,4,2514,cube,2,7,4,2,0,0,3,63,,81,81,0
128,4,2515,cube,2,7,4,3,0,0,3,63,,81,81,0
128,4,2516,cube,2,7,4,4,0,0,5,63,,81,81,0
128,4,2517,cube,2,7,4,5,0,0,4,63,,81,81,0
128,4,2518,cube,2,7,4,6,0,0,2,63,,81,81,0
128,4,2519,cube,2,7,4,7,0,0,4,63,,81,81,0
128,4,2536,cube,5,7,4,0,0,36,159,23,,42,42,1
128,4,2537,cube,5,7,4,1,0,40,164,23,,42,42,1
128,4,2538,cube,5,7,4,2,0,35,166,23,,42,42,1
128,4,2539,cube,5,7,4,3,0,32,158,23,,42,42,1
128,4,2540,cube,5,7,4,4,0,28,165,23,,42,42,1
128,4,2541,cube,5,7,4,5,0,28,151,23,,42,42,1
128,4,2542,cube,5,7,4,6,0,34,161,23,,42,42,1
128,4,2543,cube,5,7,4,7,0,30,156,23,,42,42,1
128,4,2640,cube,2,1,5,0,0,0,111,37,,55,55,0
128,4,2641,cube,2,1,5,1,0,0,107,37,,55,55,0
128,4,2642,cube,2,1,5,2,0,0,120,37,,55,55,0
128,4,2643,cube,2,1,5,3,0,0,105,37,,55,55,0
128,4,2644,cube,2,1,5,4,0,0,101,37,,55,55,0
128,4,2645,cube,2,1,5,5,0,0,105,37,,55,55,0
128,4,2646,cube,2,1,5,6,0,0,125,37,,55,55,0
128,4,2647,cube,2,1,5,7,0,0,117,37,,55,55,0
128,4,2696,cube,1,2,5,0,0,0,131,32,,50,50,0
128,4,2697,cube,1,2,5,1,0,0,131,32,,50,50,0
128,4,2698,cube,1,2,5,2,0,0,126,32,,50,50,0
128,4,2699,cube,1,2,5,3,0,0,135,32,,50,50,0
128,4,2700,cube,1,2,5,4,0,0,127,32,,50,50,0
128,4,2701,cube,1,2,5,5,0,0,116,32,,50,50,0
128,4,2702,cube,1,2,5,6,0,0,131,32,,50,50,0
128,4,2703,cube,1,2,5,7,0,0,127,32,,50,50,0
128,4,2832,cube,2,4,5,0,0,0,140,32,,50,50,0
128,4,2833,cube,2,4,5,1,0,0,122,32,,50,50,0
128,4,2834,cube,2,4,5,2,0,0,136,32,,50,50,0
128,4,2835,cube,2,4,5,3,0,0,141,32,,50,50,0
128,4,2836,cube,2,4,5,4,0,0,127,32,,50,50,0
128,4,2837,cube,2,4,5,5,0,0,123,32,,50,50,0
128,4,2838,cube,2,4,5,6,0,0,125,32,,50,50,0
128,4,2839,cube,2,4,5,7,0,0,121,32,,50,50,0
128,4,3080,cube,1,0,6,0,0,0,73,46,,64,64,0
128,4,3081,cube,1,0,6,1,0,0,85,46,,64,64,0
128,4,3082,cube,1,0,6,2,0,0,65,46,,64,64,0
128,4,3083,cube,1,0,6,3,0,0,72,46,,64,64,0
128,4,3084,cube,1,0,6,4,0,0,75,46,,64,64,0
128,4,3085,cube,1,0,6,5,0,0,67,46,,64,64,0
128,4,3086,cube,1,0,6,6,0,0,74,46,,64,64,0
128,4,3087,cube,1,0,6,7,0,0,62,46,,64,64,0
128,4,3400,cube,1,5,6,0,0,51,172,19,,38,38,1
128,4,3401,cube,1,5,6,1,0,58,178,19,,38,38,1
128,4,3402,cube,1,5,6,2,0,50,172,19,,38,38,1
128,4,3403,cube,1,5,6,3,0,55,179,19,,38,38,1
128,4,3404,cube,1,5,6,4,0,48,179,19,,38,38,1
128,4,3405,cube,1,5,6,5,0,46,167,19,,38,38,1
128,4,3406,cube,1,5,6,6,0,42,170,19,,38,38,1
128,4,3407,cube,1,5,6,7,0,57,191,19,,38,38,1
128,4,3840,cube,0,4,7,0,0,0,51,52,,70,70,0
128,4,3841,cube,0,4,7,1,0,0,46,52,,70,70,0
128,4,3842,cube,0,4,7,2,0,0,45,52,,70,70,0
128,4,3843,cube,0,4,7,3,0,0,47,52,,70,70,0
128,4,3844,cube,0,4,7,4,0,0,46,52,,70,70,0
128,4,3845,cube,0,4,7,5,0,0,56,52,,70,70,0
128,4,3846,cube,0,4,7,6,0,0,45,52,,70,70,0
128,4,3847,cube,0,4,7,7,0,0,51,52,,70,70,0
128,4,3856,cube,2,4,7,0,0,0,100,40,,58,58,0
128,4,3857,cube,2,4,7,1,0,0,87,40,,58,58,0
128,4,3858,cube,2,4,7,2,0,0,87,40,,58,58,0
128,4,3859,cube,2,4,7,3,0,0,95,40,,58,58,0
128,4,3860,cube,2,4,7,4,0,0,95,40,,58,58,0
128,4,3861,cube,2,4,7,5,0,0,91,40,,58,58,0
128,4,3862,cube,2,4,7,6,0,0,99,40,,58,58,0
128,4,3863,cube,2,4,7,7,0,0,100,40,,58,58,0
128,4,3864,cube,3,4,7,0,0,31,166,23,,42,42,1
128,4,3865,cube,3,4,7,1,0,32,170,23,,42,42,1
128,4,3866,cube,3,4,7,2,0,30,155,23,,42,42,1
128,4,3867,cube,3,4,7,3,0,38,167,23,,42,42,1
128,4,3868,cube,3,4,7,4,0,40,155,23,,42,42,1
128,4,3869,cube,3,4,7,5,0,37,164,23,,42,42,1
128,4,3870,cube,3,4,7,6,0,35,164,23,,42,42,1
128,4,3871,cube,3,4,7,7,0,33,167,23,,42,42,1
128,4,4048,cube,2,7,7,0,0,0,116,35,,53,53,0
128,4,4049,cube,2,7,7,1,0,0,123,35,,53,53,0
128,4,4050,cube,2,7,7,2,0,0,112,35,,53,53,0
128,4,4051,cube,2,7,7,3,0,0,121,35,,53,53,0
128,4,4052,cube,2,7,7,4,0,0,112,35,,53,53,0
128,4,4053,cube,2,7,7,5,0,0,117,35,,53,53,0
128,4,4054,cube,2,7,7,6,0,0,102,35,,53,53,0
128,4,4055,cube,2,7,7,7,0,0,123,35,,53,53,0
128,4,4056,cube,3,7,7,0,0,0,104,35,,53,53,0
128,4,4057,cube,3,7,7,1,0,0,117,35,,53,53,0
128,4,4058,cube,3,7,7,2,0,0,116,35,,53,53,0
128,4,4059,cube,3,7,7,3,0,0,121,35,,53,53,0
128,4,4060,cube,3,7,7,4,0,0,118,35,,53,53,0
128,4,4061,cube,3,7,7,5,0,0,110,35,,53,53,0
128,4,4062,cube,3,7,7,6,0,0,124,35,,53,53,0
128,4,4063,cube,3,7,7,7,0,0,122,35,,53,53,0
128,5,32,cube,4,0,0,0,0,0,126,34,,52,52,0
128,5,33,cube,4,0,0,1,0,0,120,34,,52,52,0
128,5,34,cube,4,0,0,2,0,0,115,34,,52,52,0
128,5,35,cube,4,0,0,3,0,0,121,34,,52,52,0
128,5,36,cube,4,0,0,4,0,0,108,34,,52,52,0
128,5,37,cube,4,0,0,5,0,0,134,34,,52,52,0
128,5,38,cube,4,0,0,6,0,0,123,34,,52,52,0
128,5,39,cube,4,0,0,7,0,0,122,34,,52,52,0
128,5,208,cube,2,3,0,0,0,0,26,57,,75,75,0
128,5,209,cube,2,3,0,1,0,0,37,57,,75,75,0
128,5,210,cube,2,3,0,2,0,0,26,57,,75,75,0
128,5,211,cube,2,3,0,3,0,0,30,57,,75,75,0
128,5,212,cube,2,3,0,4,0,0,27,57,,75,75,0
128,5,213,cube,2,3,0,5,0,0,19,57,,75,75,0
128,5,214,cube,2,3,0,6,0,0,29,57,,75,75,0
128,5,215,cube,2,3,0,7,0,0,33,57,,75,75,0
128,5,224,cube,4,3,0,0,0,0,0,,,,,1
128,5,225,cube,4,3,0,1,0,0,0,,,,,1
128,5,226,cube,4,3,0,2,0,0,0,,,,,1
128,5,227,cube,4,3,0,3,0,0,0,,,,,1
128,5,228,cube,4,3,0,4,0,0,0,,,,,1
128,5,229,cube,4,3,0,5,0,0,0,,,,,1
128,5,230,cube,4,3,0,6,0,0,0,,,,,1
128,5,231,cube,4,3,0,7,0,0,0,,,,,1
128,5,352,cube,4,5,0,0,0,0,118,32,,51,51,1
128,5,353,cube,4,5,0,1,0,0,135,32,,51,51,1
128,5,354,cube,4,5,0,2,0,0,124,32,,51,51,1
128,5,355,cube,4,5,0,3,0,0,132,32,,51,51,1
128,5,356,cube,4,5,0,4,0,0,123,32,,51,51,1
128,5,357,cube,4,5,0,5,0,0,124,32,,51,51,1
128,5,358,cube,4,5,0,6,0,0,122,32,,51,51,1
128,5,359,cube,4,5,0,7,0,0,137,32,,51,51,1
128,5,368,cube,6,5,0,0,0,45,176,20,,38,38,0
128,5,369,cube,6,5,0,1,0,52,177,20,,38,38,0
128,5,370,cube,6,5,0,2,0,48,173,20,,38,38,0
128,5,371,cube,6,5,0,3,0,46,174,20,,38,38,0
128,5,372,cube,6,5,0,4,0,51,173,20,,38,38,0
128,5,373,cube,6,5,0,5,0,48,177,20,,38,38,0
128,5,374,cube,6,5,0,6,0,49,169,20,,38,38,0
128,5,375,cube,6,5,0,7,0,39,162,20,,38,38,0
128,5,402,cube,2,6,0,2,0,24,163,26,,45,45,1
128,5,456,cube,1,7,0,0,0,26,161,26,,44,44,0
128,5,457,cube,1,7,0,1,0,28,157,26,,44,44,0
128,5,458,cube,1,7,0,2,0,19,145,26,,44,44,0
128,5,459,cube,1,7,0,3,0,23,145,26,,44,44,0
128,5,460,cube,1,7,0,4,0,24,146,26,,44,44,0
128,5,461,cube,1,7,0,5,0,24,152,26,,44,44,0
128,5,462,cube,1,7,0,6,0,23,158,26,,44,44,0
128,5,463,cube,1,7,0,7,0,28,149,26,,44,44,0
128,5,464,cube,2,7,0,0,0,0,128,32,,50,50,0
128,5,465,cube,2,7,0,1,0,0,129,32,,50,50,0
128,5,466,cube,2,7,0,2,0,0,127,32,,50,50,0
128,5,467,cube,2,7,0,3,0,0,120,32,,50,50,0
128,5,468,cube,2,7,0,4,0,0,123,32,,50,50,0
128,5,469,cube,2,7,0,5,0,0,133,32,,50,50,0
128,5,470,cube,2,7,0,6,0,0,140,32,,50,50,0
128,5,471,cube,2,7,0,7,0,0,132,32,,50,50,0
128,5,720,cube,2,3,1,0,0,8,147,30,,48,48,0
128,5,721,cube,2,3,1,1,0,8,134,30,,48,48,0
128,5,722,cube,2,3,1,2,0,8,124,30,,48,48,0
128,5,723,cube,2,3,1,3,0,7,132,30,,48,48,0
128,5,724,cube,2,3,1,4,0,6,130,30,,48,48,0
128,5,725,cube,2,3,1,5,0,6,124,30,,48,48,0
128,5,726,cube,2,3,1,6,0,10,129,30,,48,48,0
128,5,727,cube,2,3,1,7,0,8,132,30,,48,48,0
128,5,736,cube,4,3,1,0,0,0,95,41,,59,59,0
128,5,737,cube,4,3,1,1,0,0,97,41,,59,59,0
128,5,738,cube,4,3,1,2,0,0,90,41,,59,59,0
128,5,739,cube,4,3,1,3,0,0,100,41,,59,59,0
128,5,740,cube,4,3,1,4,0,0,102,41,,59,59,0
128,5,741,cube,4,3,1,5,0,0,86,41,,59,59,0
128,5,742,cube,4,3,1,6,0,0,101,41,,59,59,0
128,5,743,cube,4,3,1,7,0,0,93,41,,59,59,0
128,5,752,cube,6,3,1,0,0,12,134,29,,47,47,0
128,5,753,cube,6,3,1,1,0,10,125,29,,47,47,0
128,5,754,cube,6,3,1,2,0,11,135,29,,47,47,0
128,5,755,cube,6,3,1,3,0,18,139,29,,47,47,0
128,5,756,cube,6,3,1,4,0,11,145,29,,47,47,0
128,5,757,cube,6,3,1,5,0,12,144,29,,47,47,0
128,5,758,cube,6,3,1,6,0,11,136,29,,47,47,0
128,5,759,cube,6,3,1,7,0,17,150,29,,47,47,0
128,5,800,cube,4,4,1,0,0,32,163,24,,42,42,0
128,5,801,cube,4,4,1,1,0,34,168,24,,42,42,0
128,5,802,cube,4,4,1,2,0,30,145,24,,42,42,0
128,5,803,cube,4,4,1,3,0,27,148,24,,42,42,0
128,5,804,cube,4,4,1,4,0,32,158,24,,42,42,0
128,5,805,cube,4,4,1,5,0,32,176,24,,42,42,0
128,5,806,cube,4,4,1,6,0,36,156,24,,42,42,0
128,5,807,cube,4,4,1,7,0,39,165,24,,42,42,0
128,5,816,cube,6,4,1,0,0,15,149,29,,47,47,0
128,5,817,cube,6,4,1,1,0,5,145,29,,47,47,0
128,5,818,cube,6,4,1,2,0,16,140,29,,47,47,0
128,5,819,cube,6,4,1,3,0,17,133,29,,47,47,0
128,5,820,cube,6,4,1,4,0,12,134,29,,47,47,0
128,5,821,cube,6,4,1,5,0,10,142,29,,47,47,0
128,5,822,cube,6,4,1,6,0,8,128,29,,47,47,0
128,5,823,cube,6,4,1,7,0,16,152,29,,47,47,0
128,5,840,cube,1,5,1,0,0,0,112,37,,55,55,0
128,5,841,cube,1,5,1,1,0,0,113,37,,55,55,0
128,5,842,cube,1,5,1,2,0,0,112,37,,55,55,0
128,5,843,cube,1,5,1,3,0,0,105,37,,55,55,0
128,5,844,cube,1,5,1,4,0,0,110,37,,55,55,0
128,5,845,cube,1,5,1,5,0,0,114,37,,55,55,0
128,5,846,cube,1,5,1,6,0,0,97,37,,55,55,0
128,5,847,cube,1,5,1,7,0,0,100,37,,55,55,0
128,5,880,cube,6,5,1,0,0,44,153,20,,38,38,0
128,5,881,cube,6,5,1,1,0,60,191,20,,38,38,0
128,5,882,cube,6,5,1,2,0,53,177,20,,38,38,0
128,5,883,cube,6,5,1,3,0,59,187,20,,38,38,0
128,5,884,cube,6,5,1,4,0,40,173,20,,38,38,0
128,5,885,cube,6,5,1,5,0,52,175,20,,38,38,0
128,5,886,cube,6,5,1,6,0,60,178,20,,38,38,0
128,5,887,cube,6,5,1,7,0,43,157,20,,38,38,0
128,5,1024,cube,0,0,2,0,0,0,107,36,,54,54,0
128,5,1025,cube,0,0,2,1,0,0,105,36,,54,54,0
128,5,1026,cube,0,0,2,2,0,0,114,36,,54,54,0
128,5,1027,cube,0,0,2,3,0,0,116,36,,54,54,0
128,5,1028,cube,0,0,2,4,0,0,122,36,,54,54,0
128,5,1029,cube,0,0,2,5,0,0,104,36,,54,54,0
128,5,1030,cube,0,0,2,6,0,0,116,36,,54,54,0
128,5,1031,cube,0,0,2,7,0,0,101,36,,54,54,0
128,5,1056,cube,4,0,2,0,0,0,127,34,,52,52,0
128,5,1057,cube,4,0,2,1,0,0,113,34,,52,52,0
128,5,1058,cube,4,0,2,2,0,0,134,34,,52,52,0
128,5,1059,cube,4,0,2,3,0,0,126,34,,52,52,0
128,5,1060,cube,4,0,2,4,0,0,119,34,,52,52,0
128,5,1061,cube,4,0,2,5,0,0,123,34,,52,52,0
128,5,1062,cube,4,0,2,6,0,0,121,34,,52,52,0
128,5,1063,cube,4,0,2,7,0,0,127,34,,52,52,0
128,5,1088,cube,0,1,2,0,0,0,112,35,,53,53,0
128,5,1089,cube,0,1,2,1,0,0,106,35,,53,53,0
128,5,1090,cube,0,1,2,2,0,0,127,35,,53,53,0
128,5,1091,cube,0,1,2,3,0,0,132,35,,53,53,0
128,5,1092,cube,0,1,2,4,0,0,123,35,,53,53,0
128,5,1093,cube,0,1,2,5,0,0,118,35,,53,53,0
128,5,1094,cube,0,1,2,6,0,0,122,35,,53,53,0
128,5,1095,cube,0,1,2,7,0,0,114,35,,53,53,0
128,5,1104,cube,2,1,2,0,0,0,0,,,,,1
128,5,1105,cube,2,1,2,1,0,0,0,,,,,1
128,5,1106,cube,2,1,2,2,0,0,0,,,,,1
128,5,1107,cube,2,1,2,3,0,0,0,,,,,1
128,5,1108,cube,2,1,2,4,0,0,0,,,,,1
128,5,1109,cube,2,1,2,5,0,0,0,,,,,1
128,5,1110,cube,2,1,2,6,0,0,0,,,,,1
128,5,1111,cube,2,1,2,7,0,0,0,,,,,1
128,5,1120,cube,4,1,2,0,0,0,55,50,,69,69,1
128,5,1121,cube,4,1,2,1,0,0,52,50,,69,69,1
128,5,1122,cube,4,1,2,2,0,0,57,50,,69,69,1
128,5,1123,cube,4,1,2,3,0,0,60,50,,69,69,1
128,5,1124,cube,4,1,2,4,0,0,60,50,,69,69,1
128,5,1125,cube,4,1,2,5,0,0,59,50,,69,69,1
128,5,1126,cube,4,1,2,6,0,0,51,50,,69,69,1
128,5,1127,cube,4,1,2,7,0,0,51,50,,69,69,1
128,5,1128,cube,5,1,2,0,0,0,0,,,,,1
128,5,1129,cube,5,1,2,1,0,0,0,,,,,1
128,5,1130,cube,5,1,2,2,0,0,0,,,,,1
128,5,1131,cube,5,1,2,3,0,0,0,,,,,1
128,5,1132,cube,5,1,2,4,0,0,0,,,,,1
128,5,1133,cube,5,1,2,5,0,0,0,,,,,1
128,5,1134,cube,5,1,2,6,0,0,0,,,,,1
128,5,1135,cube,5,1,2,7,0,0,0,,,,,1
128,5,1352,cube,1,5,2,0,0,20,159,28,,46,46,0
128,5,1353,cube,1,5,2,1,0,14,157,28,,46,46,0
128,5,1354,cube,1,5,2,2,0,17,149,28,,46,46,0
128,5,1355,cube,1,5,2,3,0,18,142,28,,46,46,0
128,5,1356,cube,1,5,2,4,0,14,139,28,,46,46,0
128,5,1357,cube,1,5,2,5,0,11,134,28,,46,46,0
128,5,1358,cube,1,5,2,6,0,16,139,28,,46,46,0
128,5,1359,cube,1,5,2,7,0,16,138,28,,46,46,0
128,5,1360,cube,2,5,2,0,0,0,35,56,,74,74,0
128,5,1361,cube,2,5,2,1,0,0,35,56,,74,74,0
128,5,1362,cube,2,5,2,2,0,0,35,56,,74,74,0
128,5,1363,cube,2,5,2,3,0,0,31,56,,74,74,0
128,5,1364,cube,2,5,2,4,0,0,28,56,,74,74,0
128,5,1365,cube,2,5,2,5,0,0,37,56,,74,74,0
128,5,1366,cube,2,5,2,6,0,0,31,56,,74,74,0
128,5,1367,cube,2,5,2,7,0,0,36,56,,74,74,0
128,5,1504,cube,4,7,2,0,0,0,85,44,,62,62,0
128,5,1505,cube,4,7,2,1,0,0,88,44,,62,62,0
128,5,1506,cube,4,7,2,2,0,0,81,44,,62,62,0
128,5,1507,cube,4,7,2,3,0,0,82,44,,62,62,0
128,5,1508,cube,4,7,2,4,0,0,80,44,,62,62,0
128,5,1509,cube,4,7,2,5,0,0,85,44,,62,62,0
128,5,1510,cube,4,7,2,6,0,0,77,44,,62,62,0
128,5,1511,cube,4,7,2,7,0,0,73,44,,62,62,0
128,5,1512,cube,5,7,2,0,0,4,141,31,,49,49,0
128,5,1513,cube,5,7,2,1,0,3,141,31,,49,49,0
128,5,1514,cube,5,7,2,2,0,3,129,31,,49,49,0
128,5,1515,cube,5,7,2,3,0,3,141,31,,49,49,0
128,5,1516,cube,5,7,2,4,0,7,133,31,,49,49,0
128,5,1517,cube,5,7,2,5,0,3,135,31,,49,49,0
128,5,1518,cube,5,7,2,6,0,4,142,31,,49,49,0
128,5,1519,cube,5,7,2,7,0,3,136,31,,49,49,0
128,5,1736,cube,1,3,3,0,0,38,165,22,,40,40,0
128,5,1737,cube,1,3,3,1,0,45,177,22,,40,40,0
128,5,1738,cube,1,3,3,2,0,41,163,22,,40,40,0
128,5,1739,cube,1,3,3,3,0,39,166,22,,40,40,0
128,5,1740,cube,1,3,3,4,0,40,165,22,,40,40,0
128,5,1741,cube,1,3,3,5,0,36,168,22,,40,40,0
128,5,1742,cube,1,3,3,6,0,41,177,22,,40,40,0
128,5,1743,cube,1,3,3,7,0,42,164,22,,40,40,0
128,5,1960,cube,5,6,3,0,0,0,60,48,,66,66,0
128,5,1961,cube,5,6,3,1,0,0,58,48,,66,66,0
128,5,1962,cube,5,6,3,2,0,0,64,48,,66,66,0
128,5,1963,cube,5,6,3,3,0,0,63,48,,66,66,0
128,5,1964,cube,5,6,3,4,0,0,66,48,,66,66,0
128,5,1965,cube,5,6,3,5,0,0,69,48,,66,66,0
128,5,1966,cube,5,6,3,6,0,0,66,48,,66,66,0
128,5,1967,cube,5,6,3,7,0,0,76,48,,66,66,0
128,5,2024,cube,5,7,3,0,0,2,131,31,,49,49,0
128,5,2025,cube,5,7,3,1,0,3,121,31,,49,49,0
128,5,2026,cube,5,7,3,2,0,1,123,31,,49,49,0
128,5,2027,cube,5,7,3,3,0,5,133,31,,49,49,0
128,5,2028,cube,5,7,3,4,0,3,134,31,,49,49,0
128,5,2029,cube,5,7,3,5,0,4,123,31,,49,49,0
128,5,2030,cube,5,7,3,6,0,6,136,31,,49,49,0
128,5,2031,cube,5,7,3,7,0,6,128,31,,49,49,0
128,5,2256,cube,2,3,4,0,0,62,195,18,,37,37,1
128,5,2257,cube,2,3,4,1,0,61,181,18,,37,37,1
128,5,2258,cube,2,3,4,2,0,57,170,18,,37,37,1
128,5,2259,cube,2,3,4,3,0,57,185,18,,37,37,1
128,5,2260,cube,2,3,4,4,0,47,168,18,,37,37,1
128,5,2261,cube,2,3,4,5,0,51,189,18,,37,37,1
128,5,2262,cube,2,3,4,6,0,54,186,18,,37,37,1
128,5,2263,cube,2,3,4,7,0,50,178,18,,37,37,1
128,5,2285,cube,5,3,4,5,0,15,138,28,,46,46,0
128,5,2360,cube,7,4,4,0,0,66,175,16,,34,34,0
128,5,2361,cube,7,4,4,1,0,61,178,16,,34,34,0
128,5,2362,cube,7,4,4,2,0,63,192,16,,34,34,0
128,5,2363,cube,7,4,4,3,0,68,206,16,,34,34,0
128,5,2364,cube,7,4,4,4,0,66,195,16,,34,34,0
128,5,2365,cube,7,4,4,5,0,73,206,16,,34,34,0
128,5,2366,cube,7,4,4,6,0,63,190,16,,34,34,0
128,5,2367,cube,7,4,4,7,0,66,203,16,,34,34,0
128,5,2384,cube,2,5,4,0,0,47,175,19,,37,37,0
128,5,2385,cube,2,5,4,1,0,58,185,19,,37,37,0
128,5,2386,cube,2,5,4,2,0,58,188,19,,37,37,0
128,5,2387,cube,2,5,4,3,0,54,189,19,,37,37,0
128,5,2388,cube,2,5,4,4,0,48,183,19,,37,37,0
128,5,2389,cube,2,5,4,5,0,46,172,19,,37,37,0
128,5,2390,cube,2,5,4,6,0,58,193,19,,37,37,0
128,5,2391,cube,2,5,4,7,0,48,169,19,,37,37,0
128,5,2448,cube,2,6,4,0,0,4,127,31,,49,49,0
128,5,2449,cube,2,6,4,1,0,3,134,31,,49,49,0
128,5,2450,cube,2,6,4,2,0,3,116,31,,49,49,0
128,5,2451,cube,2,6,4,3,0,6,137,31,,49,49,0
128,5,2452,cube,2,6,4,4,0,2,134,31,,49,49,0
128,5,2453,cube,2,6,4,5,0,4,137,31,,49,49,0
128,5,2454,cube,2,6,4,6,0,5,135,31,,49,49,0
128,5,2455,cube,2,6,4,7,0,4,134,31,,49,49,0
128,5,2552,cube,7,7,4,0,0,5,134,31,,49,49,0
128,5,2553,cube,7,7,4,1,0,4,138,31,,49,49,0
128,5,2554,cube,7,7,4,2,0,2,142,31,,49,49,0
128,5,2555,cube,7,7,4,3,0,5,128,31,,49,49,0
128,5,2556,cube,7,7,4,4,0,4,122,31,,49,49,0
128,5,2557,cube,7,7,4,5,0,3,126,31,,49,49,0
128,5,2558,cube,7,7,4,6,0,3,121,31,,49,49,0
128,5,2559,cube,7,7,4,7,0,4,132,31,,49,49,0
128,5,2800,cube,6,3,5,0,0,17,153,28,,46,46,0
128,5,2801,cube,6,3,5,1,0,19,144,28,,46,46,0
128,5,2802,cube,6,3,5,2,0,14,150,28,,46,46,0
128,5,2803,cube,6,3,5,3,0,16,144,28,,46,46,0
128,5,2804,cube,6,3,5,4,0,15,143,28,,46,46,0
128,5,2805,cube,6,3,5,5,0,19,148,28,,46,46,0
128,5,2806,cube,6,3,5,6,0,14,151,28,,46,46,0
128,5,2807,cube,6,3,5,7,0,15,157,28,,46,46,0
128,5,2808,cube,7,3,5,0,0,60,183,16,,34,34,0
128,5,2809,cube,7,3,5,1,0,67,192,16,,34,34,0
128,5,2810,cube,7,3,5,2,0,60,183,16,,34,34,0
128,5,2811,cube,7,3,5,3,0,58,193,16,,34,34,0
128,5,2812,cube,7,3,5,4,0,71,190,16,,34,34,0
128,5,2813,cube,7,3,5,5,0,56,184,16,,34,34,0
128,5,2814,cube,7,3,5,6,0,68,201,16,,34,34,0
128,5,2815,cube,7,3,5,7,0,64,191,16,,34,34,0
128,5,2832,cube,2,4,5,0,0,0,129,32,,50,50,0
128,5,2833,cube,2,4,5,1,0,0,135,32,,50,50,0
128,5,2834,cube,2,4,5,2,0,0,125,32,,50,50,0
128,5,2835,cube,2,4,5,3,0,0,126,32,,50,50,0
128,5,2836,cube,2,4,5,4,0,0,120,32,,50,50,0
128,5,2837,cube,2,4,5,5,0,0,133,32,,50,50,0
128,5,2838,cube,2,4,5,6,0,0,142,32,,50,50,0
128,5,2839,cube,2,4,5,7,0,0,120,32,,50,50,0
128,5,2848,cube,4,4,5,0,0,38,169,24,,42,42,0
128,5,2849,cube,4,4,5,1,0,26,150,24,,42,42,0
128,5,2850,cube,4,4,5,2,0,33,151,24,,42,42,0
128,5,2851,cube,4,4,5,3,0,37,149,24,,42,42,0
128,5,2852,cube,4,4,5,4,0,29,163,24,,42,42,0
128,5,2853,cube,4,4,5,5,0,28,147,24,,42,42,0
128,5,2854,cube,4,4,5,6,0,29,139,24,,42,42,0
128,5,2855,cube,4,4,5,7,0,34,170,24,,42,42,0
128,5,2872,cube,7,4,5,0,0,67,199,16,,34,34,0
128,5,2873,cube,7,4,5,1,0,67,188,16,,34,34,0
128,5,2874,cube,7,4,5,2,0,63,182,16,,34,34,0
128,5,2875,cube,7,4,5,3,0,66,186,16,,34,34,0
128,5,2876,cube,7,4,5,4,0,63,201,16,,34,34,0
128,5,2877,cube,7,4,5,5,0,61,197,16,,34,34,0
128,5,2878,cube,7,4,5,6,0,69,201,16,,34,34,0
128,5,2879,cube,7,4,5,7,0,70,197,16,,34,34,0
128,5,3000,cube,7,6,5,0,0,0,43,50,,68,68,0
128,5,3001,cube,7,6,5,1,0,0,58,50,,68,68,0
128,5,3002,cube,7,6,5,2,0,0,64,50,,68,68,0
128,5,3003,cube,7,6,5,3,0,0,52,50,,68,68,0
128,5,3004,cube,7,6,5,4,0,0,59,50,,68,68,0
128,5,3005,cube,7,6,5,5,0,0,47,50,,68,68,0
128,5,3006,cube,7,6,5,6,0,0,59,50,,68,68,0
128,5,3007,cube,7,6,5,7,0,0,61,50,,68,68,0
128,5,3024,cube,2,7,5,0,0,4,139,31,,49,49,0
128,5,3025,cube,2,7,5,1,0,2,136,31,,49,49,0
128,5,3026,cube,2,7,5,2,0,2,141,31,,49,49,0
128,5,3027,cube,2,7,5,3,0,3,126,31,,49,49,0
128,5,3028,cube,2,7,5,4,0,5,126,31,,49,49,0
128,5,3029,cube,2,7,5,5,0,4,130,31,,49,49,0
128,5,3030,cube,2,7,5,6,0,2,127,31,,49,49,0
128,5,3031,cube,2,7,5,7,0,2,117,31,,49,49,0
128,5,3048,cube,5,7,5,0,0,4,124,31,,49,49,0
128,5,3049,cube,5,7,5,1,0,5,132,31,,49,49,0
128,5,3050,cube,5,7,5,2,0,6,118,31,,49,49,0
128,5,3051,cube,5,7,5,3,0,2,130,31,,49,49,0
128,5,3052,cube,5,7,5,4,0,5,139,31,,49,49,0
128,5,3053,cube,5,7,5,5,0,4,135,31,,49,49,0
128,5,3054,cube,5,7,5,6,0,5,142,31,,49,49,0
128,5,3055,cube,5,7,5,7,0,4,137,31,,49,49,0
128,5,3056,cube,6,7,5,0,0,19,147,28,,46,46,0
128,5,3057,cube,6,7,5,1,0,17,131,28,,46,46,0
128,5,3058,cube,6,7,5,2,0,15,149,28,,46,46,0
128,5,3059,cube,6,7,5,3,0,18,143,28,,46,46,0
128,5,3060,cube,6,7,5,4,0,16,147,28,,46,46,0
128,5,3061,cube,6,7,5,5,0,19,138,28,,46,46,0
128,5,3062,cube,6,7,5,6,0,17,145,28,,46,46,0
128,5,3063,cube,6,7,5,7,0,15,143,28,,46,46,0
128,5,3064,cube,7,7,5,0,0,4,135,31,,49,49,0
128,5,3065,cube,7,7,5,1,0,3,138,31,,49,49,0
128,5,3066,cube,7,7,5,2,0,2,129,31,,49,49,0
128,5,3067,cube,7,7,5,3,0,4,128,31,,49,49,0
128,5,3068,cube,7,7,5,4,0,3,117,31,,49,49,0
128,5,3069,cube,7,7,5,5,0,3,138,31,,49,49,0
128,5,3070,cube,7,7,5,6,0,5,134,31,,49,49,0
128,5,3071,cube,7,7,5,7,0,2,137,31,,49,49,0
128,5,3152,cube,2,1,6,0,0,7,144,30,,49,49,1
128,5,3153,cube,2,1,6,1,0,5,134,30,,49,49,1
128,5,3154,cube,2,1,6,2,0,6,128,30,,49,49,1
128,5,3155,cube,2,1,6,3,0,8,135,30,,49,49,1
128,5,3156,cube,2,1,6,4,0,7,144,30,,49,49,1
128,5,3157,cube,2,1,6,5,0,11,144,30,,49,49,1
128,5,3158,cube,2,1,6,6,0,3,117,30,,49,49,1
128,5,3159,cube,2,1,6,7,0,4,136,30,,49,49,1
128,5,3296,cube,4,3,6,0,0,61,193,16,,34,34,0
128,5,3297,cube,4,3,6,1,0,65,191,16,,34,34,0
128,5,3298,cube,4,3,6,2,0,57,182,16,,34,34,0
128,5,3299,cube,4,3,6,3,0,60,177,16,,34,34,0
128,5,3300,cube,4,3,6,4,0,59,180,16,,34,34,0
128,5,3301,cube,4,3,6,5,0,61,188,16,,34,34,0
128,5,3302,cube,4,3,6,6,0,62,197,16,,34,34,0
128,5,3303,cube,4,3,6,7,0,67,207,16,,34,34,0
128,5,3312,cube,6,3,6,0,0,0,63,48,,67,67,1
128,5,3313,cube,6,3,6,1,0,0,58,48,,67,67,1
128,5,3314,cube,6,3,6,2,0,0,71,48,,67,67,1
128,5,3315,cube,6,3,6,3,0,0,68,48,,67,67,1
128,5,3316,cube,6,3,6,4,0,0,70,48,,67,67,1
128,5,3317,cube,6,3,6,5,0,0,60,48,,67,67,1
128,5,3318,cube,6,3,6,6,0,0,64,48,,67,67,1
128,5,3319,cube,6,3,6,7,0,0,62,48,,67,67,1
128,5,3320,cube,7,3,6,0,0,0,92,39,,57,57,0
128,5,3321,cube,7,3,6,1,0,0,107,39,,57,57,0
128,5,3322,cube,7,3,6,2,0,0,95,39,,57,57,0
128,5,3323,cube,7,3,6,3,0,0,96,39,,57,57,0
128,5,3324,cube,7,3,6,4,0,0,109,39,,57,57,0
128,5,3325,cube,7,3,6,5,0,0,103,39,,57,57,0
128,5,3326,cube,7,3,6,6,0,0,101,39,,57,57,0
128,5,3327,cube,7,3,6,7,0,0,94,39,,57,57,0
128,5,3440,cube,6,5,6,0,0,47,177,20,,38,38,0
128,5,3441,cube,6,5,6,1,0,38,176,20,,38,38,0
128,5,3442,cube,6,5,6,2,0,47,164,20,,38,38,0
128,5,3443,cube,6,5,6,3,0,56,188,20,,38,38,0
128,5,3444,cube,6,5,6,4,0,53,176,20,,38,38,0
128,5,3445,cube,6,5,6,5,0,43,153,20,,38,38,0
128,5,3446,cube,6,5,6,6,0,41,180,20,,38,38,0
128,5,3447,cube,6,5,6,7,0,51,178,20,,38,38,0
128,5,3472,cube,2,6,6,0,0,0,108,37,,55,55,0
128,5,3473,cube,2,6,6,1,0,0,117,37,,55,55,0
128,5,3474,cube,2,6,6,2,0,0,106,37,,55,55,0
128,5,3475,cube,2,6,6,3,0,0,114,37,,55,55,0
128,5,3476,cube,2,6,6,4,0,0,124,37,,55,55,0
128,5,3477,cube,2,6,6,5,0,0,96,37,,55,55,0
128,5,3478,cube,2,6,6,6,0,0,102,37,,55,55,0
128,5,3479,cube,2,6,6,7,0,0,101,37,,55,55,0
128,5,3536,cube,2,7,6,0,0,23,133,27,,45,45,0
128,5,3537,cube,2,7,6,1,0,22,141,27,,45,45,0
128,5,3538,cube,2,7,6,2,0,20,147,27,,45,45,0
128,5,3539,cube,2,7,6,3,0,26,137,27,,45,45,0
128,5,3540,cube,2,7,6,4,0,20,151,27,,45,45,0
128,5,3541,cube,2,7,6,5,0,27,158,27,,45,45,0
128,5,3542,cube,2,7,6,6,0,18,148,27,,45,45,0
128,5,3543,cube,2,7,6,7,0,24,150,27,,45,45,0
128,5,3576,cube,7,7,6,0,0,0,105,39,,57,57,0
128,5,3577,cube,7,7,6,1,0,0,115,39,,57,57,0
128,5,3578,cube,7,7,6,2,0,0,88,39,,57,57,0
128,5,3579,cube,7,7,6,3,0,0,100,39,,57,57,0
128,5,3580,cube,7,7,6,4,0,0,108,39,,57,57,0
128,5,3581,cube,7,7,6,5,0,0,104,39,,57,57,0
128,5,3582,cube,7,7,6,6,0,0,102,39,,57,57,0
128,5,3583,cube,7,7,6,7,0,0,98,39,,57,57,0
128,5,3584,cube,0,0,7,0,0,54,164,20,,38,38,0
128,5,3585,cube,0,0,7,1,0,50,180,20,,38,38,0
128,5,3586,cube,0,0,7,2,0,39,182,20,,38,38,0
128,5,3587,cube,0,0,7,3,0,41,176,20,,38,38,0
128,5,3588,cube,0,0,7,4,0,55,182,20,,38,38,0
128,5,3589,cube,0,0,7,5,0,48,163,20,,38,38,0
128,5,3590,cube,0,0,7,6,0,49,187,20,,38,38,0
128,5,3591,cube,0,0,7,7,0,37,169,20,,38,38,0
128,5,3640,cube,7,0,7,0,0,0,53,52,,71,71,1
128,5,3641,cube,7,0,7,1,0,0,56,52,,71,71,1
128,5,3642,cube,7,0,7,2,0,0,59,52,,71,71,1
128,5,3643,cube,7,0,7,3,0,0,39,52,,71,71,1
128,5,3644,cube,7,0,7,4,0,0,53,52,,71,71,1
128,5,3645,cube,7,0,7,5,0,0,44,52,,71,71,1
128,5,3646,cube,7,0,7,6,0,0,52,52,,71,71,1
128,5,3647,cube,7,0,7,7,0,0,44,52,,71,71,1
128,5,3680,cube,4,1,7,0,0,0,108,36,,55,55,1
128,5,3681,cube,4,1,7,1,0,0,119,36,,55,55,1
128,5,3682,cube,4,1,7,2,0,0,116,36,,55,55,1
128,5,3683,cube,4,1,7,3,0,0,108,36,,55,55,1
128,5,3684,cube,4,1,7,4,0,0,110,36,,55,55,1
128,5,3685,cube,4,1,7,5,0,0,102,36,,55,55,1
128,5,3686,cube,4,1,7,6,0,0,108,36,,55,55,1
128,5,3687,cube,4,1,7,7,0,0,118,36,,55,55,1
128,5,3776,cube,0,3,7,0,0,62,194,17,,35,35,0
128,5,3777,cube,0,3,7,1,0,63,208,17,,35,35,0
128,5,3778,cube,0,3,7,2,0,66,189,17,,35,35,0
128,5,3779,cube,0,3,7,3,0,56,166,17,,35,35,0
128,5,3780,cube,0,3,7,4,0,62,174,17,,35,35,0
128,5,3781,cube,0,3,7,5,0,58,198,17,,35,35,0
128,5,3782,cube,0,3,7,6,0,63,183,17,,35,35,0
128,5,3783,cube,0,3,7,7,0,61,180,17,,35,35,0
128,5,3920,cube,2,5,7,0,0,21,147,26,,44,44,0
128,5,3921,cube,2,5,7,1,0,28,160,26,,44,44,0
128,5,3922,cube,2,5,7,2,0,23,140,26,,44,44,0
128,5,3923,cube,2,5,7,3,0,30,157,26,,44,44,0
128,5,3924,cube,2,5,7,4,0,20,158,26,,44,44,0
128,5,3925,cube,2,5,7,5,0,24,146,26,,44,44,0
128,5,3926,cube,2,5,7,6,0,21,152,26,,44,44,0
128,5,3927,cube,2,5,7,7,0,24,161,26,,44,44,0
128,5,3992,cube,3,6,7,0,0,25,142,26,,44,44,0
128,5,3993,cube,3,6,7,1,0,25,164,26,,44,44,0
128,5,3994,cube,3,6,7,2,0,22,148,26,,44,44,0
128,5,3995,cube,3,6,7,3,0,24,156,26,,44,44,0
128,5,3996,cube,3,6,7,4,0,26,139,26,,44,44,0
128,5,3997,cube,3,6,7,5,0,21,147,26,,44,44,0
128,5,3998,cube,3,6,7,6,0,24,144,26,,44,44,0
128,5,3999,cube,3,6,7,7,0,27,170,26,,44,44,0
128,5,4000,cube,4,6,7,0,0,0,89,43,,61,61,0
128,5,4001,cube,4,6,7,1,0,0,95,43,,61,61,0
128,5,4002,cube,4,6,7,2,0,0,85,43,,61,61,0
128,5,4003,cube,4,6,7,3,0,0,88,43,,61,61,0
128,5,4004,cube,4,6,7,4,0,0,78,43,,61,61,0
128,5,4005,cube,4,6,7,5,0,0,88,43,,61,61,0
128,5,4006,cube,4,6,7,6,0,0,98,43,,61,61,0
128,5,4007,cube,4,6,7,7,0,0,79,43,,61,61,0
128,6,8,cube,1,0,0,0,0,69,199,16,,34,34,0
128,6,9,cube,1,0,0,1,0,62,183,16,,34,34,0
128,6,10,cube,1,0,0,2,0,63,207,16,,34,34,0
128,6,11,cube,1,0,0,3,0,65,189,16,,34,34,0
128,6,12,cube,1,0,0,4,0,62,192,16,,34,34,0
128,6,13,cube,1,0,0,5,0,72,196,16,,34,34,0
128,6,14,cube,1,0,0,6,0,58,201,16,,34,34,0
128,6,15,cube,1,0,0,7,0,64,177,16,,34,34,0
128,6,24,cube,3,0,0,0,0,42,165,22,,40,40,0
128,6,25,cube,3,0,0,1,0,40,179,22,,40,40,0
128,6,26,cube,3,0,0,2,0,33,163,22,,40,40,0
128,6,27,cube,3,0,0,3,0,41,178,22,,40,40,0
128,6,28,cube,3,0,0,4,0,42,180,22,,40,40,0
128,6,29,cube,3,0,0,5,0,42,171,22,,40,40,0
128,6,30,cube,3,0,0,6,0,39,178,22,,40,40,0
128,6,31,cube,3,0,0,7,0,40,169,22,,40,40,0
128,6,160,cube,4,2,0,0,0,0,104,37,,56,56,1
128,6,161,cube,4,2,0,1,0,0,109,37,,56,56,1
128,6,162,cube,4,2,0,2,0,0,94,37,,56,56,1
128,6,163,cube,4,2,0,3,0,0,107,37,,56,56,1
128,6,164,cube,4,2,0,4,0,0,114,37,,56,56,1
128,6,165,cube,4,2,0,5,0,0,112,37,,56,56,1
128,6,166,cube,4,2,0,6,0,0,116,37,,56,56,1
128,6,167,cube,4,2,0,7,0,0,108,37,,56,56,1
128,6,224,cube,4,3,0,0,0,15,134,27,,45,45,0
128,6,225,cube,4,3,0,1,0,23,165,27,,45,45,0
128,6,226,cube,4,3,0,2,0,14,153,27,,45,45,0
128,6,227,cube,4,3,0,3,0,18,149,27,,45,45,0
128,6,228,cube,4,3,0,4,0,23,143,27,,45,45,0
128,6,229,cube,4,3,0,5,0,22,172,27,,45,45,0
128,6,230,cube,4,3,0,6,0,16,147,27,,45,45,0
128,6,231,cube,4,3,0,7,0,20,152,27,,45,45,0
128,6,280,cube,3,4,0,0,0,48,176,20,,38,38,0
128,6,281,cube,3,4,0,1,0,49,186,20,,38,38,0
128,6,282,cube,3,4,0,2,0,45,171,20,,38,38,0
128,6,283,cube,3,4,0,3,0,56,168,20,,38,38,0
128,6,284,cube,3,4,0,4,0,42,167,20,,38,38,0
128,6,285,cube,3,4,0,5,0,51,176,20,,38,38,0
128,6,286,cube,3,4,0,6,0,51,175,20,,38,38,0
128,6,287,cube,3,4,0,7,0,41,177,20,,38,38,0
128,6,392,cube,1,6,0,0,0,63,186,16,,34,34,0
128,6,393,cube,1,6,0,1,0,61,184,16,,34,34,0
128,6,394,cube,1,6,0,2,0,62,182,16,,34,34,0
128,6,395,cube,1,6,0,3,0,58,172,16,,34,34,0
128,6,396,cube,1,6,0,4,0,63,184,16,,34,34,0
128,6,397,cube,1,6,0,5,0,73,204,16,,34,34,0
128,6,398,cube,1,6,0,6,0,79,213,16,,34,34,0
128,6,399,cube,1,6,0,7,0,54,177,16,,34,34,0
128,6,472,cube,3,7,0,0,0,5,140,31,,49,49,0
128,6,473,cube,3,7,0,1,0,3,130,31,,49,49,0
128,6,474,cube,3,7,0,2,0,6,132,31,,49,49,0
128,6,475,cube,3,7,0,3,0,7,142,31,,49,49,0
128,6,476,cube,3,7,0,4,0,3,132,31,,49,49,0
128,6,477,cube,3,7,0,5,0,3,149,31,,49,49,0
128,6,478,cube,3,7,0,6,0,5,116,31,,49,49,0
128,6,479,cube,3,7,0,7,0,3,136,31,,49,49,0
128,6,480,cube,4,7,0,0,0,0,111,37,,55,55,0
128,6,481,cube,4,7,0,1,0,0,112,37,,55,55,0
128,6,482,cube,4,7,0,2,0,0,107,37,,55,55,0
128,6,483,cube,4,7,0,3,0,0,111,37,,55,55,0
128,6,484,cube,4,7,0,4,0,0,102,37,,55,55,0
128,6,485,cube,4,7,0,5,0,0,112,37,,55,55,0
128,6,486,cube,4,7,0,6,0,0,107,37,,55,55,0
128,6,487,cube,4,7,0,7,0,0,109,37,,55,55,0
128,6,496,cube,6,7,0,0,0,14,130,28,,46,46,0
128,6,497,cube,6,7,0,1,0,14,133,28,,46,46,0
128,6,498,cube,6,7,0,2,0,15,145,28,,46,46,0
128,6,499,cube,6,7,0,3,0,14,142,28,,46,46,0
128,6,500,cube,6,7,0,4,0,20,143,28,,46,46,0
128,6,501,cube,6,7,0,5,0,23,145,28,,46,46,0
128,6,502,cube,6,7,0,6,0,20,151,28,,46,46,0
128,6,503,cube,6,7,0,7,0,18,134,28,,46,46,0
128,6,528,cube,2,0,1,0,0,30,153,25,,43,43,0
128,6,529,cube,2,0,1,1,0,24,167,25,,43,43,0
128,6,530,cube,2,0,1,2,0,29,177,25,,43,43,0
128,6,531,cube,2,0,1,3,0,29,171,25,,43,43,0
128,6,532,cube,2,0,1,4,0,25,156,25,,43,43,0
128,6,533,cube,2,0,1,5,0,24,168,25,,43,43,0
128,6,534,cube,2,0,1,6,0,24,159,26,,43,43,0
128,6,535,cube,2,0,1,7,0,26,143,25,,43,43,0
128,6,544,cube,4,0,1,0,0,47,169,19,,37,37,0
128,6,545,cube,4,0,1,1,0,57,190,19,,37,37,0
128,6,546,cube,4,0,1,2,0,50,176,19,,37,37,0
128,6,547,cube,4,0,1,3,0,51,180,19,,37,37,0
128,6,548,cube,4,0,1,4,0,48,186,19,,37,37,0
128,6,549,cube,4,0,1,5,0,58,178,19,,37,37,0
128,6,550,cube,4,0,1,6,0,57,188,19,,37,37,0
128,6,551,cube,4,0,1,7,0,51,181,19,,37,37,0
128,6,656,cube,2,2,1,0,0,43,165,21,,39,39,0
128,6,657,cube,2,2,1,1,0,49,186,21,,39,39,0
128,6,658,cube,2,2,1,2,0,44,178,21,,39,39,0
128,6,659,cube,2,2,1,3,0,45,170,21,,39,39,0
128,6,660,cube,2,2,1,4,0,44,171,21,,39,39,0
128,6,661,cube,2,2,1,5,0,42,173,21,,39,39,0
128,6,662,cube,2,2,1,6,0,48,183,21,,39,39,0
128,6,663,cube,2,2,1,7,0,41,157,21,,39,39,0
128,6,664,cube,3,2,1,0,0,46,176,21,,39,39,0
128,6,665,cube,3,2,1,1,0,47,184,21,,39,39,0
128,6,666,cube,3,2,1,2,0,40,168,21,,39,39,0
128,6,667,cube,3,2,1,3,0,50,161,21,,39,39,0
128,6,668,cube,3,2,1,4,0,52,181,21,,39,39,0
128,6,669,cube,3,2,1,5,0,38,172,21,,39,39,0
128,6,670,cube,3,2,1,6,0,40,171,21,,39,39,0
128,6,671,cube,3,2,1,7,0,49,186,21,,39,39,0
128,6,672,cube,4,2,1,0,0,35,176,21,,39,39,0
128,6,673,cube,4,2,1,1,0,44,169,21,,39,39,0
128,6,674,cube,4,2,1,2,0,46,173,21,,39,39,0
128,6,675,cube,4,2,1,3,0,35,172,21,,39,39,0
128,6,676,cube,4,2,1,4,0,42,175,21,,39,39,0
128,6,677,cube,4,2,1,5,0,44,164,21,,39,39,0
128,6,678,cube,4,2,1,6,0,49,173,21,,39,39,0
128,6,679,cube,4,2,1,7,0,42,176,21,,39,39,0
128,6,736,cube,4,3,1,0,0,0,57,49,,68,68,1
128,6,737,cube,4,3,1,1,0,0,66,49,,68,68,1
128,6,738,cube,4,3,1,2,0,0,56,49,,68,68,1
128,6,739,cube,4,3,1,3,0,0,48,49,,68,68,1
128,6,740,cube,4,3,1,4,0,0,54,49,,68,68,1
128,6,741,cube,4,3,1,5,0,0,57,49,,68,68,1
128,6,742,cube,4,3,1,6,0,0,57,49,,68,68,1
128,6,743,cube,4,3,1,7,0,0,58,49,,68,68,1
128,6,752,cube,6,3,1,0,0,61,189,16,,34,34,0
128,6,753,cube,6,3,1,1,0,60,181,16,,34,34,0
128,6,754,cube,6,3,1,2,0,62,201,16,,34,34,0
128,6,755,cube,6,3,1,3,0,65,200,16,,34,34,0
128,6,756,cube,6,3,1,4,0,66,210,16,,34,34,0
128,6,757,cube,6,3,1,5,0,69,200,16,,34,34,0
128,6,758,cube,6,3,1,6,0,68,183,16,,34,34,0
128,6,759,cube,6,3,1,7,0,60,190,16,,34,34,0
128,6,816,cube,6,4,1,0,1,56,183,15,120,34,34,1
128,6,820,cube,6,4,1,4,1,58,180,15,124,34,34,1
128,6,823,cube,6,4,1,7,1,62,195,15,127,34,34,1
128,6,864,cube,4,5,1,0,0,0,21,59,,77,77,0
128,6,865,cube,4,5,1,1,0,0,23,59,,77,77,0
128,6,866,cube,4,5,1,2,0,0,16,59,,77,77,0
128,6,867,cube,4,5,1,3,0,0,12,59,,77,77,0
128,6,868,cube,4,5,1,4,0,0,19,59,,77,77,0
128,6,869,cube,4,5,1,5,0,0,16,59,,77,77,0
128,6,870,cube,4,5,1,6,0,0,16,59,,77,77,0
128,6,871,cube,4,5,1,7,0,0,14,59,,77,77,0
128,6,1008,cube,6,7,1,0,0,51,174,20,,38,38,0
128,6,1009,cube,6,7,1,1,0,49,189,20,,38,38,0
128,6,1010,cube,6,7,1,2,0,46,177,20,,38,38,0
128,6,1011,cube,6,7,1,3,0,47,173,20,,38,38,0
128,6,1012,cube,6,7,1,4,0,48,182,20,,38,38,0
128,6,1013,cube,6,7,1,5,0,50,170,20,,38,38,0
128,6,1014,cube,6,7,1,6,0,56,187,20,,38,38,0
128,6,1015,cube,6,7,1,7,0,52,174,20,,38,38,0
128,6,1016,cube,7,7,1,0,0,41,178,22,,40,40,0
128,6,1017,cube,7,7,1,1,0,38,167,22,,40,40,0
128,6,1018,cube,7,7,1,2,0,39,153,22,,40,40,0
128,6,1019,cube,7,7,1,3,0,42,166,22,,40,40,0
128,6,1020,cube,7,7,1,4,0,45,171,22,,40,40,0
128,6,1021,cube,7,7,1,5,0,44,179,22,,40,40,0
128,6,1022,cube,7,7,1,6,0,38,156,22,,40,40,0
128,6,1023,cube,7,7,1,7,0,43,183,22,,40,40,0
128,6,1040,cube,2,0,2,0,0,53,196,19,,37,37,0
128,6,1041,cube,2,0,2,1,0,44,174,19,,37,37,0
128,6,1042,cube,2,0,2,2,0,42,165,19,,37,37,0
128,6,1043,cube,2,0,2,3,0,45,166,19,,37,37,0
128,6,1044,cube,2,0,2,4,0,56,188,19,,37,37,0
128,6,1045,cube,2,0,2,5,0,54,186,19,,37,37,0
128,6,1046,cube,2,0,2,6,0,50,169,19,,37,37,0
128,6,1047,cube,2,0,2,7,0,57,180,19,,37,37,0
128,6,1048,cube,3,0,2,0,0,55,188,19,,37,37,0
128,6,1049,cube,3,0,2,1,0,55,183,19,,37,37,0
128,6,1050,cube,3,0,2,2,0,53,176,19,,37,37,0
128,6,1051,cube,3,0,2,3,0,46,178,19,,37,37,0
128,6,1052,cube,3,0,2,4,0,46,181,19,,37,37,0
128,6,1053,cube,3,0,2,5,0,52,182,19,,37,37,0
128,6,1054,cube,3,0,2,6,0,53,176,19,,37,37,0
128,6,1055,cube,3,0,2,7,0,57,169,19,,37,37,0
128,6,1064,cube,5,0,2,0,0,61,186,19,,37,37,0
128,6,1065,cube,5,0,2,1,0,48,176,19,,37,37,0
128,6,1066,cube,5,0,2,2,0,49,175,19,,37,37,0
128,6,1067,cube,5,0,2,3,0,46,166,19,,37,37,0
128,6,1068,cube,5,0,2,4,0,45,183,19,,37,37,0
128,6,1069,cube,5,0,2,5,0,53,176,19,,37,37,0
128,6,1070,cube,5,0,2,6,0,60,187,19,,37,37,0
128,6,1071,cube,5,0,2,7,0,51,174,19,,37,37,0
128,6,1248,cube,4,3,2,0,0,0,64,48,,66,66,0
128,6,1249,cube,4,3,2,1,0,0,58,48,,66,66,0
128,6,1250,cube,4,3,2,2,0,0,62,48,,66,66,0
128,6,1251,cube,4,3,2,3,0,0,65,48,,66,66,0
128,6,1252,cube,4,3,2,4,0,0,66,48,,66,66,0
128,6,1253,cube,4,3,2,5,0,0,60,48,,66,66,0
128,6,1254,cube,4,3,2,6,0,0,69,48,,66,66,0
128,6,1255,cube,4,3,2,7,0,0,67,48,,66,66,0
128,6,1264,cube,6,3,2,0,0,0,32,58,,76,76,0
128,6,1265,cube,6,3,2,1,0,0,26,58,,76,76,0
128,6,1266,cube,6,3,2,2,0,0,19,58,,76,76,0
128,6,1267,cube,6,3,2,3,0,0,21,58,,76,76,0
128,6,1268,cube,6,3,2,4,0,0,20,58,,76,76,0
128,6,1269,cube,6,3,2,5,0,0,27,58,,76,76,0
128,6,1270,cube,6,3,2,6,0,0,19,58,,76,76,0
128,6,1271,cube,6,3,2,7,0,0,21,58,,76,76,0
128,6,1304,cube,3,4,2,0,0,0,117,32,,50,50,0
128,6,1305,cube,3,4,2,1,0,0,139,32,,50,50,0
128,6,1306,cube,3,4,2,2,0,0,118,32,,50,50,0
128,6,1307,cube,3,4,2,3,0,0,134,32,,50,50,0
128,6,1308,cube,3,4,2,4,0,0,126,32,,50,50,0
128,6,1309,cube,3,4,2,5,0,0,116,32,,50,50,0
128,6,1310,cube,3,4,2,6,0,0,139,32,,50,50,0
128,6,1311,cube,3,4,2,7,0,0,140,32,,50,50,0
128,6,1312,cube,4,4,2,0,0,0,126,35,,53,53,0
128,6,1313,cube,4,4,2,1,0,0,115,35,,53,53,0
128,6,1314,cube,4,4,2,2,0,0,116,35,,53,53,0
128,6,1315,cube,4,4,2,3,0,0,118,35,,53,53,0
128,6,1316,cube,4,4,2,4,0,0,117,35,,53,53,0
128,6,1317,cube,4,4,2,5,0,0,114,35,,53,53,0
128,6,1318,cube,4,4,2,6,0,0,112,35,,53,53,0
128,6,1319,cube,4,4,2,7,0,0,119,35,,53,53,0
128,6,1352,cube,1,5,2,0,0,27,162,26,,44,44,0
128,6,1353,cube,1,5,2,1,0,28,149,26,,44,44,0
128,6,1354,cube,1,5,2,2,0,26,142,26,,44,44,0
128,6,1355,cube,1,5,2,3,0,24,156,26,,44,44,0
128,6,1356,cube,1,5,2,4,0,30,160,26,,44,44,0
128,6,1357,cube,1,5,2,5,0,27,147,26,,44,44,0
128,6,1358,cube,1,5,2,6,0,23,146,26,,44,44,0
128,6,1359,cube,1,5,2,7,0,22,159,26,,44,44,0
128,6,1376,cube,4,5,2,0,0,0,49,51,,69,69,0
128,6,1377,cube,4,5,2,1,0,0,62,51,,69,69,0
128,6,1378,cube,4,5,2,2,0,0,57,51,,69,69,0
128,6,1379,cube,4,5,2,3,0,0,46,51,,69,69,0
128,6,1380,cube,4,5,2,4,0,0,66,51,,69,69,0
128,6,1381,cube,4,5,2,5,0,0,57,51,,69,69,0
128,6,1382,cube,4,5,2,6,0,0,53,51,,69,69,0
128,6,1383,cube,4,5,2,7,0,0,59,51,,69,69,0
128,6,1416,cube,1,6,2,0,0,65,198,16,,34,34,0
128,6,1417,cube,1,6,2,1,0,62,197,16,,34,34,0
128,6,1418,cube,1,6,2,2,0,54,189,16,,34,34,0
128,6,1419,cube,1,6,2,3,0,61,189,16,,34,34,0
128,6,1420,cube,1,6,2,4,0,66,185,16,,34,34,0
128,6,1421,cube,1,6,2,5,0,61,198,16,,34,34,0
128,6,1422,cube,1,6,2,6,0,69,200,16,,34,34,0
128,6,1423,cube,1,6,2,7,0,64,181,16,,34,34,0
128,6,1424,cube,2,6,2,0,0,68,201,16,,34,34,0
128,6,1425,cube,2,6,2,1,0,71,200,16,,34,34,0
128,6,1426,cube,2,6,2,2,0,69,200,16,,34,34,0
128,6,1427,cube,2,6,2,3,0,64,203,16,,34,34,0
128,6,1428,cube,2,6,2,4,0,70,196,16,,34,34,0
128,6,1429,cube,2,6,2,5,0,56,178,16,,34,34,0
128,6,1430,cube,2,6,2,6,0,66,185,16,,34,34,0
128,6,1431,cube,2,6,2,7,0,57,193,16,,34,34,0
128,6,1432,cube,3,6,2,0,0,70,197,16,,34,34,0
128,6,1433,cube,3,6,2,1,0,61,193,16,,34,34,0
128,6,1434,cube,3,6,2,2,0,61,189,16,,34,34,0
128,6,1435,cube,3,6,2,3,0,69,180,16,,34,34,0
128,6,1436,cube,3,6,2,4,0,66,190,16,,34,34,0
128,6,1437,cube,3,6,2,5,0,57,192,16,,34,34,0
128,6,1438,cube,3,6,2,6,0,62,170,16,,34,34,0
128,6,1439,cube,3,6,2,7,0,63,183,16,,34,34,0
128,6,1440,cube,4,6,2,0,0,62,201,16,,34,34,0
128,6,1441,cube,4,6,2,1,0,62,201,16,,34,34,0
128,6,1442,cube,4,6,2,2,0,67,177,16,,34,34,0
128,6,1443,cube,4,6,2,3,0,61,195,16,,34,34,0
128,6,1444,cube,4,6,2,4,0,64,181,16,,34,34,0
128,6,1445,cube,4,6,2,5,0,61,189,16,,34,34,0
128,6,1446,cube,4,6,2,6,0,61,189,16,,34,34,0
128,6,1447,cube,4,6,2,7,0,56,191,16,,34,34,0
128,6,1512,cube,5,7,2,0,0,36,175,24,,42,42,0
128,6,1513,cube,5,7,2,1,0,35,166,24,,42,42,0
128,6,1514,cube,5,7,2,2,0,33,169,24,,42,42,0
128,6,1515,cube,5,7,2,3,0,29,160,24,,42,42,0
128,6,1516,cube,5,7,2,4,0,31,170,24,,42,42,0
128,6,1517,cube,5,7,2,5,0,45,170,24,,42,42,0
128,6,1518,cube,5,7,2,6,0,31,160,24,,42,42,0
128,6,1519,cube,5,7,2,7,0,24,151,24,,42,42,0
128,6,1632,cube,4,1,3,0,0,0,134,34,,52,52,0
128,6,1633,cube,4,1,3,1,0,0,110,34,,52,52,0
128,6,1634,cube,4,1,3,2,0,0,129,34,,52,52,0
128,6,1635,cube,4,1,3,3,0,0,116,34,,52,52,0
128,6,1636,cube,4,1,3,4,0,0,112,34,,52,52,0
128,6,1637,cube,4,1,3,5,0,0,122,34,,52,52,0
128,6,1638,cube,4,1,3,6,0,0,119,34,,52,52,0
128,6,1639,cube,4,1,3,7,0,0,129,34,,52,52,0
128,6,1664,cube,0,2,3,0,0,0,116,36,,55,55,1
128,6,1665,cube,0,2,3,1,0,0,107,36,,55,55,1
128,6,1666,cube,0,2,3,2,0,0,115,36,,55,55,1
128,6,1667,cube,0,2,3,3,0,0,119,36,,55,55,1
128,6,1668,cube,0,2,3,4,0,0,121,36,,55,55,1
128,6,1669,cube,0,2,3,5,0,0,113,36,,55,55,1
128,6,1670,cube,0,2,3,6,0,0,112,36,,55,55,1
128,6,1671,cube,0,2,3,7,0,0,114,36,,55,55,1
128,6,2229,cube,6,2,4,5,1,69,190,15,127,34,34,1
128,6,2264,cube,3,3,4,0,0,26,153,25,,43,43,0
128,6,2265,cube,3,3,4,1,0,18,151,25,,43,43,0
128,6,2266,cube,3,3,4,2,0,30,155,25,,43,43,0
128,6,2267,cube,3,3,4,3,0,31,159,25,,43,43,0
128,6,2268,cube,3,3,4,4,0,27,152,25,,43,43,0
128,6,2269,cube,3,3,4,5,0,22,157,25,,43,43,0
128,6,2270,cube,3,3,4,6,0,25,157,25,,43,43,0
128,6,2271,cube,3,3,4,7,0,33,171,25,,43,43,0
128,6,2288,cube,6,3,4,0,0,0,11,61,,79,79,0
128,6,2289,cube,6,3,4,1,0,0,15,61,,79,79,0
128,6,2290,cube,6,3,4,2,0,0,13,61,,79,79,0
128,6,2291,cube,6,3,4,3,0,0,9,61,,79,79,0
128,6,2292,cube,6,3,4,4,0,0,8,61,,79,79,0
128,6,2293,cube,6,3,4,5,0,0,14,61,,79,79,0
128,6,2294,cube,6,3,4,6,0,0,12,61,,79,79,0
128,6,2295,cube,6,3,4,7,0,0,13,61,,79,79,0
128,6,2323,cube,2,4,4,3,0,0,0,,,,,1
128,6,2456,cube,3,6,4,0,0,0,51,50,,68,68,0
128,6,2457,cube,3,6,4,1,0,0,54,50,,68,68,0
128,6,2458,cube,3,6,4,2,0,0,61,50,,68,68,0
128,6,2459,cube,3,6,4,3,0,0,56,50,,68,68,0
128,6,2460,cube,3,6,4,4,0,0,48,50,,68,68,0
128,6,2461,cube,3,6,4,5,0,0,62,50,,68,68,0
128,6,2462,cube,3,6,4,6,0,0,62,50,,68,68,0
128,6,2463,cube,3,6,4,7,0,0,59,50,,68,68,0
128,6,2504,cube,1,7,4,0,0,24,135,27,,45,45,0
128,6,2505,cube,1,7,4,1,0,21,135,27,,45,45,0
128,6,2506,cube,1,7,4,2,0,22,146,27,,45,45,0
128,6,2507,cube,1,7,4,3,0,20,135,27,,45,45,0
128,6,2508,cube,1,7,4,4,0,23,155,27,,45,45,0
128,6,2509,cube,1,7,4,5,0,19,149,27,,45,45,0
128,6,2510,cube,1,7,4,6,0,21,157,27,,45,45,0
128,6,2511,cube,1,7,4,7,0,24,159,27,,45,45,0
128,6,2544,cube,6,7,4,0,0,67,190,16,,34,34,0
128,6,2545,cube,6,7,4,1,0,65,192,16,,34,34,0
128,6,2546,cube,6,7,4,2,0,74,202,16,,34,34,0
128,6,2547,cube,6,7,4,3,0,57,171,16,,34,34,0
128,6,2548,cube,6,7,4,4,0,69,202,16,,34,34,0
128,6,2549,cube,6,7,4,5,0,61,197,16,,34,34,0
128,6,2550,cube,6,7,4,6,0,56,198,16,,34,34,0
128,6,2551,cube,6,7,4,7,0,48,191,16,,34,34,0
128,6,2632,cube,1,1,5,0,0,46,168,19,,38,38,1
128,6,2633,cube,1,1,5,1,0,55,181,19,,38,38,1
128,6,2634,cube,1,1,5,2,0,43,169,19,,38,38,1
128,6,2635,cube,1,1,5,3,0,60,189,19,,38,38,1
128,6,2636,cube,1,1,5,4,0,61,187,19,,38,38,1
128,6,2637,cube,1,1,5,5,0,44,173,19,,38,38,1
128,6,2638,cube,1,1,5,6,0,46,174,19,,38,38,1
128,6,2639,cube,1,1,5,7,0,47,178,19,,38,38,1
128,6,2648,cube,3,1,5,0,0,0,0,,,,,1
128,6,2649,cube,3,1,5,1,0,0,0,,,,,1
128,6,2650,cube,3,1,5,2,0,0,0,,,,,1
128,6,2651,cube,3,1,5,3,0,0,0,,,,,1
128,6,2652,cube,3,1,5,4,0,0,0,,,,,1
128,6,2653,cube,3,1,5,5,0,0,0,,,,,1
128,6,2654,cube,3,1,5,6,0,0,0,,,,,1
128,6,2655,cube,3,1,5,7,0,0,0,,,,,1
128,6,2656,cube,4,1,5,0,0,0,40,55,,74,74,1
128,6,2657,cube,4,1,5,1,0,0,31,55,,74,74,1
128,6,2658,cube,4,1,5,2,0,0,31,55,,74,74,1
128,6,2659,cube,4,1,5,3,0,0,32,55,,74,74,1
128,6,2660,cube,4,1,5,4,0,0,37,55,,74,74,1
128,6,2661,cube,4,1,5,5,0,0,32,55,,74,74,1
128,6,2662,cube,4,1,5,6,0,0,34,55,,74,74,1
128,6,2663,cube,4,1,5,7,0,0,34,55,,74,74,1
128,6,2776,cube,3,3,5,0,0,0,0,,,,,1
128,6,2777,cube,3,3,5,1,0,0,0,,,,,1
128,6,2778,cube,3,3,5,2,0,0,0,,,,,1
128,6,2779,cube,3,3,5,3,0,0,0,,,,,1
128,6,2780,cube,3,3,5,4,0,0,0,,,,,1
128,6,2781,cube,3,3,5,5,0,0,0,,,,,1
128,6,2782,cube,3,3,5,6,0,0,0,,,,,1
128,6,2783,cube,3,3,5,7,0,0,0,,,,,1
128,6,2784,cube,4,3,5,0,0,32,161,23,,41,41,0
128,6,2785,cube,4,3,5,1,0,38,170,23,,41,41,0
128,6,2786,cube,4,3,5,2,0,38,171,23,,41,41,0
128,6,2787,cube,4,3,5,3,0,26,154,23,,41,41,0
128,6,2788,cube,4,3,5,4,0,39,179,23,,41,41,0
128,6,2789,cube,4,3,5,5,0,43,169,23,,41,41,0
128,6,2790,cube,4,3,5,6,0,27,166,23,,41,41,0
128,6,2791,cube,4,3,5,7,0,38,166,23,,41,41,0
128,6,2792,cube,5,3,5,0,0,40,172,21,,39,39,0
128,6,2793,cube,5,3,5,1,0,45,191,21,,39,39,0
128,6,2794,cube,5,3,5,2,0,52,189,21,,39,39,0
128,6,2795,cube,5,3,5,3,0,48,176,21,,39,39,0
128,6,2796,cube,5,3,5,4,0,47,179,21,,39,39,0
128,6,2797,cube,5,3,5,5,0,42,169,21,,39,39,0
128,6,2798,cube,5,3,5,6,0,46,161,21,,39,39,0
128,6,2799,cube,5,3,5,7,0,45,163,21,,39,39,0
128,6,3016,cube,1,7,5,0,0,24,154,27,,45,45,0
128,6,3017,cube,1,7,5,1,0,19,151,27,,45,45,0
128,6,3018,cube,1,7,5,2,0,16,138,27,,45,45,0
128,6,3019,cube,1,7,5,3,0,20,142,27,,45,45,0
128,6,3020,cube,1,7,5,4,0,23,144,27,,45,45,0
128,6,3021,cube,1,7,5,5,0,17,136,27,,45,45,0
128,6,3022,cube,1,7,5,6,0,24,152,27,,45,45,0
128,6,3023,cube,1,7,5,7,0,21,140,27,,45,45,0
128,6,3032,cube,3,7,5,0,0,44,167,20,,38,38,0
128,6,3033,cube,3,7,5,1,0,38,168,20,,38,38,0
128,6,3034,cube,3,7,5,2,0,50,182,20,,38,38,0
128,6,3035,cube,3,7,5,3,0,50,181,20,,38,38,0
128,6,3036,cube,3,7,5,4,0,45,166,20,,38,38,0
128,6,3037,cube,3,7,5,5,0,49,177,20,,38,38,0
128,6,3038,cube,3,7,5,6,0,45,166,20,,38,38,0
128,6,3039,cube,3,7,5,7,0,50,177,20,,38,38,0
128,6,3056,cube,6,7,5,0,0,0,0,,,,,1
128,6,3057,cube,6,7,5,1,0,0,0,,,,,1
128,6,3058,cube,6,7,5,2,0,0,0,,,,,1
128,6,3059,cube,6,7,5,3,0,0,0,,,,,1
128,6,3060,cube,6,7,5,4,0,0,0,,,,,1
128,6,3061,cube,6,7,5,5,0,0,0,,,,,1
128,6,3062,cube,6,7,5,6,0,0,0,,,,,1
128,6,3063,cube,6,7,5,7,0,0,0,,,,,1
128,6,3296,cube,4,3,6,0,0,17,166,28,,46,46,0
128,6,3297,cube,4,3,6,1,0,15,144,28,,46,46,0
128,6,3298,cube,4,3,6,2,0,12,129,28,,46,46,0
128,6,3299,cube,4,3,6,3,0,17,147,28,,46,46,0
128,6,3300,cube,4,3,6,4,0,13,142,28,,46,46,0
128,6,3301,cube,4,3,6,5,0,23,156,28,,46,46,0
128,6,3302,cube,4,3,6,6,0,13,157,28,,46,46,0
128,6,3303,cube,4,3,6,7,0,12,144,28,,46,46,0
128,6,3592,cube,1,0,7,0,0,9,149,30,,48,48,0
128,6,3593,cube,1,0,7,1,0,10,128,30,,48,48,0
128,6,3594,cube,1,0,7,2,0,10,144,30,,48,48,0
128,6,3595,cube,1,0,7,3,0,4,136,30,,48,48,0
128,6,3596,cube,1,0,7,4,0,6,123,30,,48,48,0
128,6,3597,cube,1,0,7,5,0,7,148,30,,48,48,0
128,6,3598,cube,1,0,7,6,0,6,134,30,,48,48,0
128,6,3599,cube,1,0,7,7,0,7,138,30,,48,48,0
128,6,3712,cube,0,2,7,0,0,0,4,63,,81,81,0
128,6,3713,cube,0,2,7,1,0,0,5,63,,81,81,0
128,6,3714,cube,0,2,7,2,0,0,3,63,,81,81,0
128,6,3715,cube,0,2,7,3,0,0,3,63,,81,81,0
128,6,3716,cube,0,2,7,4,0,0,6,63,,81,81,0
128,6,3717,cube,0,2,7,5,0,0,4,63,,81,81,0
128,6,3718,cube,0,2,7,6,0,0,3,63,,81,81,0
128,6,3719,cube,0,2,7,7,0,0,4,63,,81,81,0
128,6,3736,cube,3,2,7,0,0,31,151,25,,43,43,0
128,6,3737,cube,3,2,7,1,0,31,178,25,,43,43,0
128,6,3738,cube,3,2,7,2,0,29,147,25,,43,43,0
128,6,3739,cube,3,2,7,3,0,30,166,25,,43,43,0
128,6,3740,cube,3,2,7,4,0,25,154,25,,43,43,0
128,6,3741,cube,3,2,7,5,0,27,150,25,,43,43,0
128,6,3742,cube,3,2,7,6,0,23,150,25,,43,43,0
128,6,3743,cube,3,2,7,7,0,29,143,25,,43,43,0
128,6,3800,cube,3,3,7,0,0,29,170,25,,43,43,0
128,6,3801,cube,3,3,7,1,0,27,158,25,,43,43,0
128,6,3802,cube,3,3,7,2,0,24,154,25,,43,43,0
128,6,3803,cube,3,3,7,3,0,26,163,25,,43,43,0
128,6,3804,cube,3,3,7,4,0,28,158,25,,43,43,0
128,6,3805,cube,3,3,7,5,0,26,154,25,,43,43,0
128,6,3806,cube,3,3,7,6,0,30,170,25,,43,43,0
128,6,3807,cube,3,3,7,7,0,31,168,25,,43,43,0
128,6,3824,cube,6,3,7,0,0,0,121,32,,50,50,0
128,6,3825,cube,6,3,7,1,0,0,133,32,,50,50,0
128,6,3826,cube,6,3,7,2,0,0,121,32,,50,50,0
128,6,3827,cube,6,3,7,3,0,0,129,32,,50,50,0
128,6,3828,cube,6,3,7,4,0,0,135,32,,50,50,0
128,6,3829,cube,6,3,7,5,0,0,118,32,,50,50,0
128,6,3830,cube,6,3,7,6,0,0,127,32,,50,50,0
128,6,3831,cube,6,3,7,7,0,0,124,32,,50,50,0
128,6,3872,cube,4,4,7,0,0,34,159,24,,43,43,1
128,6,3873,cube,4,4,7,1,0,29,164,24,,43,43,1
128,6,3874,cube,4,4,7,2,0,31,154,24,,43,43,1
128,6,3875,cube,4,4,7,3,0,34,163,24,,43,43,1
128,6,3876,cube,4,4,7,4,0,25,162,24,,43,43,1
128,6,3877,cube,4,4,7,5,0,29,163,24,,43,43,1
128,6,3878,cube,4,4,7,6,0,29,147,24,,43,43,1
128,6,3879,cube,4,4,7,7,0,36,167,24,,43,43,1
128,6,3888,cube,6,4,7,0,0,0,8,61,,79,79,0
128,6,3889,cube,6,4,7,1,0,0,9,61,,79,79,0
128,6,3890,cube,6,4,7,2,0,0,5,61,,79,79,0
128,6,3891,cube,6,4,7,3,0,0,9,61,,79,79,0
128,6,3892,cube,6,4,7,4,0,0,13,61,,79,79,0
128,6,3893,cube,6,4,7,5,0,0,10,61,,79,79,0
128,6,3894,cube,6,4,7,6,0,0,12,61,,79,79,0
128,6,3895,cube,6,4,7,7,0,0,11,61,,79,79,0
128,6,3896,cube,7,4,7,0,0,0,97,40,,58,58,0
128,6,3897,cube,7,4,7,1,0,0,93,40,,58,58,0
128,6,3898,cube,7,4,7,2,0,0,87,40,,58,58,0
128,6,3899,cube,7,4,7,3,0,0,89,40,,58,58,0
128,6,3900,cube,7,4,7,4,0,0,107,40,,58,58,0
128,6,3901,cube,7,4,7,5,0,0,85,40,,58,58,0
128,6,3902,cube,7,4,7,6,0,0,99,40,,58,58,0
128,6,3903,cube,7,4,7,7,0,0,103,40,,58,58,0
128,6,4056,cube,3,7,7,0,0,37,169,21,,40,40,1
128,6,4057,cube,3,7,7,1,0,37,162,21,,40,40,1
128,6,4058,cube,3,7,7,2,0,38,177,21,,40,40,1
128,6,4059,cube,3,7,7,3,0,48,177,21,,40,40,1
128,6,4060,cube,3,7,7,4,0,37,168,21,,40,40,1
128,6,4061,cube,3,7,7,5,0,46,180,21,,40,40,1
128,6,4062,cube,3,7,7,6,0,41,174,21,,40,40,1
128,6,4063,cube,3,7,7,7,0,41,171,21,,40,40,1
128,6,4088,cube,7,7,7,0,0,6,130,30,,48,48,0
128,6,4089,cube,7,7,7,1,0,10,143,30,,48,48,0
128,6,4090,cube,7,7,7,2,0,9,133,30,,48,48,0
128,6,4091,cube,7,7,7,3,0,10,124,30,,48,48,0
128,6,4092,cube,7,7,7,4,0,7,139,30,,48,48,0
128,6,4093,cube,7,7,7,5,0,9,145,30,,48,48,0
128,6,4094,cube,7,7,7,6,0,9,134,30,,48,48,0
128,6,4095,cube,7,7,7,7,0,9,145,30,,48,48,0
128,7,8,cube,1,0,0,0,0,0,95,43,,61,61,0
128,7,9,cube,1,0,0,1,0,0,79,43,,61,61,0
128,7,10,cube,1,0,0,2,0,0,79,43,,61,61,0
128,7,11,cube,1,0,0,3,0,0,81,43,,61,61,0
128,7,12,cube,1,0,0,4,0,0,105,43,,61,61,0
128,7,13,cube,1,0,0,5,0,0,89,43,,61,61,0
128,7,14,cube,1,0,0,6,0,0,89,43,,61,61,0
128,7,15,cube,1,0,0,7,0,0,94,43,,61,61,0
128,7,24,cube,3,0,0,0,0,0,55,51,,69,69,0
128,7,25,cube,3,0,0,1,0,0,49,51,,69,69,0
128,7,26,cube,3,0,0,2,0,0,55,51,,69,69,0
128,7,27,cube,3,0,0,3,0,0,56,51,,69,69,0
128,7,28,cube,3,0,0,4,0,0,51,51,,69,69,0
128,7,29,cube,3,0,0,5,0,0,50,51,,69,69,0
128,7,30,cube,3,0,0,6,0,0,48,51,,69,69,0
128,7,31,cube,3,0,0,7,0,0,44,51,,69,69,0
128,7,96,cube,4,1,0,0,0,51,184,17,,35,35,0
128,7,97,cube,4,1,0,1,0,63,210,17,,35,35,0
128,7,98,cube,4,1,0,2,0,61,185,17,,35,35,0
128,7,99,cube,4,1,0,3,0,57,185,17,,35,35,0
128,7,100,cube,4,1,0,4,0,68,202,17,,35,35,0
128,7,101,cube,4,1,0,5,0,62,187,17,,35,35,0
128,7,102,cube,4,1,0,6,0,58,182,17,,35,35,0
128,7,103,cube,4,1,0,7,0,68,200,17,,35,35,0
128,7,112,cube,6,1,0,0,0,0,117,33,,51,51,0
128,7,113,cube,6,1,0,1,0,0,119,33,,51,51,0
128,7,114,cube,6,1,0,2,0,0,122,33,,51,51,0
128,7,115,cube,6,1,0,3,0,0,116,33,,51,51,0
128,7,116,cube,6,1,0,4,0,0,122,33,,51,51,0
128,7,117,cube,6,1,0,5,0,0,121,33,,51,51,0
128,7,118,cube,6,1,0,6,0,0,106,33,,51,51,0
128,7,119,cube,6,1,0,7,0,0,128,33,,51,51,0
128,7,224,cube,4,3,0,0,0,67,200,17,,35,35,0
128,7,225,cube,4,3,0,1,0,60,190,17,,35,35,0
128,7,226,cube,4,3,0,2,0,62,164,17,,35,35,0
128,7,227,cube,4,3,0,3,0,65,186,17,,35,35,0
128,7,228,cube,4,3,0,4,0,60,185,17,,35,35,0
128,7,229,cube,4,3,0,5,0,63,198,17,,35,35,0
128,7,230,cube,4,3,0,6,0,59,185,17,,35,35,0
128,7,231,cube,4,3,0,7,0,75,208,17,,35,35,0
128,7,304,cube,6,4,0,0,0,0,52,51,,69,69,0
128,7,305,cube,6,4,0,1,0,0,46,51,,69,69,0
128,7,306,cube,6,4,0,2,0,0,47,51,,69,69,0
128,7,307,cube,6,4,0,3,0,0,56,51,,69,69,0
128,7,308,cube,6,4,0,4,0,0,54,51,,69,69,0
128,7,309,cube,6,4,0,5,0,0,48,51,,69,69,0
128,7,310,cube,6,4,0,6,0,0,49,51,,69,69,0
128,7,311,cube,6,4,0,7,0,0,56,51,,69,69,0
128,7,344,cube,3,5,0,0,0,25,144,24,,42,42,0
128,7,345,cube,3,5,0,1,0,33,166,24,,42,42,0
128,7,346,cube,3,5,0,2,0,28,164,24,,42,42,0
128,7,347,cube,3,5,0,3,0,34,166,25,,42,42,0
128,7,348,cube,3,5,0,4,0,32,157,24,,42,42,0
128,7,349,cube,3,5,0,5,0,35,151,24,,42,42,0
128,7,350,cube,3,5,0,6,0,30,157,24,,42,42,0
128,7,351,cube,3,5,0,7,0,31,160,24,,42,42,0
128,7,360,cube,5,5,0,0,0,4,133,31,,49,49,0
128,7,361,cube,5,5,0,1,0,6,134,31,,49,49,0
128,7,362,cube,5,5,0,2,0,5,130,31,,49,49,0
128,7,363,cube,5,5,0,3,0,5,120,31,,49,49,0
128,7,364,cube,5,5,0,4,0,4,127,31,,49,49,0
128,7,365,cube,5,5,0,5,0,5,135,31,,49,49,0
128,7,366,cube,5,5,0,6,0,3,131,31,,49,49,0
128,7,367,cube,5,5,0,7,0,5,128,31,,49,49,0
128,7,392,cube,1,6,0,0,0,7,139,30,,48,48,0
128,7,393,cube,1,6,0,1,0,12,139,30,,48,48,0
128,7,394,cube,1,6,0,2,0,9,128,30,,48,48,0
128,7,395,cube,1,6,0,3,0,6,121,30,,48,48,0
128,7,396,cube,1,6,0,4,0,9,126,30,,48,48,0
128,7,397,cube,1,6,0,5,0,10,149,30,,48,48,0
128,7,398,cube,1,6,0,6,0,6,127,30,,48,48,0
128,7,399,cube,1,6,0,7,0,10,131,30,,48,48,0
128,7,408,cube,3,6,0,0,0,0,131,33,,51,51,0
128,7,409,cube,3,6,0,1,0,0,122,33,,51,51,0
128,7,410,cube,3,6,0,2,0,0,130,33,,51,51,0
128,7,411,cube,3,6,0,3,0,0,120,33,,51,51,0
128,7,412,cube,3,6,0,4,0,0,133,33,,51,51,0
128,7,413,cube,3,6,0,5,0,0,118,33,,51,51,0
128,7,414,cube,3,6,0,6,0,0,124,33,,51,51,0
128,7,415,cube,3,6,0,7,0,0,118,34,,51,51,0
128,7,424,cube,5,6,0,0,0,0,123,34,,52,52,0
128,7,425,cube,5,6,0,1,0,0,110,34,,52,52,0
128,7,426,cube,5,6,0,2,0,0,127,34,,52,52,0
128,7,427,cube,5,6,0,3,0,0,111,34,,52,52,0
128,7,428,cube,5,6,0,4,0,0,118,34,,52,52,0
128,7,429,cube,5,6,0,5,0,0,108,34,,52,52,0
128,7,430,cube,5,6,0,6,0,0,116,34,,52,52,0
128,7,431,cube,5,6,0,7,0,0,118,34,,52,52,0
128,7,536,cube,3,0,1,0,0,10,142,29,,48,48,1
128,7,537,cube,3,0,1,1,0,12,138,29,,48,48,1
128,7,538,cube,3,0,1,2,0,11,139,29,,48,48,1
128,7,539,cube,3,0,1,3,0,11,124,29,,48,48,1
128,7,540,cube,3,0,1,4,0,6,141,29,,48,48,1
128,7,541,cube,3,0,1,5,0,12,148,29,,48,48,1
128,7,542,cube,3,0,1,6,0,7,137,29,,48,48,1
128,7,543,cube,3,0,1,7,0,8,140,29,,48,48,1
128,7,552,cube,5,0,1,0,0,0,95,40,,58,58,0
128,7,553,cube,5,0,1,1,0,0,109,40,,58,58,0
128,7,554,cube,5,0,1,2,0,0,104,40,,58,58,0
128,7,555,cube,5,0,1,3,0,0,109,40,,58,58,0
128,7,556,cube,5,0,1,4,0,0,95,40,,58,58,0
128,7,557,cube,5,0,1,5,0,0,100,40,,58,58,0
128,7,558,cube,5,0,1,6,0,0,95,40,,58,58,0
128,7,559,cube,5,0,1,7,0,0,93,40,,58,58,0
128,7,608,cube,4,1,1,0,0,47,195,18,,36,36,0
128,7,609,cube,4,1,1,1,0,42,184,18,,36,36,0
128,7,610,cube,4,1,1,2,0,56,186,19,,36,36,0
128,7,611,cube,4,1,1,3,0,46,178,18,,36,36,0
128,7,612,cube,4,1,1,4,0,57,186,18,,36,36,0
128,7,613,cube,4,1,1,5,0,54,182,18,,36,36,0
128,7,614,cube,4,1,1,6,0,53,191,18,,36,36,0
128,7,615,cube,4,1,1,7,0,65,188,18,,36,36,0
128,7,616,cube,5,1,1,0,0,64,194,16,,35,35,1
128,7,617,cube,5,1,1,1,0,62,194,16,,35,35,1
128,7,618,cube,5,1,1,2,0,71,190,16,,35,35,1
128,7,619,cube,5,1,1,3,0,50,179,16,,35,35,1
128,7,620,cube,5,1,1,4,0,57,174,16,,35,35,1
128,7,621,cube,5,1,1,5,0,68,201,16,,35,35,1
128,7,622,cube,5,1,1,6,0,61,184,16,,35,35,1
128,7,623,cube,5,1,1,7,0,58,159,16,,35,35,1
128,7,680,cube,5,2,1,0,0,20,149,27,,45,45,0
128,7,681,cube,5,2,1,1,0,16,142,27,,45,45,0
128,7,682,cube,5,2,1,2,0,18,136,27,,45,45,0
128,7,683,cube,5,2,1,3,0,20,139,27,,45,45,0
128,7,684,cube,5,2,1,4,0,24,140,27,,45,45,0
128,7,685,cube,5,2,1,5,0,20,146,27,,45,45,0
128,7,686,cube,5,2,1,6,0,18,147,27,,45,45,0
128,7,687,cube,5,2,1,7,0,20,146,27,,45,45,0
128,7,688,cube,6,2,1,0,0,0,111,34,,52,52,0
128,7,689,cube,6,2,1,1,0,0,131,34,,52,52,0
128,7,690,cube,6,2,1,2,0,0,119,34,,52,52,0
128,7,691,cube,6,2,1,3,0,0,129,34,,52,52,0
128,7,692,cube,6,2,1,4,0,0,113,34,,52,52,0
128,7,693,cube,6,2,1,5,0,0,125,34,,52,52,0
128,7,694,cube,6,2,1,6,0,0,121,34,,52,52,0
128,7,695,cube,6,2,1,7,0,0,125,34,,52,52,0
128,7,712,cube,1,3,1,0,0,0,78,44,,62,62,0
128,7,713,cube,1,3,1,1,0,0,79,44,,62,62,0
128,7,714,cube,1,3,1,2,0,0,80,44,,62,62,0
128,7,715,cube,1,3,1,3,0,0,79,44,,62,62,0
128,7,716,cube,1,3,1,4,0,0,86,44,,62,62,0
128,7,717,cube,1,3,1,5,0,0,87,44,,62,62,0
128,7,718,cube,1,3,1,6,0,0,66,44,,62,62,0
128,7,719,cube,1,3,1,7,0,0,77,44,,62,62,0
128,7,762,cube,7,3,1,2,1,59,192,15,122,34,34,1
128,7,766,cube,7,3,1,6,1,69,192,15,126,34,34,1
128,7,767,cube,7,3,1,7,1,60,194,15,127,34,34,1
128,7,776,cube,1,4,1,0,0,70,207,18,,37,37,1
128,7,777,cube,1,4,1,1,0,48,181,18,,37,37,1
128,7,778,cube,1,4,1,2,0,51,185,18,,37,37,1
128,7,779,cube,1,4,1,3,0,59,198,18,,37,37,1
128,7,780,cube,1,4,1,4,0,52,199,18,,37,37,1
128,7,781,cube,1,4,1,5,0,50,182,18,,37,37,1
128,7,782,cube,1,4,1,6,0,51,188,18,,37,37,1
128,7,783,cube,1,4,1,7,0,51,173,18,,37,37,1
128,7,792,cube,3,4,1,0,0,0,89,43,,61,61,0
128,7,793,cube,3,4,1,1,0,0,90,43,,61,61,0
128,7,794,cube,3,4,1,2,0,0,79,43,,61,61,0
128,7,795,cube,3,4,1,3,0,0,88,43,,61,61,0
128,7,796,cube,3,4,1,4,0,0,91,43,,61,61,0
128,7,797,cube,3,4,1,5,0,0,76,43,,61,61,0
128,7,798,cube,3,4,1,6,0,0,86,43,,61,61,0
128,7,799,cube,3,4,1,7,0,0,79,43,,61,61,0
128,7,840,cube,1,5,1,0,0,39,166,23,,41,41,0
128,7,841,cube,1,5,1,1,0,32,163,23,,41,41,0
128,7,842,cube,1,5,1,2,0,30,151,23,,41,41,0
128,7,843,cube,1,5,1,3,0,30,157,23,,41,41,0
128,7,844,cube,1,5,1,4,0,37,159,23,,41,41,0
128,7,845,cube,1,5,1,5,0,33,165,23,,41,41,0
128,7,846,cube,1,5,1,6,0,30,154,23,,41,41,0
128,7,847,cube,1,5,1,7,0,38,168,23,,41,41,0
128,7,1032,cube,1,0,2,0,0,0,92,40,,58,58,0
128,7,1033,cube,1,0,2,1,0,0,97,40,,58,58,0
128,7,1034,cube,1,0,2,2,0,0,94,40,,58,58,0
128,7,1035,cube,1,0,2,3,0,0,104,40,,58,58,0
128,7,1036,cube,1,0,2,4,0,0,102,40,,58,58,0
128,7,1037,cube,1,0,2,5,0,0,101,40,,58,58,0
128,7,1038,cube,1,0,2,6,0,0,93,40,,58,58,0
128,7,1039,cube,1,0,2,7,0,0,88,40,,58,58,0
128,7,1048,cube,3,0,2,0,0,0,96,38,,56,56,0
128,7,1049,cube,3,0,2,1,0,0,118,38,,56,56,0
128,7,1050,cube,3,0,2,2,0,0,106,38,,56,56,0
128,7,1051,cube,3,0,2,3,0,0,101,38,,56,56,0
128,7,1052,cube,3,0,2,4,0,0,116,38,,56,56,0
128,7,1053,cube,3,0,2,5,0,0,104,38,,56,56,0
128,7,1054,cube,3,0,2,6,0,0,107,38,,56,56,0
128,7,1055,cube,3,0,2,7,0,0,97,38,,56,56,0
128,7,1064,cube,5,0,2,0,0,0,91,40,,58,58,0
128,7,1065,cube,5,0,2,1,0,0,88,40,,58,58,0
128,7,1066,cube,5,0,2,2,0,0,102,40,,58,58,0
128,7,1067,cube,5,0,2,3,0,0,105,40,,58,58,0
128,7,1068,cube,5,0,2,4,0,0,100,40,,58,58,0
128,7,1069,cube,5,0,2,5,0,0,89,40,,58,58,0
128,7,1070,cube,5,0,2,6,0,0,100,40,,58,58,0
128,7,1071,cube,5,0,2,7,0,0,100,40,,58,58,0
128,7,1203,cube,6,2,2,3,0,0,103,35,,53,53,0
128,7,1204,cube,6,2,2,4,0,0,123,35,,53,53,0
128,7,1240,cube,3,3,2,0,0,0,101,38,,56,56,0
128,7,1241,cube,3,3,2,1,0,0,102,38,,56,56,0
128,7,1242,cube,3,3,2,2,0,0,109,38,,56,56,0
128,7,1243,cube,3,3,2,3,0,0,101,38,,56,56,0
128,7,1244,cube,3,3,2,4,0,0,101,38,,56,56,0
128,7,1245,cube,3,3,2,5,0,0,95,38,,56,56,0
128,7,1246,cube,3,3,2,6,0,0,108,38,,56,56,0
128,7,1247,cube,3,3,2,7,0,0,99,38,,56,56,0
128,7,1272,cube,7,3,2,0,0,0,1,63,,82,82,1
128,7,1273,cube,7,3,2,1,0,0,2,63,,82,82,1
128,7,1274,cube,7,3,2,2,0,0,1,63,,82,82,1
128,7,1275,cube,7,3,2,3,0,0,2,63,,82,82,1
128,7,1276,cube,7,3,2,4,0,0,1,63,,82,82,1
128,7,1277,cube,7,3,2,5,0,0,3,63,,82,82,1
128,7,1278,cube,7,3,2,6,0,0,1,63,,82,82,1
128,7,1279,cube,7,3,2,7,0,0,1,63,,82,82,1
128,7,1352,cube,1,5,2,0,0,0,23,57,,75,75,0
128,7,1353,cube,1,5,2,1,0,0,18,57,,75,75,0
128,7,1354,cube,1,5,2,2,0,0,33,57,,75,75,0
128,7,1355,cube,1,5,2,3,0,0,22,57,,75,75,0
128,7,1356,cube,1,5,2,4,0,0,26,57,,75,75,0
128,7,1357,cube,1,5,2,5,0,0,24,57,,75,75,0
128,7,1358,cube,1,5,2,6,0,0,24,57,,75,75,0
128,7,1359,cube,1,5,2,7,0,0,28,57,,75,75,0
128,7,1384,cube,5,5,2,0,0,0,103,41,,59,59,0
128,7,1385,cube,5,5,2,1,0,0,96,41,,59,59,0
128,7,1386,cube,5,5,2,2,0,0,97,41,,59,59,0
128,7,1387,cube,5,5,2,3,0,0,89,41,,59,59,0
128,7,1388,cube,5,5,2,4,0,0,87,41,,59,59,0
128,7,1389,cube,5,5,2,5,0,0,92,41,,59,59,0
128,7,1390,cube,5,5,2,6,0,0,93,41,,59,59,0
128,7,1391,cube,5,5,2,7,0,0,90,41,,59,59,0
128,7,1400,cube,7,5,2,0,0,37,159,22,,40,40,0
128,7,1401,cube,7,5,2,1,0,49,177,22,,40,40,0
128,7,1402,cube,7,5,2,2,0,41,184,22,,40,40,0
128,7,1403,cube,7,5,2,3,0,36,148,22,,40,40,0
128,7,1404,cube,7,5,2,4,0,37,162,22,,40,40,0
128,7,1405,cube,7,5,2,5,0,43,169,22,,40,40,0
128,7,1406,cube,7,5,2,6,0,41,169,22,,40,40,0
128,7,1407,cube,7,5,2,7,0,43,166,22,,40,40,0
128,7,1416,cube,1,6,2,0,0,5,123,30,,48,48,0
128,7,1417,cube,1,6,2,1,0,8,141,30,,48,48,0
128,7,1418,cube,1,6,2,2,0,8,123,30,,48,48,0
128,7,1419,cube,1,6,2,3,0,6,132,30,,48,48,0
128,7,1420,cube,1,6,2,4,0,9,145,30,,48,48,0
128,7,1421,cube,1,6,2,5,0,10,147,30,,48,48,0
128,7,1422,cube,1,6,2,6,0,10,132,30,,48,48,0
128,7,1423,cube,1,6,2,7,0,8,134,30,,48,48,0
128,7,1448,cube,5,6,2,0,0,0,0,,,,,1
128,7,1449,cube,5,6,2,1,0,0,0,,,,,1
128,7,1450,cube,5,6,2,2,0,0,0,,,,,1
128,7,1451,cube,5,6,2,3,0,0,0,,,,,1
128,7,1452,cube,5,6,2,4,0,0,0,,,,,1
128,7,1453,cube,5,6,2,5,0,0,0,,,,,1
128,7,1454,cube,5,6,2,6,0,0,0,,,,,1
128,7,1455,cube,5,6,2,7,0,0,0,,,,,1
128,7,1832,cube,5,4,3,0,0,17,160,27,,45,45,0
128,7,1833,cube,5,4,3,1,0,17,144,27,,45,45,0
128,7,1834,cube,5,4,3,2,0,22,146,27,,45,45,0
128,7,1835,cube,5,4,3,3,0,18,146,27,,45,45,0
128,7,1836,cube,5,4,3,4,0,17,146,27,,45,45,0
128,7,1837,cube,5,4,3,5,0,20,154,27,,45,45,0
128,7,1838,cube,5,4,3,6,0,18,154,27,,45,45,0
128,7,1839,cube,5,4,3,7,0,17,142,27,,45,45,0
128,7,1864,cube,1,5,3,0,0,54,189,16,,34,34,0
128,7,1865,cube,1,5,3,1,0,66,187,16,,34,34,0
128,7,1866,cube,1,5,3,2,0,64,188,16,,34,34,0
128,7,1867,cube,1,5,3,3,0,68,201,16,,34,34,0
128,7,1868,cube,1,5,3,4,0,57,161,16,,34,34,0
128,7,1869,cube,1,5,3,5,0,61,197,16,,34,34,0
128,7,1870,cube,1,5,3,6,0,59,184,16,,34,34,0
128,7,1871,cube,1,5,3,7,0,64,188,16,,34,34,0
128,7,1880,cube,3,5,3,0,0,62,182,16,,34,34,0
128,7,1881,cube,3,5,3,1,0,63,202,16,,34,34,0
128,7,1882,cube,3,5,3,2,0,75,200,16,,34,34,0
128,7,1883,cube,3,5,3,3,0,61,191,16,,34,34,0
128,7,1884,cube,3,5,3,4,0,62,196,16,,34,34,0
128,7,1885,cube,3,5,3,5,0,64,201,16,,34,34,0
128,7,1886,cube,3,5,3,6,0,65,200,16,,34,34,0
128,7,1887,cube,3,5,3,7,0,69,193,16,,34,34,0
128,7,1928,cube,1,6,3,0,0,12,140,30,,48,48,0
128,7,1929,cube,1,6,3,1,0,11,131,30,,48,48,0
128,7,1930,cube,1,6,3,2,0,8,131,30,,48,48,0
128,7,1931,cube,1,6,3,3,0,8,137,30,,48,48,0
128,7,1932,cube,1,6,3,4,0,10,144,30,,48,48,0
128,7,1933,cube,1,6,3,5,0,6,135,30,,48,48,0
128,7,1934,cube,1,6,3,6,0,11,144,30,,48,48,0
128,7,1935,cube,1,6,3,7,0,8,123,30,,48,48,0
128,7,2144,cube,4,1,4,0,0,49,182,18,,36,36,0
128,7,2145,cube,4,1,4,1,0,57,175,18,,36,36,0
128,7,2146,cube,4,1,4,2,0,60,191,18,,36,36,0
128,7,2147,cube,4,1,4,3,0,63,197,18,,36,36,0
128,7,2148,cube,4,1,4,4,0,51,175,18,,36,36,0
128,7,2149,cube,4,1,4,5,0,61,197,18,,36,36,0
128,7,2150,cube,4,1,4,6,0,60,182,18,,36,36,0
128,7,2151,cube,4,1,4,7,0,58,175,18,,36,36,0
128,7,2168,cube,7,1,4,0,0,0,146,32,,50,50,0
128,7,2169,cube,7,1,4,1,0,0,130,32,,50,50,0
128,7,2170,cube,7,1,4,2,0,0,123,32,,50,50,0
128,7,2171,cube,7,1,4,3,0,0,129,32,,50,50,0
128,7,2172,cube,7,1,4,4,0,0,134,32,,50,50,0
128,7,2173,cube,7,1,4,5,0,0,142,32,,50,50,0
128,7,2174,cube,7,1,4,6,0,0,122,32,,50,50,0
128,7,2175,cube,7,1,4,7,0,0,127,32,,50,50,0
128,7,2416,cube,6,5,4,0,0,12,150,29,,48,48,1
128,7,2417,cube,6,5,4,1,0,7,133,29,,48,48,1
128,7,2418,cube,6,5,4,2,0,9,132,29,,48,48,1
128,7,2419,cube,6,5,4,3,0,12,147,29,,48,48,1
128,7,2420,cube,6,5,4,4,0,12,147,29,,48,48,1
128,7,2421,cube,6,5,4,5,0,10,125,29,,48,48,1
128,7,2422,cube,6,5,4,6,0,11,136,29,,48,48,1
128,7,2423,cube,6,5,4,7,0,6,154,29,,48,48,1
128,7,2480,cube,6,6,4,0,0,6,138,30,,48,48,0
128,7,2481,cube,6,6,4,1,0,6,127,30,,48,48,0
128,7,2482,cube,6,6,4,2,0,9,144,30,,48,48,0
128,7,2483,cube,6,6,4,3,0,8,128,30,,48,48,0
128,7,2484,cube,6,6,4,4,0,7,128,30,,48,48,0
128,7,2485,cube,6,6,4,5,0,8,133,30,,48,48,0
128,7,2486,cube,6,6,4,6,0,9,138,30,,48,48,0
128,7,2487,cube,6,6,4,7,0,8,153,30,,48,48,0
128,7,2488,cube,7,6,4,0,0,0,124,38,,56,56,0
128,7,2489,cube,7,6,4,1,0,0,104,38,,56,56,0
128,7,2490,cube,7,6,4,2,0,0,105,38,,56,56,0
128,7,2491,cube,7,6,4,3,0,0,106,38,,56,56,0
128,7,2492,cube,7,6,4,4,0,0,99,38,,56,56,0
128,7,2493,cube,7,6,4,5,0,0,97,38,,56,56,0
128,7,2494,cube,7,6,4,6,0,0,106,38,,56,56,0
128,7,2495,cube,7,6,4,7,0,0,97,38,,56,56,0
128,7,2760,cube,1,3,5,0,0,10,139,29,,47,47,0
128,7,2761,cube,1,3,5,1,0,12,148,29,,47,47,0
128,7,2762,cube,1,3,5,2,0,14,151,29,,47,47,0
128,7,2763,cube,1,3,5,3,0,16,141,29,,47,47,0
128,7,2764,cube,1,3,5,4,0,11,135,29,,47,47,0
128,7,2765,cube,1,3,5,5,0,10,142,29,,47,47,0
128,7,2766,cube,1,3,5,6,0,14,140,29,,47,47,0
128,7,2767,cube,1,3,5,7,0,12,140,29,,47,47,0
128,7,2776,cube,3,3,5,0,0,0,93,40,,58,58,0
128,7,2777,cube,3,3,5,1,0,0,94,40,,58,58,0
128,7,2778,cube,3,3,5,2,0,0,107,40,,58,58,0
128,7,2779,cube,3,3,5,3,0,0,103,40,,58,58,0
128,7,2780,cube,3,3,5,4,0,0,88,40,,58,58,0
128,7,2781,cube,3,3,5,5,0,0,102,40,,58,58,0
128,7,2782,cube,3,3,5,6,0,0,104,40,,58,58,0
128,7,2783,cube,3,3,5,7,0,0,100,40,,58,58,0
128,7,2784,cube,4,3,5,0,0,0,0,,,,,1
128,7,2785,cube,4,3,5,1,0,0,0,,,,,1
128,7,2786,cube,4,3,5,2,0,0,0,,,,,1
128,7,2787,cube,4,3,5,3,0,0,0,,,,,1
128,7,2788,cube,4,3,5,4,0,0,0,,,,,1
128,7,2789,cube,4,3,5,5,0,0,0,,,,,1
128,7,2790,cube,4,3,5,6,0,0,0,,,,,1
128,7,2791,cube,4,3,5,7,0,0,0,,,,,1
128,7,2840,cube,3,4,5,0,0,0,100,42,,60,60,0
128,7,2841,cube,3,4,5,1,0,0,86,42,,60,60,0
128,7,2842,cube,3,4,5,2,0,0,76,42,,60,60,0
128,7,2843,cube,3,4,5,3,0,0,86,42,,60,60,0
128,7,2844,cube,3,4,5,4,0,0,91,42,,60,60,0
128,7,2845,cube,3,4,5,5,0,0,93,42,,60,60,0
128,7,2846,cube,3,4,5,6,0,0,85,42,,60,60,0
128,7,2847,cube,3,4,5,7,0,0,79,42,,60,60,0
128,7,2912,cube,4,5,5,0,0,65,201,17,,35,35,0
128,7,2913,cube,4,5,5,1,0,62,187,17,,35,35,0
128,7,2914,cube,4,5,5,2,0,65,197,17,,35,35,0
128,7,2915,cube,4,5,5,3,0,47,174,17,,35,35,0
128,7,2916,cube,4,5,5,4,0,68,202,17,,35,35,0
128,7,2917,cube,4,5,5,5,0,53,189,17,,35,35,0
128,7,2918,cube,4,5,5,6,0,58,181,17,,35,35,0
128,7,2919,cube,4,5,5,7,0,63,192,17,,35,35,0
128,7,2928,cube,6,5,5,0,0,0,120,35,,53,53,0
128,7,2929,cube,6,5,5,1,0,0,123,35,,53,53,0
128,7,2930,cube,6,5,5,2,0,0,100,35,,53,53,0
128,7,2931,cube,6,5,5,3,0,0,123,35,,53,53,0
128,7,2932,cube,6,5,5,4,0,0,126,35,,53,53,0
128,7,2933,cube,6,5,5,5,0,0,111,35,,53,53,0
128,7,2934,cube,6,5,5,6,0,0,111,35,,53,53,0
128,7,2935,cube,6,5,5,7,0,0,118,35,,53,53,0
128,7,2936,cube,7,5,5,0,0,16,134,28,,46,46,0
128,7,2937,cube,7,5,5,1,0,16,148,28,,46,46,0
128,7,2938,cube,7,5,5,2,0,16,151,28,,46,46,0
128,7,2939,cube,7,5,5,3,0,13,153,28,,46,46,0
128,7,2940,cube,7,5,5,4,0,16,135,28,,46,46,0
128,7,2941,cube,7,5,5,5,0,9,136,28,,46,46,0
128,7,2942,cube,7,5,5,6,0,20,146,28,,46,46,0
128,7,2943,cube,7,5,5,7,0,15,141,28,,46,46,0
128,7,2952,cube,1,6,5,0,0,12,134,29,,47,47,0
128,7,2953,cube,1,6,5,1,0,14,149,29,,47,47,0
128,7,2954,cube,1,6,5,2,0,8,149,29,,47,47,0
128,7,2955,cube,1,6,5,3,0,15,146,29,,47,47,0
128,7,2956,cube,1,6,5,4,0,16,158,29,,47,47,0
128,7,2957,cube,1,6,5,5,0,10,144,29,,47,47,0
128,7,2958,cube,1,6,5,6,0,9,137,29,,47,47,0
128,7,2959,cube,1,6,5,7,0,12,145,29,,47,47,0
128,7,3096,cube,3,0,6,0,0,51,188,19,,37,37,0
128,7,3097,cube,3,0,6,1,0,52,175,19,,37,37,0
128,7,3098,cube,3,0,6,2,0,50,189,19,,37,37,0
128,7,3099,cube,3,0,6,3,0,54,194,19,,37,37,0
128,7,3100,cube,3,0,6,4,0,56,178,19,,37,37,0
128,7,3101,cube,3,0,6,5,0,58,188,19,,37,37,0
128,7,3102,cube,3,0,6,6,0,55,176,19,,37,37,0
128,7,3103,cube,3,0,6,7,0,47,172,19,,37,37,0
128,7,3208,cube,1,2,6,0,0,28,152,27,,45,45,0
128,7,3209,cube,1,2,6,1,0,21,156,27,,45,45,0
128,7,3210,cube,1,2,6,2,0,23,155,27,,45,45,0
128,7,3211,cube,1,2,6,3,0,23,138,27,,45,45,0
128,7,3212,cube,1,2,6,4,0,19,132,27,,45,45,0
128,7,3213,cube,1,2,6,5,0,26,154,27,,45,45,0
128,7,3214,cube,1,2,6,6,0,21,155,27,,45,45,0
128,7,3215,cube,1,2,6,7,0,13,138,27,,45,45,0
128,7,3232,cube,4,2,6,0,0,75,207,17,,35,35,0
128,7,3233,cube,4,2,6,1,0,53,187,17,,35,35,0
128,7,3234,cube,4,2,6,2,0,69,199,17,,35,35,0
128,7,3235,cube,4,2,6,3,0,59,187,17,,35,35,0
128,7,3236,cube,4,2,6,4,0,55,165,17,,35,35,0
128,7,3237,cube,4,2,6,5,0,59,184,17,,35,35,0
128,7,3238,cube,4,2,6,6,0,65,183,17,,35,35,0
128,7,3239,cube,4,2,6,7,0,62,181,17,,35,35,0
128,7,3240,cube,5,2,6,0,0,22,144,27,,45,45,0
128,7,3241,cube,5,2,6,1,0,19,138,27,,45,45,0
128,7,3242,cube,5,2,6,2,0,18,145,27,,45,45,0
128,7,3243,cube,5,2,6,3,0,23,161,27,,45,45,0
128,7,3244,cube,5,2,6,4,0,21,146,27,,45,45,0
128,7,3245,cube,5,2,6,5,0,18,145,27,,45,45,0
128,7,3246,cube,5,2,6,6,0,17,142,27,,45,45,0
128,7,3247,cube,5,2,6,7,0,28,160,27,,45,45,0
128,7,3272,cube,1,3,6,0,0,47,168,19,,37,37,0
128,7,3273,cube,1,3,6,1,0,63,190,19,,37,37,0
128,7,3274,cube,1,3,6,2,0,46,166,19,,37,37,0
128,7,3275,cube,1,3,6,3,0,53,179,19,,37,37,0
128,7,3276,cube,1,3,6,4,0,49,172,19,,37,37,0
128,7,3277,cube,1,3,6,5,0,53,168,19,,37,37,0
128,7,3278,cube,1,3,6,6,0,54,181,19,,37,37,0
128,7,3279,cube,1,3,6,7,0,48,173,19,,37,37,0
128,7,3288,cube,3,3,6,0,0,50,172,19,,37,37,0
128,7,3289,cube,3,3,6,1,0,53,171,19,,37,37,0
128,7,3290,cube,3,3,6,2,0,43,164,19,,37,37,0
128,7,3291,cube,3,3,6,3,0,62,184,19,,37,37,0
128,7,3292,cube,3,3,6,4,0,47,185,19,,37,37,0
128,7,3293,cube,3,3,6,5,0,52,170,19,,37,37,0
128,7,3294,cube,3,3,6,6,0,47,168,19,,37,37,0
128,7,3295,cube,3,3,6,7,0,49,196,19,,37,37,0
128,7,3320,cube,7,3,6,0,0,49,176,19,,37,37,0
128,7,3321,cube,7,3,6,1,0,57,195,19,,37,37,0
128,7,3322,cube,7,3,6,2,0,50,180,19,,37,37,0
128,7,3323,cube,7,3,6,3,0,53,169,19,,37,37,0
128,7,3324,cube,7,3,6,4,0,57,182,19,,37,37,0
128,7,3325,cube,7,3,6,5,0,48,179,19,,37,37,0
128,7,3326,cube,7,3,6,6,0,59,190,19,,37,37,0
128,7,3327,cube,7,3,6,7,0,45,162,19,,37,37,0
128,7,3456,cube,0,6,6,0,0,27,154,26,,44,44,0
128,7,3457,cube,0,6,6,1,0,26,169,26,,44,44,0
128,7,3458,cube,0,6,6,2,0,27,154,26,,44,44,0
128,7,3459,cube,0,6,6,3,0,20,145,26,,44,44,0
128,7,3460,cube,0,6,6,4,0,27,160,26,,44,44,0
128,7,3461,cube,0,6,6,5,0,26,158,26,,44,44,0
128,7,3462,cube,0,6,6,6,0,26,156,26,,44,44,0
128,7,3463,cube,0,6,6,7,0,27,167,26,,44,44,0
128,7,3480,cube,3,6,6,0,0,47,153,19,,37,37,0
128,7,3481,cube,3,6,6,1,0,55,168,19,,37,37,0
128,7,3482,cube,3,6,6,2,0,60,185,19,,37,37,0
128,7,3483,cube,3,6,6,3,0,52,185,19,,37,37,0
128,7,3484,cube,3,6,6,4,0,59,184,19,,37,37,0
128,7,3485,cube,3,6,6,5,0,57,195,19,,37,37,0
128,7,3486,cube,3,6,6,6,0,47,162,19,,37,37,0
128,7,3487,cube,3,6,6,7,0,57,178,19,,37,37,0
128,7,3512,cube,7,6,6,0,0,13,141,26,,44,44,0
128,7,3513,cube,7,6,6,1,0,26,147,26,,44,44,0
128,7,3514,cube,7,6,6,2,0,25,153,26,,44,44,0
128,7,3515,cube,7,6,6,3,0,23,153,26,,44,44,0
128,7,3516,cube,7,6,6,4,0,27,157,26,,44,44,0
128,7,3517,cube,7,6,6,5,0,25,148,26,,44,44,0
128,7,3518,cube,7,6,6,6,0,18,143,26,,44,44,0
128,7,3519,cube,7,6,6,7,0,28,149,26,,44,44,0
128,7,3656,cube,1,1,7,0,0,0,0,,,,,1
128,7,3657,cube,1,1,7,1,0,0,0,,,,,1
128,7,3658,cube,1,1,7,2,0,0,0,,,,,1
128,7,3659,cube,1,1,7,3,0,0,0,,,,,1
128,7,3660,cube,1,1,7,4,0,0,0,,,,,1
128,7,3661,cube,1,1,7,5,0,0,0,,,,,1
128,7,3662,cube,1,1,7,6,0,0,0,,,,,1
128,7,3663,cube,1,1,7,7,0,0,0,,,,,1
128,7,3704,cube,7,1,7,0,0,0,122,32,,50,50,0
128,7,3705,cube,7,1,7,1,0,0,122,32,,50,50,0
128,7,3706,cube,7,1,7,2,0,0,120,32,,50,50,0
128,7,3707,cube,7,1,7,3,0,0,122,32,,50,50,0
128,7,3708,cube,7,1,7,4,0,0,116,32,,50,50,0
128,7,3709,cube,7,1,7,5,0,0,118,32,,50,50,0
128,7,3710,cube,7,1,7,6,0,0,130,32,,50,50,0
128,7,3711,cube,7,1,7,7,0,0,139,32,,50,50,0
128,7,3744,cube,4,2,7,0,0,55,199,20,,38,38,0
128,7,3745,cube,4,2,7,1,0,51,178,20,,38,38,0
128,7,3746,cube,4,2,7,2,0,49,165,20,,38,38,0
128,7,3747,cube,4,2,7,3,0,47,169,20,,38,38,0
128,7,3748,cube,4,2,7,4,0,47,171,20,,38,38,0
128,7,3749,cube,4,2,7,5,0,41,168,20,,38,38,0
128,7,3750,cube,4,2,7,6,0,47,181,20,,38,38,0
128,7,3751,cube,4,2,7,7,0,53,198,20,,38,38,0
128,7,3760,cube,6,2,7,0,0,0,118,34,,52,52,0
128,7,3761,cube,6,2,7,1,0,0,115,34,,52,52,0
128,7,3762,cube,6,2,7,2,0,0,118,34,,52,52,0
128,7,3763,cube,6,2,7,3,0,0,121,34,,52,52,0
128,7,3764,cube,6,2,7,4,0,0,110,34,,52,52,0
128,7,3765,cube,6,2,7,5,0,0,122,34,,52,52,0
128,7,3766,cube,6,2,7,6,0,0,120,34,,52,52,0
128,7,3767,cube,6,2,7,7,0,0,124,34,,52,52,0
128,7,3808,cube,4,3,7,0,0,0,79,43,,61,61,0
128,7,3809,cube,4,3,7,1,0,0,95,43,,61,61,0
128,7,3810,cube,4,3,7,2,0,0,95,43,,61,61,0
128,7,3811,cube,4,3,7,3,0,0,88,43,,61,61,0
128,7,3812,cube,4,3,7,4,0,0,80,43,,61,61,0
128,7,3813,cube,4,3,7,5,0,0,80,43,,61,61,0
128,7,3814,cube,4,3,7,6,0,0,79,43,,61,61,0
128,7,3815,cube,4,3,7,7,0,0,83,43,,61,61,0
128,7,3936,cube,4,5,7,0,0,63,199,17,,35,35,0
128,7,3937,cube,4,5,7,1,0,55,182,17,,35,35,0
128,7,3938,cube,4,5,7,2,0,61,186,17,,35,35,0
128,7,3939,cube,4,5,7,3,0,61,193,17,,35,35,0
128,7,3940,cube,4,5,7,4,0,59,204,17,,35,35,0
128,7,3941,cube,4,5,7,5,0,53,182,17,,35,35,0
128,7,3942,cube,4,5,7,6,0,55,186,17,,35,35,0
128,7,3943,cube,4,5,7,7,0,53,175,17,,35,35,0
128,7,3952,cube,6,5,7,0,0,19,159,27,,45,45,0
128,7,3953,cube,6,5,7,1,0,11,138,27,,45,45,0
128,7,3954,cube,6,5,7,2,0,19,144,27,,45,45,0
128,7,3955,cube,6,5,7,3,0,20,149,27,,45,45,0
128,7,3956,cube,6,5,7,4,0,14,140,27,,45,45,0
128,7,3957,cube,6,5,7,5,0,21,148,27,,45,45,0
128,7,3958,cube,6,5,7,6,0,16,156,27,,45,45,0
128,7,3959,cube,6,5,7,7,0,20,149,27,,45,45,0
128,7,4016,cube,6,6,7,0,0,0,107,36,,54,54,0
128,7,4017,cube,6,6,7,1,0,0,109,36,,54,54,0
128,7,4018,cube,6,6,7,2,0,0,121,36,,54,54,0
128,7,4019,cube,6,6,7,3,0,0,104,36,,54,54,0
128,7,4020,cube,6,6,7,4,0,0,114,36,,54,54,0
128,7,4021,cube,6,6,7,5,0,0,100,36,,54,54,0
128,7,4022,cube,6,6,7,6,0,0,108,36,,54,54,0
128,7,4023,cube,6,6,7,7,0,0,116,36,,54,54,0
192,0,80,cube,2,1,0,0,0,0,66,48,,66,66,0
192,0,81,cube,2,1,0,1,0,0,69,48,,66,66,0
192,0,82,cube,2,1,0,2,0,0,56,48,,66,66,0
192,0,83,cube,2,1,0,3,0,0,69,48,,66,66,0
192,0,84,cube,2,1,0,4,0,0,68,48,,66,66,0
192,0,85,cube,2,1,0,5,0,0,60,48,,66,66,0
192,0,86,cube,2,1,0,6,0,0,63,48,,66,66,0
192,0,87,cube,2,1,0,7,0,0,66,48,,66,66,0
192,0,88,cube,3,1,0,0,0,5,137,30,,48,48,0
192,0,89,cube,3,1,0,1,0,7,131,30,,48,48,0
192,0,90,cube,3,1,0,2,0,11,130,30,,48,48,0
192,0,91,cube,3,1,0,3,0,6,132,30,,48,48,0
192,0,92,cube,3,1,0,4,0,5,128,30,,48,48,0
192,0,93,cube,3,1,0,5,0,9,132,30,,48,48,0
192,0,94,cube,3,1,0,6,0,12,142,30,,48,48,0
192,0,95,cube,3,1,0,7,0,14,136,30,,48,48,0
192,0,160,cube,4,2,0,0,0,0,126,32,,50,50,0
192,0,161,cube,4,2,0,1,0,0,128,32,,50,50,0
192,0,162,cube,4,2,0,2,0,0,115,32,,50,50,0
192,0,163,cube,4,2,0,3,0,0,113,32,,50,50,0
192,0,164,cube,4,2,0,4,0,0,138,32,,50,50,0
192,0,165,cube,4,2,0,5,0,0,117,32,,50,50,0
192,0,166,cube,4,2,0,6,0,0,126,32,,50,50,0
192,0,167,cube,4,2,0,7,0,0,137,32,,50,50,0
192,0,400,cube,2,6,0,0,0,0,105,38,,56,56,0
192,0,401,cube,2,6,0,1,0,0,103,38,,56,56,0
192,0,402,cube,2,6,0,2,0,0,111,38,,56,56,0
192,0,403,cube,2,6,0,3,0,0,105,38,,56,56,0
192,0,404,cube,2,6,0,4,0,0,116,38,,56,56,0
192,0,405,cube,2,6,0,5,0,0,110,38,,56,56,0
192,0,406,cube,2,6,0,6,0,0,112,38,,56,56,0
192,0,407,cube,2,6,0,7,0,0,107,38,,56,56,0
192,0,408,cube,3,6,0,0,0,0,115,36,,54,54,0
192,0,409,cube,3,6,0,1,0,0,114,36,,54,54,0
192,0,410,cube,3,6,0,2,0,0,109,36,,54,54,0
192,0,411,cube,3,6,0,3,0,0,112,36,,54,54,0
192,0,412,cube,3,6,0,4,0,0,112,36,,54,54,0
192,0,413,cube,3,6,0,5,0,0,100,36,,54,54,0
192,0,414,cube,3,6,0,6,0,0,112,36,,54,54,0
192,0,415,cube,3,6,0,7,0,0,114,36,,54,54,0
192,0,416,cube,4,6,0,0,0,0,128,32,,50,50,0
192,0,417,cube,4,6,0,1,0,0,130,32,,50,50,0
192,0,418,cube,4,6,0,2,0,0,126,32,,50,50,0
192,0,419,cube,4,6,0,3,0,0,127,32,,50,50,0
192,0,420,cube,4,6,0,4,0,0,126,32,,50,50,0
192,0,421,cube,4,6,0,5,0,0,142,32,,50,50,0
192,0,422,cube,4,6,0,6,0,0,129,32,,50,50,0
192,0,423,cube,4,6,0,7,0,0,126,32,,50,50,0
192,0,712,cube,1,3,1,0,0,10,134,30,,48,48,0
192,0,713,cube,1,3,1,1,0,8,127,30,,48,48,0
192,0,714,cube,1,3,1,2,0,9,127,30,,48,48,0
192,0,715,cube,1,3,1,3,0,7,127,30,,48,48,0
192,0,716,cube,1,3,1,4,0,10,141,30,,48,48,0
192,0,717,cube,1,3,1,5,0,11,145,30,,48,48,0
192,0,718,cube,1,3,1,6,0,10,129,30,,48,48,0
192,0,719,cube,1,3,1,7,0,8,136,30,,48,48,0
192,0,928,cube,4,6,1,0,0,0,0,,,,,1
192,0,929,cube,4,6,1,1,0,0,0,,,,,1
192,0,930,cube,4,6,1,2,0,0,0,,,,,1
192,0,931,cube,4,6,1,3,0,0,0,,,,,1
192,0,932,cube,4,6,1,4,0,0,0,,,,,1
192,0,933,cube,4,6,1,5,0,0,0,,,,,1
192,0,934,cube,4,6,1,6,0,0,0,,,,,1
192,0,935,cube,4,6,1,7,0,0,0,,,,,1
192,0,952,cube,7,6,1,0,0,0,0,,,,,1
192,0,953,cube,7,6,1,1,0,0,0,,,,,1
192,0,954,cube,7,6,1,2,0,0,0,,,,,1
192,0,955,cube,7,6,1,3,0,0,0,,,,,1
192,0,956,cube,7,6,1,4,0,0,0,,,,,1
192,0,957,cube,7,6,1,5,0,0,0,,,,,1
192,0,958,cube,7,6,1,6,0,0,0,,,,,1
192,0,959,cube,7,6,1,7,0,0,0,,,,,1
192,0,1016,cube,7,7,1,0,0,0,0,,,,,1
192,0,1017,cube,7,7,1,1,0,0,0,,,,,1
192,0,1018,cube,7,7,1,2,0,0,0,,,,,1
192,0,1019,cube,7,7,1,3,0,0,0,,,,,1
192,0,1020,cube,7,7,1,4,0,0,0,,,,,1
192,0,1021,cube,7,7,1,5,0,0,0,,,,,1
192,0,1022,cube,7,7,1,6,0,0,0,,,,,1
192,0,1023,cube,7,7,1,7,0,0,0,,,,,1
192,0,1040,cube,2,0,2,0,0,0,0,,,,,1
192,0,1041,cube,2,0,2,1,0,0,0,,,,,1
192,0,1042,cube,2,0,2,2,0,0,0,,,,,1
192,0,1043,cube,2,0,2,3,0,0,0,,,,,1
192,0,1044,cube,2,0,2,4,0,0,0,,,,,1
192,0,1045,cube,2,0,2,5,0,0,0,,,,,1
192,0,1046,cube,2,0,2,6,0,0,0,,,,,1
192,0,1047,cube,2,0,2,7,0,0,0,,,,,1
192,0,1104,cube,2,1,2,0,0,0,78,42,,60,60,0
192,0,1105,cube,2,1,2,1,0,0,89,42,,60,60,0
192,0,1106,cube,2,1,2,2,0,0,75,42,,60,60,0
192,0,1107,cube,2,1,2,3,0,0,96,42,,60,60,0
192,0,1108,cube,2,1,2,4,0,0,91,42,,60,60,0
192,0,1109,cube,2,1,2,5,0,0,90,42,,60,60,0
192,0,1110,cube,2,1,2,6,0,0,92,42,,60,60,0
192,0,1111,cube,2,1,2,7,0,0,85,42,,60,60,0
192,0,1112,cube,3,1,2,0,0,0,110,35,,53,53,0
192,0,1113,cube,3,1,2,1,0,0,117,35,,53,53,0
192,0,1114,cube,3,1,2,2,0,0,109,35,,53,53,0
192,0,1115,cube,3,1,2,3,0,0,131,35,,53,53,0
192,0,1116,cube,3,1,2,4,0,0,118,35,,53,53,0
192,0,1117,cube,3,1,2,5,0,0,131,35,,53,53,0
192,0,1118,cube,3,1,2,6,0,0,117,35,,53,53,0
192,0,1119,cube,3,1,2,7,0,0,129,35,,53,53,0
192,0,1136,cube,6,1,2,0,0,7,135,30,,48,48,0
192,0,1137,cube,6,1,2,1,0,9,136,30,,48,48,0
192,0,1138,cube,6,1,2,2,0,10,140,30,,48,48,0
192,0,1139,cube,6,1,2,3,0,11,154,30,,48,48,0
192,0,1140,cube,6,1,2,4,0,10,151,30,,48,48,0
192,0,1141,cube,6,1,2,5,0,8,131,30,,48,48,0
192,0,1142,cube,6,1,2,6,0,8,142,30,,48,48,0
192,0,1143,cube,6,1,2,7,0,7,135,30,,48,48,0
192,0,1216,cube,0,3,2,0,0,0,0,,,,,1
192,0,1217,cube,0,3,2,1,0,0,0,,,,,1
192,0,1218,cube,0,3,2,2,0,0,0,,,,,1
192,0,1219,cube,0,3,2,3,0,0,0,,,,,1
192,0,1220,cube,0,3,2,4,0,0,0,,,,,1
192,0,1221,cube,0,3,2,5,0,0,0,,,,,1
192,0,1222,cube,0,3,2,6,0,0,0,,,,,1
192,0,1223,cube,0,3,2,7,0,0,0,,,,,1
192,0,1243,cube,3,3,2,3,0,0,0,,,,,1
192,0,1280,cube,0,4,2,0,0,0,43,53,,72,72,1
192,0,1281,cube,0,4,2,1,0,0,42,53,,72,72,1
192,0,1282,cube,0,4,2,2,0,0,42,53,,72,72,1
192,0,1283,cube,0,4,2,3,0,0,41,53,,72,72,1
192,0,1284,cube,0,4,2,4,0,0,49,53,,72,72,1
192,0,1285,cube,0,4,2,5,0,0,33,53,,72,72,1
192,0,1286,cube,0,4,2,6,0,0,40,53,,72,72,1
192,0,1287,cube,0,4,2,7,0,0,43,53,,72,72,1
192,0,1304,cube,3,4,2,0,0,0,0,,,,,1
192,0,1305,cube,3,4,2,1,0,0,0,,,,,1
192,0,1306,cube,3,4,2,2,0,0,0,,,,,1
192,0,1307,cube,3,4,2,3,0,0,0,,,,,1
192,0,1308,cube,3,4,2,4,0,0,0,,,,,1
192,0,1309,cube,3,4,2,5,0,0,0,,,,,1
192,0,1310,cube,3,4,2,6,0,0,0,,,,,1
192,0,1311,cube,3,4,2,7,0,0,0,,,,,1
192,0,1328,cube,6,4,2,0,0,0,122,34,,52,52,0
192,0,1329,cube,6,4,2,1,0,0,116,34,,52,52,0
192,0,1330,cube,6,4,2,2,0,0,129,34,,52,52,0
192,0,1331,cube,6,4,2,3,0,0,126,34,,52,52,0
192,0,1332,cube,6,4,2,4,0,0,127,34,,52,52,0
192,0,1333,cube,6,4,2,5,0,0,128,34,,52,52,0
192,0,1334,cube,6,4,2,6,0,0,123,34,,52,52,0
192,0,1335,cube,6,4,2,7,0,0,116,34,,52,52,0
192,0,1408,cube,0,6,2,0,0,0,0,,,,,1
192,0,1409,cube,0,6,2,1,0,0,0,,,,,1
192,0,1410,cube,0,6,2,2,0,0,0,,,,,1
192,0,1411,cube,0,6,2,3,0,0,0,,,,,1
192,0,1412,cube,0,6,2,4,0,0,0,,,,,1
192,0,1413,cube,0,6,2,5,0,0,0,,,,,1
192,0,1414,cube,0,6,2,6,0,0,0,,,,,1
192,0,1415,cube,0,6,2,7,0,0,0,,,,,1
192,0,1432,cube,3,6,2,0,0,0,35,56,,74,74,0
192,0,1433,cube,3,6,2,1,0,0,23,56,,74,74,0
192,0,1434,cube,3,6,2,2,0,0,37,56,,74,74,0
192,0,1435,cube,3,6,2,3,0,0,0,,,,,1
192,0,1436,cube,3,6,2,4,0,0,34,56,,74,74,0
192,0,1437,cube,3,6,2,5,0,0,29,56,,74,74,0
192,0,1438,cube,3,6,2,6,0,0,36,56,,74,74,0
192,0,1439,cube,3,6,2,7,0,0,27,56,,74,74,0
192,0,1464,cube,7,6,2,0,0,0,95,42,,61,61,1
192,0,1465,cube,7,6,2,1,0,0,94,42,,61,61,1
192,0,1466,cube,7,6,2,2,0,0,90,42,,61,61,1
192,0,1467,cube,7,6,2,3,0,0,81,42,,61,61,1
192,0,1468,cube,7,6,2,4,0,0,88,42,,61,61,1
192,0,1469,cube,7,6,2,5,0,0,68,42,,61,61,1
192,0,1470,cube,7,6,2,6,0,0,88,42,,61,61,1
192,0,1471,cube,7,6,2,7,0,0,99,42,,61,61,1
192,0,1560,cube,3,0,3,0,0,0,0,,,,,1
192,0,1561,cube,3,0,3,1,0,0,0,,,,,1
192,0,1562,cube,3,0,3,2,0,0,0,,,,,1
192,0,1563,cube,3,0,3,3,0,0,0,,,,,1
192,0,1564,cube,3,0,3,4,0,0,0,,,,,1
192,0,1565,cube,3,0,3,5,0,0,0,,,,,1
192,0,1566,cube,3,0,3,6,0,0,0,,,,,1
192,0,1567,cube,3,0,3,7,0,0,0,,,,,1
192,0,1624,cube,3,1,3,0,0,25,161,24,,42,42,0
192,0,1625,cube,3,1,3,1,0,31,159,24,,42,42,0
192,0,1626,cube,3,1,3,2,0,30,166,24,,42,42,0
192,0,1627,cube,3,1,3,3,0,29,145,24,,42,42,0
192,0,1628,cube,3,1,3,4,0,28,167,24,,42,42,0
192,0,1629,cube,3,1,3,5,0,43,165,24,,42,42,0
192,0,1630,cube,3,1,3,6,0,32,161,24,,42,42,0
192,0,1631,cube,3,1,3,7,0,33,155,24,,42,42,0
192,0,1680,cube,2,2,3,0,0,0,0,,,,,1
192,0,1681,cube,2,2,3,1,0,0,0,,,,,1
192,0,1682,cube,2,2,3,2,0,0,0,,,,,1
192,0,1683,cube,2,2,3,3,0,0,0,,,,,1
192,0,1684,cube,2,2,3,4,0,0,0,,,,,1
192,0,1685,cube,2,2,3,5,0,0,0,,,,,1
192,0,1686,cube,2,2,3,6,0,0,0,,,,,1
192,0,1687,cube,2,2,3,7,0,0,0,,,,,1
192,0,1720,cube,7,2,3,0,0,0,22,60,,78,78,0
192,0,1721,cube,7,2,3,1,0,0,18,60,,78,78,0
192,0,1722,cube,7,2,3,2,0,0,16,60,,78,78,0
192,0,1723,cube,7,2,3,3,0,0,13,60,,78,78,0
192,0,1724,cube,7,2,3,4,0,0,10,60,,78,78,0
192,0,1725,cube,7,2,3,5,0,0,13,60,,78,78,0
192,0,1726,cube,7,2,3,6,0,0,15,60,,78,78,0
192,0,1727,cube,7,2,3,7,0,0,19,60,,78,78,0
192,0,1728,cube,0,3,3,0,0,0,28,57,,75,75,0
192,0,1729,cube,0,3,3,1,0,0,33,57,,75,75,0
192,0,1730,cube,0,3,3,2,0,0,28,57,,75,75,0
192,0,1731,cube,0,3,3,3,0,0,24,57,,75,75,0
192,0,1732,cube,0,3,3,4,0,0,23,57,,75,75,0
192,0,1733,cube,0,3,3,5,0,0,27,57,,75,75,0
192,0,1734,cube,0,3,3,6,0,0,25,57,,75,75,0
192,0,1735,cube,0,3,3,7,0,0,33,57,,75,75,0
192,0,1737,cube,1,3,3,1,1,33,165,23,184,41,41,0
192,0,1738,cube,1,3,3,2,1,34,164,23,188,41,41,0
192,0,1784,cube,7,3,3,0,0,0,18,60,,79,79,1
192,0,1785,cube,7,3,3,1,0,0,17,60,,79,79,1
192,0,1786,cube,7,3,3,2,0,0,11,60,,79,79,1
192,0,1787,cube,7,3,3,3,0,0,13,60,,79,79,1
192,0,1788,cube,7,3,3,4,0,0,16,60,,79,79,1
192,0,1789,cube,7,3,3,5,0,0,12,60,,79,79,1
192,0,1790,cube,7,3,3,6,0,0,14,60,,79,79,1
192,0,1791,cube,7,3,3,7,0,0,15,60,,79,79,1
192,0,1792,cube,0,4,3,0,0,0,28,57,,75,75,0
192,0,1793,cube,0,4,3,1,0,0,35,57,,75,75,0
192,0,1794,cube,0,4,3,2,0,0,27,57,,75,75,0
192,0,1795,cube,0,4,3,3,0,0,22,57,,75,75,0
192,0,1796,cube,0,4,3,4,0,0,27,57,,75,75,0
192,0,1797,cube,0,4,3,5,0,0,19,57,,75,75,0
192,0,1798,cube,0,4,3,6,0,0,33,57,,75,75,0
192,0,1799,cube,0,4,3,7,0,0,29,57,,75,75,0
192,0,2008,cube,3,7,3,0,0,0,0,,,,,1
192,0,2009,cube,3,7,3,1,0,0,0,,,,,1
192,0,2010,cube,3,7,3,2,0,0,0,,,,,1
192,0,2011,cube,3,7,3,3,0,0,0,,,,,1
192,0,2012,cube,3,7,3,4,0,0,0,,,,,1
192,0,2013,cube,3,7,3,5,0,0,0,,,,,1
192,0,2014,cube,3,7,3,6,0,0,0,,,,,1
192,0,2015,cube,3,7,3,7,0,0,0,,,,,1
192,0,2304,cube,0,4,4,0,0,16,134,28,,47,47,1
192,0,2305,cube,0,4,4,1,0,12,146,28,,47,47,1
192,0,2306,cube,0,4,4,2,0,15,133,28,,47,47,1
192,0,2307,cube,0,4,4,3,0,15,139,28,,47,47,1
192,0,2308,cube,0,4,4,4,0,14,135,28,,47,47,1
192,0,2309,cube,0,4,4,5,0,12,135,28,,47,47,1
192,0,2310,cube,0,4,4,6,0,11,123,28,,47,47,1
192,0,2311,cube,0,4,4,7,0,12,141,28,,47,47,1
192,0,2360,cube,7,4,4,0,0,4,133,31,,49,49,0
192,0,2361,cube,7,4,4,1,0,4,131,31,,49,49,0
192,0,2362,cube,7,4,4,2,0,3,129,31,,49,49,0
192,0,2363,cube,7,4,4,3,0,5,138,31,,49,49,0
192,0,2364,cube,7,4,4,4,0,3,119,31,,49,49,0
192,0,2365,cube,7,4,4,5,0,3,117,31,,49,49,0
192,0,2366,cube,7,4,4,6,0,6,127,31,,49,49,0
192,0,2367,cube,7,4,4,7,0,5,122,31,,49,49,0
192,0,2848,cube,4,4,5,0,0,0,133,32,,50,50,0
192,0,2849,cube,4,4,5,1,0,0,130,32,,50,50,0
192,0,2850,cube,4,4,5,2,0,0,133,32,,50,50,0
192,0,2851,cube,4,4,5,3,0,0,126,32,,50,50,0
192,0,2852,cube,4,4,5,4,0,0,136,32,,50,50,0
192,0,2853,cube,4,4,5,5,0,0,134,32,,50,50,0
192,0,2854,cube,4,4,5,6,0,0,139,32,,50,50,0
192,0,2855,cube,4,4,5,7,0,0,116,32,,50,50,0
192,0,3024,cube,2,7,5,0,0,0,87,40,,58,58,0
192,0,3025,cube,2,7,5,1,0,0,94,40,,58,58,0
192,0,3026,cube,2,7,5,2,0,0,99,40,,58,58,0
192,0,3027,cube,2,7,5,3,0,0,91,40,,58,58,0
192,0,3028,cube,2,7,5,4,0,0,101,40,,58,58,0
192,0,3029,cube,2,7,5,5,0,0,97,40,,58,58,0
192,0,3030,cube,2,7,5,6,0,0,94,40,,58,58,0
192,0,3031,cube,2,7,5,7,0,0,93,40,,58,58,0
192,0,3032,cube,3,7,5,0,0,0,83,41,,59,59,0
192,0,3033,cube,3,7,5,1,0,0,89,41,,59,59,0
192,0,3034,cube,3,7,5,2,0,0,88,41,,59,59,0
192,0,3035,cube,3,7,5,3,0,0,77,41,,59,59,0
192,0,3036,cube,3,7,5,4,0,0,95,41,,59,59,0
192,0,3037,cube,3,7,5,5,0,0,97,41,,59,59,0
192,0,3038,cube,3,7,5,6,0,0,89,41,,59,59,0
192,0,3039,cube,3,7,5,7,0,0,86,41,,59,59,0
192,0,3096,cube,3,0,6,0,0,0,107,35,,53,53,0
192,0,3097,cube,3,0,6,1,0,0,117,35,,53,53,0
192,0,3098,cube,3,0,6,2,0,0,129,35,,53,53,0
192,0,3099,cube,3,0,6,3,0,0,117,35,,53,53,0
192,0,3100,cube,3,0,6,4,0,0,124,35,,53,53,0
192,0,3101,cube,3,0,6,5,0,0,118,35,,53,53,0
192,0,3102,cube,3,0,6,6,0,0,110,35,,53,53,0
192,0,3103,cube,3,0,6,7,0,0,126,35,,53,53,0
192,0,3208,cube,1,2,6,0,0,0,0,,,,,1
192,0,3209,cube,1,2,6,1,0,0,0,,,,,1
192,0,3210,cube,1,2,6,2,0,0,0,,,,,1
192,0,3211,cube,1,2,6,3,0,0,0,,,,,1
192,0,3212,cube,1,2,6,4,0,0,0,,,,,1
192,0,3213,cube,1,2,6,5,0,0,0,,,,,1
192,0,3214,cube,1,2,6,6,0,0,0,,,,,1
192,0,3215,cube,1,2,6,7,0,0,0,,,,,1
192,0,3353,cube,3,4,6,1,0,0,133,32,,50,50,0
192,0,3362,cube,4,4,6,2,0,0,0,,,,,1
192,0,3472,cube,2,6,6,0,0,0,98,40,,58,58,0
192,0,3473,cube,2,6,6,1,0,0,92,40,,58,58,0
192,0,3474,cube,2,6,6,2,0,0,99,40,,58,58,0
192,0,3475,cube,2,6,6,3,0,0,99,40,,58,58,0
192,0,3476,cube,2,6,6,4,0,0,108,40,,58,58,0
192,0,3477,cube,2,6,6,5,0,0,97,40,,58,58,0
192,0,3478,cube,2,6,6,6,0,0,99,40,,58,58,0
192,0,3479,cube,2,6,6,7,0,0,105,40,,58,58,0
192,0,3720,cube,1,2,7,0,0,10,140,29,,47,47,0
192,0,3721,cube,1,2,7,1,0,10,140,29,,47,47,0
192,0,3722,cube,1,2,7,2,0,13,130,29,,47,47,0
192,0,3723,cube,1,2,7,3,0,11,135,29,,47,47,0
192,0,3724,cube,1,2,7,4,0,6,116,29,,47,47,0
192,0,3725,cube,1,2,7,5,0,13,136,29,,47,47,0
192,0,3726,cube,1,2,7,6,0,13,132,29,,47,47,0
192,0,3727,cube,1,2,7,7,0,13,141,29,,47,47,0
192,0,3768,cube,7,2,7,0,0,14,138,28,,46,46,0
192,0,3769,cube,7,2,7,1,0,13,144,28,,46,46,0
192,0,3770,cube,7,2,7,2,0,18,151,28,,46,46,0
192,0,3771,cube,7,2,7,3,0,16,143,28,,46,46,0
192,0,3772,cube,7,2,7,4,0,20,142,28,,46,46,0
192,0,3773,cube,7,2,7,5,0,19,149,28,,46,46,0
192,0,3774,cube,7,2,7,6,0,8,122,28,,46,46,0
192,0,3775,cube,7,2,7,7,0,18,145,28,,46,46,0
192,0,3816,cube,5,3,7,0,0,0,0,,,,,1
192,0,3817,cube,5,3,7,1,0,0,0,,,,,1
192,0,3818,cube,5,3,7,2,0,0,47,53,,71,71,0
192,0,3819,cube,5,3,7,3,0,0,43,53,,71,71,0
192,0,3820,cube,5,3,7,4,0,0,0,,,,,1
192,0,3821,cube,5,3,7,5,0,0,37,53,,71,71,0
192,0,3822,cube,5,3,7,6,0,0,44,53,,71,71,0
192,0,3823,cube,5,3,7,7,0,0,0,,,,,1
192,0,3832,cube,7,3,7,0,0,18,140,28,,46,46,0
192,0,3833,cube,7,3,7,1,0,16,146,28,,46,46,0
192,0,3834,cube,7,3,7,2,0,18,131,28,,46,46,0
192,0,3835,cube,7,3,7,3,0,16,139,28,,46,46,0
192,0,3836,cube,7,3,7,4,0,19,136,28,,46,46,0
192,0,3837,cube,7,3,7,5,0,16,135,28,,46,46,0
192,0,3838,cube,7,3,7,6,0,12,138,28,,46,46,0
192,0,3839,cube,7,3,7,7,0,12,136,28,,46,46,0
192,1,24,cube,3,0,0,0,0,0,110,37,,55,55,0
192,1,25,cube,3,0,0,1,0,0,100,37,,55,55,0
192,1,26,cube,3,0,0,2,0,0,108,37,,55,55,0
192,1,27,cube,3,0,0,3,0,0,109,37,,55,55,0
192,1,28,cube,3,0,0,4,0,0,102,37,,55,55,0
192,1,29,cube,3,0,0,5,0,0,104,37,,55,55,0
192,1,30,cube,3,0,0,6,0,0,104,37,,55,55,0
192,1,31,cube,3,0,0,7,0,0,107,37,,55,55,0
192,1,56,cube,7,0,0,0,0,0,82,45,,63,63,0
192,1,57,cube,7,0,0,1,0,0,77,45,,63,63,0
192,1,58,cube,7,0,0,2,0,0,83,45,,63,63,0
192,1,59,cube,7,0,0,3,0,0,80,45,,63,63,0
192,1,60,cube,7,0,0,4,0,0,85,45,,63,63,0
192,1,61,cube,7,0,0,5,0,0,69,45,,63,63,0
192,1,62,cube,7,0,0,6,0,0,76,45,,63,63,0
192,1,63,cube,7,0,0,7,0,0,76,45,,63,63,0
192,1,88,cube,3,1,0,0,0,31,159,25,,43,43,0
192,1,89,cube,3,1,0,1,0,28,159,25,,43,43,0
192,1,90,cube,3,1,0,2,0,29,163,25,,43,43,0
192,1,91,cube,3,1,0,3,0,25,148,25,,43,43,0
192,1,92,cube,3,1,0,4,0,33,165,25,,43,43,0
192,1,93,cube,3,1,0,5,0,22,150,25,,43,43,0
192,1,94,cube,3,1,0,6,0,27,172,25,,43,43,0
192,1,95,cube,3,1,0,7,0,23,156,25,,43,43,0
192,1,112,cube,6,1,0,0,0,0,87,41,,59,59,0
192,1,113,cube,6,1,0,1,0,0,91,41,,59,59,0
192,1,114,cube,6,1,0,2,0,0,88,41,,59,59,0
192,1,115,cube,6,1,0,3,0,0,105,41,,59,59,0
192,1,116,cube,6,1,0,4,0,0,80,41,,59,59,0
192,1,117,cube,6,1,0,5,0,0,96,41,,59,59,0
192,1,118,cube,6,1,0,6,0,0,97,41,,59,59,0
192,1,119,cube,6,1,0,7,0,0,87,41,,59,59,0
192,1,160,cube,4,2,0,0,0,0,13,60,,78,78,0
192,1,161,cube,4,2,0,1,0,0,17,60,,78,78,0
192,1,162,cube,4,2,0,2,0,0,18,60,,78,78,0
192,1,163,cube,4,2,0,3,0,0,16,60,,78,78,0
192,1,164,cube,4,2,0,4,0,0,11,60,,78,78,0
192,1,165,cube,4,2,0,5,0,0,14,60,,78,78,0
192,1,166,cube,4,2,0,6,0,0,15,60,,78,78,0
192,1,167,cube,4,2,0,7,0,0,13,60,,78,78,0
192,1,280,cube,3,4,0,0,0,0,0,,,,,1
192,1,281,cube,3,4,0,1,0,0,0,,,,,1
192,1,282,cube,3,4,0,2,0,0,0,,,,,1
192,1,283,cube,3,4,0,3,0,0,0,,,,,1
192,1,284,cube,3,4,0,4,0,0,0,,,,,1
192,1,285,cube,3,4,0,5,0,0,0,,,,,1
192,1,286,cube,3,4,0,6,0,0,0,,,,,1
192,1,287,cube,3,4,0,7,0,0,0,,,,,1
192,1,432,cube,6,6,0,0,0,0,0,,,,,1
192,1,433,cube,6,6,0,1,0,0,0,,,,,1
192,1,434,cube,6,6,0,2,0,0,0,,,,,1
192,1,435,cube,6,6,0,3,0,0,0,,,,,1
192,1,436,cube,6,6,0,4,0,0,0,,,,,1
192,1,437,cube,6,6,0,5,0,0,0,,,,,1
192,1,438,cube,6,6,0,6,0,0,0,,,,,1
192,1,439,cube,6,6,0,7,0,0,0,,,,,1
192,1,1024,cube,0,0,2,0,0,0,142,32,,50,50,0
192,1,1025,cube,0,0,2,1,0,0,115,32,,50,50,0
192,1,1026,cube,0,0,2,2,0,0,118,32,,50,50,0
192,1,1027,cube,0,0,2,3,0,0,129,32,,50,50,0
192,1,1028,cube,0,0,2,4,0,0,122,32,,50,50,0
192,1,1029,cube,0,0,2,5,0,0,137,32,,50,50,0
192,1,1030,cube,0,0,2,6,0,0,131,32,,50,50,0
192,1,1031,cube,0,0,2,7,0,0,138,32,,50,50,0
192,1,1056,cube,4,0,2,0,0,0,121,35,,53,53,0
192,1,1057,cube,4,0,2,1,0,0,109,35,,53,53,0
192,1,1058,cube,4,0,2,2,0,0,115,35,,53,53,0
192,1,1059,cube,4,0,2,3,0,0,116,35,,53,53,0
192,1,1060,cube,4,0,2,4,0,0,114,35,,53,53,0
192,1,1061,cube,4,0,2,5,0,0,124,35,,53,53,0
192,1,1062,cube,4,0,2,6,0,0,118,35,,53,53,0
192,1,1063,cube,4,0,2,7,0,0,123,35,,53,53,0
192,1,1096,cube,1,1,2,0,0,0,107,34,,53,53,1
192,1,1097,cube,1,1,2,1,0,0,112,34,,53,53,1
192,1,1098,cube,1,1,2,2,0,0,116,34,,53,53,1
192,1,1099,cube,1,1,2,3,0,0,105,34,,53,53,1
192,1,1100,cube,1,1,2,4,0,0,127,34,,53,53,1
192,1,1101,cube,1,1,2,5,0,0,121,34,,53,53,1
192,1,1102,cube,1,1,2,6,0,0,114,34,,53,53,1
192,1,1103,cube,1,1,2,7,0,0,111,34,,53,53,1
192,1,1448,cube,5,6,2,0,0,0,16,60,,77,77,0
192,1,1449,cube,5,6,2,1,0,0,23,59,,77,77,0
192,1,1450,cube,5,6,2,2,0,0,22,59,,77,77,0
192,1,1451,cube,5,6,2,3,0,0,23,59,,77,77,0
192,1,1452,cube,5,6,2,4,0,0,20,59,,77,77,0
192,1,1453,cube,5,6,2,5,0,0,19,59,,77,77,0
192,1,1454,cube,5,6,2,6,0,0,23,59,,77,77,0
192,1,1455,cube,5,6,2,7,0,0,19,59,,77,77,0
192,1,1472,cube,0,7,2,0,0,0,0,,,,,1
192,1,1473,cube,0,7,2,1,0,0,0,,,,,1
192,1,1474,cube,0,7,2,2,0,0,0,,,,,1
192,1,1475,cube,0,7,2,3,0,0,0,,,,,1
192,1,1476,cube,0,7,2,4,0,0,0,,,,,1
192,1,1477,cube,0,7,2,5,0,0,0,,,,,1
192,1,1478,cube,0,7,2,6,0,0,0,,,,,1
192,1,1479,cube,0,7,2,7,0,0,0,,,,,1
192,1,1608,cube,1,1,3,0,0,0,64,49,,67,67,0
192,1,1609,cube,1,1,3,1,0,0,58,49,,67,67,0
192,1,1610,cube,1,1,3,2,0,0,67,49,,67,67,0
192,1,1611,cube,1,1,3,3,0,0,58,49,,67,67,0
192,1,1612,cube,1,1,3,4,0,0,52,49,,67,67,0
192,1,1613,cube,1,1,3,5,0,0,62,49,,67,67,0
192,1,1614,cube,1,1,3,6,0,0,57,49,,67,67,0
192,1,1615,cube,1,1,3,7,0,0,56,49,,67,67,0
192,1,1616,cube,2,1,3,0,0,0,52,49,,67,67,0
192,1,1617,cube,2,1,3,1,0,0,58,49,,67,67,0
192,1,1618,cube,2,1,3,2,0,0,54,49,,67,67,0
192,1,1619,cube,2,1,3,3,0,0,58,49,,67,67,0
192,1,1620,cube,2,1,3,4,0,0,61,49,,67,67,0
192,1,1621,cube,2,1,3,5,0,0,59,49,,67,67,0
192,1,1622,cube,2,1,3,6,0,0,54,49,,67,67,0
192,1,1623,cube,2,1,3,7,0,0,59,49,,67,67,0
192,1,1744,cube,2,3,3,0,0,0,124,34,,52,52,0
192,1,1745,cube,2,3,3,1,0,0,127,34,,52,52,0
192,1,1746,cube,2,3,3,2,0,0,107,34,,52,52,0
192,1,1747,cube,2,3,3,3,0,0,125,34,,52,52,0
192,1,1748,cube,2,3,3,4,0,0,118,34,,52,52,0
192,1,1749,cube,2,3,3,5,0,0,117,34,,52,52,0
192,1,1750,cube,2,3,3,6,0,0,129,34,,52,52,0
192,1,1751,cube,2,3,3,7,0,0,139,34,,52,52,0
192,1,2006,cube,2,7,3,6,1,27,160,23,191,41,41,0
192,1,2088,cube,5,0,4,0,0,0,105,38,,57,57,1
192,1,2089,cube,5,0,4,1,0,0,97,38,,57,57,1
192,1,2090,cube,5,0,4,2,0,0,99,38,,57,57,1
192,1,2091,cube,5,0,4,3,0,0,99,38,,57,57,1
192,1,2092,cube,5,0,4,4,0,0,110,38,,57,57,1
192,1,2093,cube,5,0,4,5,0,0,119,38,,57,57,1
192,1,2094,cube,5,0,4,6,0,0,107,38,,57,57,1
192,1,2095,cube,5,0,4,7,0,0,107,38,,57,57,1
192,1,2128,cube,2,1,4,0,0,0,117,36,,54,54,0
192,1,2129,cube,2,1,4,1,0,0,124,36,,54,54,0
192,1,2130,cube,2,1,4,2,0,0,102,36,,54,54,0
192,1,2131,cube,2,1,4,3,0,0,116,36,,54,54,0
192,1,2132,cube,2,1,4,4,0,0,107,36,,54,54,0
192,1,2133,cube,2,1,4,5,0,0,120,36,,54,54,0
192,1,2134,cube,2,1,4,6,0,0,114,36,,54,54,0
192,1,2135,cube,2,1,4,7,0,0,110,36,,54,54,0
192,1,2136,cube,3,1,4,0,0,0,108,38,,56,56,0
192,1,2137,cube,3,1,4,1,0,0,107,38,,56,56,0
192,1,2138,cube,3,1,4,2,0,0,94,38,,56,56,0
192,1,2139,cube,3,1,4,3,0,0,111,38,,56,56,0
192,1,2140,cube,3,1,4,4,0,0,120,38,,56,56,0
192,1,2141,cube,3,1,4,5,0,0,110,38,,56,56,0
192,1,2142,cube,3,1,4,6,0,0,101,38,,56,56,0
192,1,2143,cube,3,1,4,7,0,0,103,38,,56,56,0
192,1,2456,cube,3,6,4,0,0,17,151,28,,46,46,0
192,1,2457,cube,3,6,4,1,0,14,158,28,,46,46,0
192,1,2458,cube,3,6,4,2,0,19,133,28,,46,46,0
192,1,2459,cube,3,6,4,3,0,17,158,28,,46,46,0
192,1,2460,cube,3,6,4,4,0,17,149,28,,46,46,0
192,1,2461,cube,3,6,4,5,0,15,132,28,,46,46,0
192,1,2462,cube,3,6,4,6,0,18,144,28,,46,46,0
192,1,2463,cube,3,6,4,7,0,12,152,28,,46,46,0
192,1,2464,cube,4,6,4,0,0,17,138,28,,46,46,0
192,1,2465,cube,4,6,4,1,0,16,146,28,,46,46,0
192,1,2466,cube,4,6,4,2,0,15,147,28,,46,46,0
192,1,2467,cube,4,6,4,3,0,11,140,29,,46,46,0
192,1,2468,cube,4,6,4,4,0,15,141,28,,46,46,0
192,1,2469,cube,4,6,4,5,0,12,131,28,,46,46,0
192,1,2470,cube,4,6,4,6,0,13,138,28,,46,46,0
192,1,2471,cube,4,6,4,7,0,15,143,28,,46,46,0
192,1,2544,cube,6,7,4,0,0,0,54,50,,68,68,0
192,1,2545,cube,6,7,4,1,0,0,56,50,,68,68,0
192,1,2546,cube,6,7,4,2,0,0,68,50,,68,68,0
192,1,2547,cube,6,7,4,3,0,0,44,50,,68,68,0
192,1,2548,cube,6,7,4,4,0,0,57,50,,68,68,0
192,1,2549,cube,6,7,4,5,0,0,64,50,,68,68,0
192,1,2550,cube,6,7,4,6,0,0,54,50,,68,68,0
192,1,2551,cube,6,7,4,7,0,0,59,50,,68,68,0
192,1,2774,cube,2,3,5,6,1,30,147,23,187,41,41,0
192,1,3024,cube,2,7,5,0,0,0,26,56,,75,75,1
192,1,3025,cube,2,7,5,1,0,0,30,56,,75,75,1
192,1,3026,cube,2,7,5,2,0,0,34,56,,75,75,1
192,1,3027,cube,2,7,5,3,0,0,33,56,,75,75,1
192,1,3028,cube,2,7,5,4,0,0,41,56,,75,75,1
192,1,3029,cube,2,7,5,5,0,0,29,56,,75,75,1
192,1,3030,cube,2,7,5,6,0,0,34,56,,75,75,1
192,1,3031,cube,2,7,5,7,0,0,38,56,,75,75,1
192,1,3104,cube,4,0,6,0,0,30,142,25,,44,44,1
192,1,3105,cube,4,0,6,1,0,27,162,25,,44,44,1
192,1,3106,cube,4,0,6,2,0,27,165,25,,44,44,1
192,1,3107,cube,4,0,6,3,0,32,160,25,,44,44,1
192,1,3108,cube,4,0,6,4,0,23,154,25,,44,44,1
192,1,3109,cube,4,0,6,5,0,26,154,25,,44,44,1
192,1,3110,cube,4,0,6,6,0,22,144,25,,44,44,1
192,1,3111,cube,4,0,6,7,0,30,161,25,,44,44,1
192,1,3120,cube,6,0,6,0,0,19,146,27,,46,46,1
192,1,3121,cube,6,0,6,1,0,20,159,27,,46,46,1
192,1,3122,cube,6,0,6,2,0,16,153,27,,46,46,1
192,1,3123,cube,6,0,6,3,0,15,135,27,,46,46,1
192,1,3124,cube,6,0,6,4,0,15,149,27,,46,46,1
192,1,3125,cube,6,0,6,5,0,18,153,27,,46,46,1
192,1,3126,cube,6,0,6,6,0,18,146,27,,46,46,1
192,1,3127,cube,6,0,6,7,0,17,156,27,,46,46,1
192,1,3160,cube,3,1,6,0,0,0,97,39,,57,57,0
192,1,3161,cube,3,1,6,1,0,0,96,39,,57,57,0
192,1,3162,cube,3,1,6,2,0,0,103,39,,57,57,0
192,1,3163,cube,3,1,6,3,0,0,98,39,,57,57,0
192,1,3164,cube,3,1,6,4,0,0,108,39,,57,57,0
192,1,3165,cube,3,1,6,5,0,0,93,40,,57,57,0
192,1,3166,cube,3,1,6,6,0,0,116,39,,57,57,0
192,1,3167,cube,3,1,6,7,0,0,98,39,,57,57,0
192,1,3184,cube,6,1,6,0,0,0,100,41,,59,59,0
192,1,3185,cube,6,1,6,1,0,0,94,41,,59,59,0
192,1,3186,cube,6,1,6,2,0,0,80,41,,59,59,0
192,1,3187,cube,6,1,6,3,0,0,100,41,,59,59,0
192,1,3188,cube,6,1,6,4,0,0,94,41,,59,59,0
192,1,3189,cube,6,1,6,5,0,0,95,41,,59,59,0
192,1,3190,cube,6,1,6,6,0,0,101,41,,59,59,0
192,1,3191,cube,6,1,6,7,0,0,93,41,,59,59,0
192,1,3296,cube,4,3,6,0,0,0,0,,,,,1
192,1,3297,cube,4,3,6,1,0,0,0,,,,,1
192,1,3298,cube,4,3,6,2,0,0,0,,,,,1
192,1,3299,cube,4,3,6,3,0,0,0,,,,,1
192,1,3300,cube,4,3,6,4,0,0,0,,,,,1
192,1,3301,cube,4,3,6,5,0,0,0,,,,,1
192,1,3302,cube,4,3,6,6,0,0,0,,,,,1
192,1,3303,cube,4,3,6,7,0,0,0,,,,,1
192,1,3400,cube,1,5,6,0,0,0,106,37,,55,55,0
192,1,3401,cube,1,5,6,1,0,0,120,37,,55,55,0
192,1,3402,cube,1,5,6,2,0,0,116,37,,55,55,0
192,1,3403,cube,1,5,6,3,0,0,101,37,,55,55,0
192,1,3404,cube,1,5,6,4,0,0,111,37,,55,55,0
192,1,3405,cube,1,5,6,5,0,0,101,37,,55,55,0
192,1,3406,cube,1,5,6,6,0,0,118,37,,55,55,0
192,1,3407,cube,1,5,6,7,0,0,104,37,,55,55,0
192,1,3488,cube,4,6,6,0,0,0,0,,,,,1
192,1,3489,cube,4,6,6,1,0,0,0,,,,,1
192,1,3490,cube,4,6,6,2,0,0,0,,,,,1
192,1,3491,cube,4,6,6,3,0,0,0,,,,,1
192,1,3492,cube,4,6,6,4,0,0,0,,,,,1
192,1,3493,cube,4,6,6,5,0,0,0,,,,,1
192,1,3494,cube,4,6,6,6,0,0,0,,,,,1
192,1,3495,cube,4,6,6,7,0,0,0,,,,,1
192,1,3520,cube,0,7,6,0,0,0,23,57,,76,76,1
192,1,3521,cube,0,7,6,1,0,0,25,57,,76,76,1
192,1,3522,cube,0,7,6,2,0,0,24,57,,76,76,1
192,1,3523,cube,0,7,6,3,0,0,26,57,,76,76,1
192,1,3524,cube,0,7,6,4,0,0,31,57,,76,76,1
192,1,3525,cube,0,7,6,5,0,0,21,57,,76,76,1
192,1,3526,cube,0,7,6,6,0,0,31,57,,76,76,1
192,1,3527,cube,0,7,6,7,0,0,31,57,,76,76,1
192,1,3576,cube,7,7,6,0,0,12,129,29,,47,47,0
192,1,3577,cube,7,7,6,1,0,11,139,29,,47,47,0
192,1,3578,cube,7,7,6,2,0,8,149,29,,47,47,0
192,1,3579,cube,7,7,6,3,0,9,146,29,,47,47,0
192,1,3580,cube,7,7,6,4,0,9,135,29,,47,47,0
192,1,3581,cube,7,7,6,5,0,14,141,29,,47,47,0
192,1,3582,cube,7,7,6,6,0,10,132,29,,47,47,0
192,1,3583,cube,7,7,6,7,0,12,139,29,,47,47,0
192,2,8,cube,1,0,0,0,0,0,132,34,,52,52,0
192,2,9,cube,1,0,0,1,0,0,128,34,,52,52,0
192,2,10,cube,1,0,0,2,0,0,137,34,,52,52,0
192,2,11,cube,1,0,0,3,0,0,116,34,,52,52,0
192,2,12,cube,1,0,0,4,0,0,121,34,,52,52,0
192,2,13,cube,1,0,0,5,0,0,112,34,,52,52,0
192,2,14,cube,1,0,0,6,0,0,130,34,,52,52,0
192,2,15,cube,1,0,0,7,0,0,115,34,,52,52,0
192,2,160,cube,4,2,0,0,0,0,69,49,,67,67,0
192,2,161,cube,4,2,0,1,0,0,60,49,,67,67,0
192,2,162,cube,4,2,0,2,0,0,58,49,,67,67,0
192,2,163,cube,4,2,0,3,0,0,67,49,,67,67,0
192,2,164,cube,4,2,0,4,0,0,59,49,,67,67,0
192,2,165,cube,4,2,0,5,0,0,53,49,,67,67,0
192,2,166,cube,4,2,0,6,0,0,62,49,,67,67,0
192,2,167,cube,4,2,0,7,0,0,70,49,,67,67,0
192,2,168,cube,5,2,0,0,0,3,129,31,,49,49,0
192,2,169,cube,5,2,0,1,0,5,142,31,,49,49,0
192,2,170,cube,5,2,0,2,0,2,123,31,,49,49,0
192,2,171,cube,5,2,0,3,0,2,131,31,,49,49,0
192,2,172,cube,5,2,0,4,0,3,127,31,,49,49,0
192,2,173,cube,5,2,0,5,0,6,143,31,,49,49,0
192,2,174,cube,5,2,0,6,0,6,134,31,,49,49,0
192,2,175,cube,5,2,0,7,0,2,138,31,,49,49,0
192,2,216,cube,3,3,0,0,0,0,0,,,,,1
192,2,217,cube,3,3,0,1,0,0,0,,,,,1
192,2,218,cube,3,3,0,2,0,0,0,,,,,1
192,2,219,cube,3,3,0,3,0,0,0,,,,,1
192,2,220,cube,3,3,0,4,0,0,0,,,,,1
192,2,221,cube,3,3,0,5,0,0,0,,,,,1
192,2,222,cube,3,3,0,6,0,0,0,,,,,1
192,2,223,cube,3,3,0,7,0,0,0,,,,,1
192,2,464,cube,2,7,0,0,0,0,91,40,,58,58,0
192,2,465,cube,2,7,0,1,0,0,107,40,,58,58,0
192,2,466,cube,2,7,0,2,0,0,97,40,,58,58,0
192,2,467,cube,2,7,0,3,0,0,105,40,,58,58,0
192,2,468,cube,2,7,0,4,0,0,90,40,,58,58,0
192,2,469,cube,2,7,0,5,0,0,90,40,,58,58,0
192,2,470,cube,2,7,0,6,0,0,92,40,,58,58,0
192,2,471,cube,2,7,0,7,0,0,99,40,,58,58,0
192,2,504,cube,7,7,0,0,0,0,95,40,,58,58,0
192,2,505,cube,7,7,0,1,0,0,93,40,,58,58,0
192,2,506,cube,7,7,0,2,0,0,90,40,,58,58,0
192,2,507,cube,7,7,0,3,0,0,106,40,,58,58,0
192,2,508,cube,7,7,0,4,0,0,94,40,,58,58,0
192,2,509,cube,7,7,0,5,0,0,86,40,,58,58,0
192,2,510,cube,7,7,0,6,0,0,106,40,,58,58,0
192,2,511,cube,7,7,0,7,0,0,93,40,,58,58,0
192,2,592,cube,2,1,1,0,0,31,148,24,,42,42,0
192,2,593,cube,2,1,1,1,0,36,167,24,,42,42,0
192,2,594,cube,2,1,1,2,0,31,172,24,,42,42,0
192,2,595,cube,2,1,1,3,0,32,154,24,,42,42,0
192,2,596,cube,2,1,1,4,0,37,148,24,,42,42,0
192,2,597,cube,2,1,1,5,0,28,148,24,,42,42,0
192,2,598,cube,2,1,1,6,0,35,172,24,,42,42,0
192,2,599,cube,2,1,1,7,0,38,173,24,,42,42,0
192,2,800,cube,4,4,1,0,0,12,145,29,,47,47,0
192,2,801,cube,4,4,1,1,0,11,139,29,,47,47,0
192,2,802,cube,4,4,1,2,0,9,128,29,,47,47,0
192,2,803,cube,4,4,1,3,0,13,144,29,,47,47,0
192,2,804,cube,4,4,1,4,0,11,144,29,,47,47,0
192,2,805,cube,4,4,1,5,0,11,153,29,,47,47,0
192,2,806,cube,4,4,1,6,0,11,144,29,,47,47,0
192,2,807,cube,4,4,1,7,0,14,150,29,,47,47,0
192,2,808,cube,5,4,1,0,0,0,108,37,,55,55,0
192,2,809,cube,5,4,1,1,0,0,110,37,,55,55,0
192,2,810,cube,5,4,1,2,0,0,110,37,,55,55,0
192,2,811,cube,5,4,1,3,0,0,97,37,,55,55,0
192,2,812,cube,5,4,1,4,0,0,109,37,,55,55,0
192,2,813,cube,5,4,1,5,0,0,111,37,,55,55,0
192,2,814,cube,5,4,1,6,0,0,104,37,,55,55,0
192,2,815,cube,5,4,1,7,0,0,107,37,,55,55,0
192,2,1000,cube,5,7,1,0,0,0,78,44,,62,62,0
192,2,1001,cube,5,7,1,1,0,0,82,44,,62,62,0
192,2,1002,cube,5,7,1,2,0,0,74,44,,62,62,0
192,2,1003,cube,5,7,1,3,0,0,81,44,,62,62,0
192,2,1004,cube,5,7,1,4,0,0,85,44,,62,62,0
192,2,1005,cube,5,7,1,5,0,0,71,44,,62,62,0
192,2,1006,cube,5,7,1,6,0,0,85,44,,62,62,0
192,2,1007,cube,5,7,1,7,0,0,81,44,,62,62,0
192,2,1040,cube,2,0,2,0,0,0,9,62,,80,80,0
192,2,1041,cube,2,0,2,1,0,0,10,62,,80,80,0
192,2,1042,cube,2,0,2,2,0,0,8,62,,80,80,0
192,2,1043,cube,2,0,2,3,0,0,8,62,,80,80,0
192,2,1044,cube,2,0,2,4,0,0,7,62,,80,80,0
192,2,1045,cube,2,0,2,5,0,0,10,62,,80,80,0
192,2,1046,cube,2,0,2,6,0,0,8,62,,80,80,0
192,2,1047,cube,2,0,2,7,0,0,5,62,,80,80,0
192,2,1056,cube,4,0,2,0,0,0,10,62,,80,80,0
192,2,1057,cube,4,0,2,1,0,0,9,62,,80,80,0
192,2,1058,cube,4,0,2,2,0,0,9,62,,80,80,0
192,2,1059,cube,4,0,2,3,0,0,9,62,,80,80,0
192,2,1060,cube,4,0,2,4,0,0,7,62,,80,80,0
192,2,1061,cube,4,0,2,5,0,0,8,62,,80,80,0
192,2,1062,cube,4,0,2,6,0,0,13,62,,80,80,0
192,2,1063,cube,4,0,2,7,0,0,8,62,,80,80,0
192,2,1160,cube,1,2,2,0,0,0,114,35,,53,53,0
192,2,1161,cube,1,2,2,1,0,0,115,35,,53,53,0
192,2,1162,cube,1,2,2,2,0,0,109,35,,53,53,0
192,2,1163,cube,1,2,2,3,0,0,126,35,,53,53,0
192,2,1164,cube,1,2,2,4,0,0,111,35,,53,53,0
192,2,1165,cube,1,2,2,5,0,0,116,35,,53,53,0
192,2,1166,cube,1,2,2,6,0,0,118,35,,53,53,0
192,2,1167,cube,1,2,2,7,0,0,112,35,,53,53,0
192,2,1184,cube,4,2,2,0,0,0,61,49,,67,67,0
192,2,1185,cube,4,2,2,1,0,0,59,49,,67,67,0
192,2,1186,cube,4,2,2,2,0,0,58,49,,67,67,0
192,2,1187,cube,4,2,2,3,0,0,59,49,,67,67,0
192,2,1188,cube,4,2,2,4,0,0,54,49,,67,67,0
192,2,1189,cube,4,2,2,5,0,0,54,49,,67,67,0
192,2,1190,cube,4,2,2,6,0,0,59,49,,67,67,0
192,2,1191,cube,4,2,2,7,0,0,60,49,,67,67,0
192,2,1192,cube,5,2,2,0,0,23,140,27,,45,45,0
192,2,1193,cube,5,2,2,1,0,18,147,27,,45,45,0
192,2,1194,cube,5,2,2,2,0,22,148,27,,45,45,0
192,2,1195,cube,5,2,2,3,0,18,150,27,,45,45,0
192,2,1196,cube,5,2,2,4,0,20,138,27,,45,45,0
192,2,1197,cube,5,2,2,5,0,22,159,27,,45,45,0
192,2,1198,cube,5,2,2,6,0,22,142,27,,45,45,0
192,2,1199,cube,5,2,2,7,0,23,141,27,,45,45,0
192,2,1296,cube,2,4,2,0,0,0,115,36,,54,54,0
192,2,1297,cube,2,4,2,1,0,0,110,36,,54,54,0
192,2,1298,cube,2,4,2,2,0,0,108,36,,54,54,0
192,2,1299,cube,2,4,2,3,0,0,113,36,,54,54,0
192,2,1300,cube,2,4,2,4,0,0,104,36,,54,54,0
192,2,1301,cube,2,4,2,5,0,0,111,36,,54,54,0
192,2,1302,cube,2,4,2,6,0,0,112,36,,54,54,0
192,2,1303,cube,2,4,2,7,0,0,118,36,,54,54,0
192,2,1560,cube,3,0,3,0,0,0,0,,,,,1
192,2,1561,cube,3,0,3,1,0,0,0,,,,,1
192,2,1562,cube,3,0,3,2,0,0,0,,,,,1
192,2,1563,cube,3,0,3,3,0,0,0,,,,,1
192,2,1564,cube,3,0,3,4,0,0,0,,,,,1
192,2,1565,cube,3,0,3,5,0,0,0,,,,,1
192,2,1566,cube,3,0,3,6,0,0,0,,,,,1
192,2,1567,cube,3,0,3,7,0,0,0,,,,,1
192,2,1592,cube,7,0,3,0,0,0,78,45,,63,63,0
192,2,1593,cube,7,0,3,1,0,0,79,45,,63,63,0
192,2,1594,cube,7,0,3,2,0,0,86,45,,63,63,0
192,2,1595,cube,7,0,3,3,0,0,83,45,,63,63,0
192,2,1596,cube,7,0,3,4,0,0,88,45,,63,63,0
192,2,1597,cube,7,0,3,5,0,0,77,45,,63,63,0
192,2,1598,cube,7,0,3,6,0,0,66,45,,63,63,0
192,2,1599,cube,7,0,3,7,0,0,89,45,,63,63,0
192,2,1680,cube,2,2,3,0,0,10,137,28,,46,46,0
192,2,1681,cube,2,2,3,1,0,12,139,28,,46,46,0
192,2,1682,cube,2,2,3,2,0,14,125,28,,46,46,0
192,2,1683,cube,2,2,3,3,0,17,145,28,,46,46,0
192,2,1684,cube,2,2,3,4,0,16,151,28,,46,46,0
192,2,1685,cube,2,2,3,5,0,15,141,28,,46,46,0
192,2,1686,cube,2,2,3,6,0,13,137,28,,46,46,0
192,2,1687,cube,2,2,3,7,0,23,152,28,,46,46,0
192,2,1720,cube,7,2,3,0,0,4,127,31,,49,49,0
192,2,1976,cube,7,6,3,0,0,14,145,27,,45,45,0
192,2,1977,cube,7,6,3,1,0,22,146,27,,45,45,0
192,2,1978,cube,7,6,3,2,0,17,152,27,,45,45,0
192,2,1979,cube,7,6,3,3,0,23,146,27,,45,45,0
192,2,1980,cube,7,6,3,4,0,19,139,27,,45,45,0
192,2,1981,cube,7,6,3,5,0,18,135,27,,45,45,0
192,2,1982,cube,7,6,3,6,0,20,156,27,,45,45,0
192,2,1983,cube,7,6,3,7,0,21,157,27,,45,45,0
192,2,2080,cube,4,0,4,0,0,0,0,,,,,1
192,2,2081,cube,4,0,4,1,0,0,0,,,,,1
192,2,2082,cube,4,0,4,2,0,0,0,,,,,1
192,2,2083,cube,4,0,4,3,0,0,0,,,,,1
192,2,2084,cube,4,0,4,4,0,0,0,,,,,1
192,2,2085,cube,4,0,4,5,0,0,0,,,,,1
192,2,2086,cube,4,0,4,6,0,0,0,,,,,1
192,2,2087,cube,4,0,4,7,0,0,0,,,,,1
192,2,2088,cube,5,0,4,0,0,0,0,,,,,1
192,2,2089,cube,5,0,4,1,0,0,0,,,,,1
192,2,2090,cube,5,0,4,2,0,0,0,,,,,1
192,2,2091,cube,5,0,4,3,0,0,0,,,,,1
192,2,2092,cube,5,0,4,4,0,0,0,,,,,1
192,2,2093,cube,5,0,4,5,0,0,0,,,,,1
192,2,2094,cube,5,0,4,6,0,0,0,,,,,1
192,2,2095,cube,5,0,4,7,0,0,0,,,,,1
192,2,2344,cube,5,4,4,0,0,0,46,52,,70,70,0
192,2,2345,cube,5,4,4,1,0,0,49,52,,70,70,0
192,2,2346,cube,5,4,4,2,0,0,40,52,,70,70,0
192,2,2347,cube,5,4,4,3,0,0,51,52,,70,70,0
192,2,2348,cube,5,4,4,4,0,0,45,52,,70,70,0
192,2,2349,cube,5,4,4,5,0,0,52,52,,70,70,0
192,2,2350,cube,5,4,4,6,0,0,47,52,,70,70,0
192,2,2351,cube,5,4,4,7,0,0,44,52,,70,70,0
192,2,2384,cube,2,5,4,0,0,0,0,,,,,1
192,2,2385,cube,2,5,4,1,0,0,0,,,,,1
192,2,2386,cube,2,5,4,2,0,0,0,,,,,1
192,2,2387,cube,2,5,4,3,0,0,0,,,,,1
192,2,2388,cube,2,5,4,4,0,0,0,,,,,1
192,2,2389,cube,2,5,4,5,0,0,0,,,,,1
192,2,2390,cube,2,5,4,6,0,0,0,,,,,1
192,2,2391,cube,2,5,4,7,0,0,0,,,,,1
192,2,2392,cube,3,5,4,0,0,0,0,,,,,1
192,2,2393,cube,3,5,4,1,0,0,0,,,,,1
192,2,2394,cube,3,5,4,2,0,0,0,,,,,1
192,2,2395,cube,3,5,4,3,0,0,0,,,,,1
192,2,2396,cube,3,5,4,4,0,0,0,,,,,1
192,2,2397,cube,3,5,4,5,0,0,0,,,,,1
192,2,2398,cube,3,5,4,6,0,0,0,,,,,1
192,2,2399,cube,3,5,4,7,0,0,0,,,,,1
192,2,2592,cube,4,0,5,0,0,15,139,28,,46,46,0
192,2,2593,cube,4,0,5,1,0,15,141,28,,46,46,0
192,2,2594,cube,4,0,5,2,0,14,146,28,,46,46,0
192,2,2595,cube,4,0,5,3,0,17,151,28,,46,46,0
192,2,2596,cube,4,0,5,4,0,21,144,28,,46,46,0
192,2,2597,cube,4,0,5,5,0,13,135,28,,46,46,0
192,2,2598,cube,4,0,5,6,0,15,132,28,,46,46,0
192,2,2599,cube,4,0,5,7,0,17,147,28,,46,46,0
192,2,2600,cube,5,0,5,0,0,0,0,,,,,1
192,2,2601,cube,5,0,5,1,0,0,0,,,,,1
192,2,2602,cube,5,0,5,2,0,0,0,,,,,1
192,2,2603,cube,5,0,5,3,0,0,0,,,,,1
192,2,2604,cube,5,0,5,4,0,0,0,,,,,1
192,2,2605,cube,5,0,5,5,0,0,0,,,,,1
192,2,2606,cube,5,0,5,6,0,0,0,,,,,1
192,2,2607,cube,5,0,5,7,0,0,0,,,,,1
192,2,2616,cube,7,0,5,0,0,0,0,,,,,1
192,2,2617,cube,7,0,5,1,0,0,0,,,,,1
192,2,2618,cube,7,0,5,2,0,0,0,,,,,1
192,2,2619,cube,7,0,5,3,0,0,0,,,,,1
192,2,2620,cube,7,0,5,4,0,0,0,,,,,1
192,2,2621,cube,7,0,5,5,0,0,0,,,,,1
192,2,2622,cube,7,0,5,6,0,0,0,,,,,1
192,2,2623,cube,7,0,5,7,0,0,0,,,,,1
192,2,2880,cube,0,5,5,0,0,31,152,25,,43,43,0
192,2,2881,cube,0,5,5,1,0,29,152,25,,43,43,0
192,2,2882,cube,0,5,5,2,0,25,152,25,,43,43,0
192,2,2883,cube,0,5,5,3,0,26,141,25,,43,43,0
192,2,2884,cube,0,5,5,4,0,28,163,25,,43,43,0
192,2,2885,cube,0,5,5,5,0,30,174,25,,43,43,0
192,2,2886,cube,0,5,5,6,0,35,165,25,,43,43,0
192,2,2887,cube,0,5,5,7,0,29,153,25,,43,43,0
192,2,2888,cube,1,5,5,0,0,4,126,31,,49,49,0
192,2,2889,cube,1,5,5,1,0,1,121,31,,49,49,0
192,2,2890,cube,1,5,5,2,0,3,142,31,,49,49,0
192,2,2891,cube,1,5,5,3,0,5,131,31,,49,49,0
192,2,2892,cube,1,5,5,4,0,3,128,31,,49,49,0
192,2,2893,cube,1,5,5,5,0,2,139,31,,49,49,0
192,2,2894,cube,1,5,5,6,0,5,139,31,,49,49,0
192,2,2895,cube,1,5,5,7,0,5,139,31,,49,49,0
192,2,2920,cube,5,5,5,0,0,0,61,48,,67,67,1
192,2,2921,cube,5,5,5,1,0,0,51,48,,67,67,1
192,2,2922,cube,5,5,5,2,0,0,56,48,,67,67,1
192,2,2923,cube,5,5,5,3,0,0,54,48,,67,67,1
192,2,2924,cube,5,5,5,4,0,0,60,48,,67,67,1
192,2,2925,cube,5,5,5,5,0,0,64,48,,67,67,1
192,2,2926,cube,5,5,5,6,0,0,52,48,,67,67,1
192,2,2927,cube,5,5,5,7,0,0,62,48,,67,67,1
192,2,2944,cube,0,6,5,0,0,0,0,,,,,1
192,2,2945,cube,0,6,5,1,0,0,0,,,,,1
192,2,2946,cube,0,6,5,2,0,0,0,,,,,1
192,2,2947,cube,0,6,5,3,0,0,0,,,,,1
192,2,2948,cube,0,6,5,4,0,0,0,,,,,1
192,2,2949,cube,0,6,5,5,0,0,0,,,,,1
192,2,2950,cube,0,6,5,6,0,0,0,,,,,1
192,2,2951,cube,0,6,5,7,0,0,0,,,,,1
192,2,2968,cube,3,6,5,0,0,0,47,51,,69,69,0
192,2,2969,cube,3,6,5,1,0,0,52,51,,69,69,0
192,2,2970,cube,3,6,5,2,0,0,54,51,,69,69,0
192,2,2971,cube,3,6,5,3,0,0,47,51,,69,69,0
192,2,2972,cube,3,6,5,4,0,0,47,51,,69,69,0
192,2,2973,cube,3,6,5,5,0,0,57,51,,69,69,0
192,2,2974,cube,3,6,5,6,0,0,54,51,,69,69,0
192,2,2975,cube,3,6,5,7,0,0,59,51,,69,69,0
192,2,3000,cube,7,6,5,0,0,24,162,27,,45,45,0
192,2,3001,cube,7,6,5,1,0,23,142,27,,45,45,0
192,2,3002,cube,7,6,5,2,0,21,150,27,,45,45,0
192,2,3003,cube,7,6,5,3,0,19,152,27,,45,45,0
192,2,3004,cube,7,6,5,4,0,18,154,27,,45,45,0
192,2,3005,cube,7,6,5,5,0,26,144,27,,45,45,0
192,2,3006,cube,7,6,5,6,0,18,146,27,,45,45,0
192,2,3007,cube,7,6,5,7,0,16,156,27,,45,45,0
192,2,3008,cube,0,7,5,0,0,0,83,42,,60,60,0
192,2,3009,cube,0,7,5,1,0,0,83,42,,60,60,0
192,2,3010,cube,0,7,5,2,0,0,89,42,,60,60,0
192,2,3011,cube,0,7,5,3,0,0,76,42,,60,60,0
192,2,3012,cube,0,7,5,4,0,0,88,42,,60,60,0
192,2,3013,cube,0,7,5,5,0,0,94,42,,60,60,0
192,2,3014,cube,0,7,5,6,0,0,72,42,,60,60,0
192,2,3015,cube,0,7,5,7,0,0,92,42,,60,60,0
192,2,3048,cube,5,7,5,0,0,0,114,34,,52,52,0
192,2,3049,cube,5,7,5,1,0,0,119,34,,52,52,0
192,2,3050,cube,5,7,5,2,0,0,119,34,,52,52,0
192,2,3051,cube,5,7,5,3,0,0,126,34,,52,52,0
192,2,3052,cube,5,7,5,4,0,0,112,34,,52,52,0
192,2,3053,cube,5,7,5,5,0,0,119,34,,52,52,0
192,2,3054,cube,5,7,5,6,0,0,116,34,,52,52,0
192,2,3055,cube,5,7,5,7,0,0,119,34,,52,52,0
192,2,3104,cube,4,0,6,0,0,0,73,46,,64,64,0
192,2,3105,cube,4,0,6,1,0,0,70,46,,64,64,0
192,2,3106,cube,4,0,6,2,0,0,76,46,,64,64,0
192,2,3107,cube,4,0,6,3,0,0,67,46,,64,64,0
192,2,3108,cube,4,0,6,4,0,0,70,46,,64,64,0
192,2,3109,cube,4,0,6,5,0,0,68,46,,64,64,0
192,2,3110,cube,4,0,6,6,0,0,74,46,,64,64,0
192,2,3111,cube,4,0,6,7,0,0,68,46,,64,64,0
192,2,3112,cube,5,0,6,0,0,0,0,,,,,1
192,2,3113,cube,5,0,6,1,0,0,0,,,,,1
192,2,3114,cube,5,0,6,2,0,0,0,,,,,1
192,2,3115,cube,5,0,6,3,0,0,0,,,,,1
192,2,3116,cube,5,0,6,4,0,0,0,,,,,1
192,2,3117,cube,5,0,6,5,0,0,0,,,,,1
192,2,3118,cube,5,0,6,6,0,0,0,,,,,1
192,2,3119,cube,5,0,6,7,0,0,0,,,,,1
192,2,3120,cube,6,0,6,0,0,0,0,,,,,1
192,2,3121,cube,6,0,6,1,0,0,0,,,,,1
192,2,3122,cube,6,0,6,2,0,0,0,,,,,1
192,2,3123,cube,6,0,6,3,0,0,0,,,,,1
192,2,3124,cube,6,0,6,4,0,0,0,,,,,1
192,2,3125,cube,6,0,6,5,0,0,0,,,,,1
192,2,3126,cube,6,0,6,6,0,0,0,,,,,1
192,2,3127,cube,6,0,6,7,0,0,0,,,,,1
192,2,3360,cube,4,4,6,0,0,0,99,38,,56,56,0
192,2,3361,cube,4,4,6,1,0,0,103,38,,56,56,0
192,2,3362,cube,4,4,6,2,0,0,103,38,,56,56,0
192,2,3363,cube,4,4,6,3,0,0,95,38,,56,56,0
192,2,3364,cube,4,4,6,4,0,0,109,38,,56,56,0
192,2,3365,cube,4,4,6,5,0,0,105,38,,56,56,0
192,2,3366,cube,4,4,6,6,0,0,97,38,,56,56,0
192,2,3367,cube,4,4,6,7,0,0,101,38,,56,56,0
192,2,3368,cube,5,4,6,0,0,0,96,38,,56,56,0
192,2,3369,cube,5,4,6,1,0,0,94,38,,56,56,0
192,2,3370,cube,5,4,6,2,0,0,102,38,,56,56,0
192,2,3371,cube,5,4,6,3,0,0,96,38,,56,56,0
192,2,3372,cube,5,4,6,4,0,0,92,38,,56,56,0
192,2,3373,cube,5,4,6,5,0,0,106,38,,56,56,0
192,2,3374,cube,5,4,6,6,0,0,97,38,,56,56,0
192,2,3375,cube,5,4,6,7,0,0,99,38,,56,56,0
192,2,3488,cube,4,6,6,0,0,0,0,,,,,1
192,2,3489,cube,4,6,6,1,0,0,0,,,,,1
192,2,3490,cube,4,6,6,2,0,0,0,,,,,1
192,2,3491,cube,4,6,6,3,0,0,0,,,,,1
192,2,3492,cube,4,6,6,4,0,0,0,,,,,1
192,2,3493,cube,4,6,6,5,0,0,0,,,,,1
192,2,3494,cube,4,6,6,6,0,0,0,,,,,1
192,2,3495,cube,4,6,6,7,0,0,0,,,,,1
192,2,3504,cube,6,6,6,0,0,18,133,28,,46,46,0
192,2,3505,cube,6,6,6,1,0,17,155,28,,46,46,0
192,2,3506,cube,6,6,6,2,0,14,136,28,,46,46,0
192,2,3507,cube,6,6,6,3,0,17,146,28,,46,46,0
192,2,3508,cube,6,6,6,4,0,18,142,28,,46,46,0
192,2,3509,cube,6,6,6,5,0,13,130,28,,46,46,0
192,2,3510,cube,6,6,6,6,0,18,164,28,,46,46,0
192,2,3511,cube,6,6,6,7,0,17,143,28,,46,46,0
192,2,3584,cube,0,0,7,0,0,0,17,60,,78,78,0
192,2,3585,cube,0,0,7,1,0,0,14,60,,78,78,0
192,2,3586,cube,0,0,7,2,0,0,12,60,,78,78,0
192,2,3587,cube,0,0,7,3,0,0,15,60,,78,78,0
192,2,3588,cube,0,0,7,4,0,0,17,60,,78,78,0
192,2,3589,cube,0,0,7,5,0,0,17,60,,78,78,0
192,2,3590,cube,0,0,7,6,0,0,16,60,,78,78,0
192,2,3591,cube,0,0,7,7,0,0,19,60,,78,78,0
192,3,160,cube,4,2,0,0,0,0,0,,,,,1
192,3,161,cube,4,2,0,1,0,0,0,,,,,1
192,3,162,cube,4,2,0,2,0,0,0,,,,,1
192,3,163,cube,4,2,0,3,0,0,0,,,,,1
192,3,164,cube,4,2,0,4,0,0,0,,,,,1
192,3,165,cube,4,2,0,5,0,0,0,,,,,1
192,3,166,cube,4,2,0,6,0,0,0,,,,,1
192,3,167,cube,4,2,0,7,0,0,0,,,,,1
192,3,176,cube,6,2,0,0,0,0,96,40,,58,58,0
192,3,177,cube,6,2,0,1,0,0,95,40,,58,58,0
192,3,178,cube,6,2,0,2,0,0,88,40,,58,58,0
192,3,179,cube,6,2,0,3,0,0,92,40,,58,58,0
192,3,180,cube,6,2,0,4,0,0,92,40,,58,58,0
192,3,181,cube,6,2,0,5,0,0,103,40,,58,58,0
192,3,182,cube,6,2,0,6,0,0,103,40,,58,58,0
192,3,183,cube,6,2,0,7,0,0,92,40,,58,58,0
192,3,184,cube,7,2,0,0,0,11,144,29,,47,47,0
192,3,185,cube,7,2,0,1,0,13,146,29,,47,47,0
192,3,186,cube,7,2,0,2,0,14,156,29,,47,47,0
192,3,187,cube,7,2,0,3,0,15,135,29,,47,47,0
192,3,188,cube,7,2,0,4,0,9,132,29,,47,47,0
192,3,189,cube,7,2,0,5,0,11,142,29,,47,47,0
192,3,190,cube,7,2,0,6,0,10,147,29,,47,47,0
192,3,191,cube,7,2,0,7,0,15,144,29,,47,47,0
192,3,224,cube,4,3,0,0,0,14,151,29,,47,47,0
192,3,225,cube,4,3,0,1,0,14,142,29,,47,47,0
192,3,226,cube,4,3,0,2,0,11,132,29,,47,47,0
192,3,227,cube,4,3,0,3,0,11,130,29,,47,47,0
192,3,228,cube,4,3,0,4,0,12,151,29,,47,47,0
192,3,229,cube,4,3,0,5,0,15,140,29,,47,47,0
192,3,230,cube,4,3,0,6,0,17,130,29,,47,47,0
192,3,231,cube,4,3,0,7,0,11,132,29,,47,47,0
192,3,248,cube,7,3,0,0,0,7,125,29,,47,47,0
192,3,249,cube,7,3,0,1,0,13,133,29,,47,47,0
192,3,250,cube,7,3,0,2,0,12,133,29,,47,47,0
192,3,251,cube,7,3,0,3,0,12,138,29,,47,47,0
192,3,252,cube,7,3,0,4,0,10,140,29,,47,47,0
192,3,253,cube,7,3,0,5,0,13,128,29,,47,47,0
192,3,254,cube,7,3,0,6,0,11,147,29,,47,47,0
192,3,255,cube,7,3,0,7,0,9,139,29,,47,47,0
192,3,264,cube,1,4,0,0,0,13,143,28,,46,46,0
192,3,265,cube,1,4,0,1,0,17,146,28,,46,46,0
192,3,266,cube,1,4,0,2,0,17,154,28,,46,46,0
192,3,267,cube,1,4,0,3,0,14,134,28,,46,46,0
192,3,268,cube,1,4,0,4,0,21,141,28,,46,46,0
192,3,269,cube,1,4,0,5,0,15,143,28,,46,46,0
192,3,270,cube,1,4,0,6,0,18,147,28,,46,46,0
192,3,271,cube,1,4,0,7,0,17,139,28,,46,46,0
192,3,328,cube,1,5,0,0,0,15,143,28,,46,46,0
192,3,329,cube,1,5,0,1,0,16,142,28,,46,46,0
192,3,330,cube,1,5,0,2,0,16,143,28,,46,46,0
192,3,331,cube,1,5,0,3,0,12,139,28,,46,46,0
192,3,332,cube,1,5,0,4,0,17,151,28,,46,46,0
192,3,333,cube,1,5,0,5,0,18,147,28,,46,46,0
192,3,334,cube,1,5,0,6,0,14,155,28,,46,46,0
192,3,335,cube,1,5,0,7,0,14,145,28,,46,46,0
192,3,368,cube,6,5,0,0,0,12,135,28,,46,46,0
192,3,369,cube,6,5,0,1,0,17,157,28,,46,46,0
192,3,370,cube,6,5,0,2,0,15,142,28,,46,46,0
192,3,371,cube,6,5,0,3,0,12,133,28,,46,46,0
192,3,372,cube,6,5,0,4,0,21,142,28,,46,46,0
192,3,373,cube,6,5,0,5,0,15,153,28,,46,46,0
192,3,374,cube,6,5,0,6,0,16,140,28,,46,46,0
192,3,375,cube,6,5,0,7,0,15,130,28,,46,46,0
192,3,480,cube,4,7,0,0,0,0,25,56,,75,75,1
192,3,481,cube,4,7,0,1,0,0,28,56,,75,75,1
192,3,482,cube,4,7,0,2,0,0,33,56,,75,75,1
192,3,483,cube,4,7,0,3,0,0,34,56,,75,75,1
192,3,484,cube,4,7,0,4,0,0,30,56,,75,75,1
192,3,485,cube,4,7,0,5,0,0,40,56,,75,75,1
192,3,486,cube,4,7,0,6,0,0,31,56,,75,75,1
192,3,487,cube,4,7,0,7,0,0,33,56,,75,75,1
192,3,592,cube,2,1,1,0,0,0,51,51,,69,69,0
192,3,593,cube,2,1,1,1,0,0,56,51,,69,69,0
192,3,594,cube,2,1,1,2,0,0,51,51,,69,69,0
192,3,595,cube,2,1,1,3,0,0,51,51,,69,69,0
192,3,596,cube,2,1,1,4,0,0,56,51,,69,69,0
192,3,597,cube,2,1,1,5,0,0,48,51,,69,69,0
192,3,598,cube,2,1,1,6,0,0,47,51,,69,69,0
192,3,599,cube,2,1,1,7,0,0,59,51,,69,69,0
192,3,616,cube,5,1,1,0,0,0,121,36,,54,54,0
192,3,617,cube,5,1,1,1,0,0,116,36,,54,54,0
192,3,618,cube,5,1,1,2,0,0,106,36,,54,54,0
192,3,619,cube,5,1,1,3,0,0,116,36,,54,54,0
192,3,620,cube,5,1,1,4,0,0,130,36,,54,54,0
192,3,621,cube,5,1,1,5,0,0,108,36,,54,54,0
192,3,622,cube,5,1,1,6,0,0,113,36,,54,54,0
192,3,623,cube,5,1,1,7,0,0,110,36,,54,54,0
192,3,656,cube,2,2,1,0,0,0,81,46,,64,64,0
192,3,657,cube,2,2,1,1,0,0,71,46,,64,64,0
192,3,658,cube,2,2,1,2,0,0,65,46,,64,64,0
192,3,659,cube,2,2,1,3,0,0,72,46,,64,64,0
192,3,660,cube,2,2,1,4,0,0,79,46,,64,64,0
192,3,661,cube,2,2,1,5,0,0,75,46,,64,64,0
192,3,662,cube,2,2,1,6,0,0,70,46,,64,64,0
192,3,663,cube,2,2,1,7,0,0,76,46,,64,64,0
192,3,680,cube,5,2,1,0,0,0,125,36,,54,54,0
192,3,681,cube,5,2,1,1,0,0,119,36,,54,54,0
192,3,682,cube,5,2,1,2,0,0,111,36,,54,54,0
192,3,683,cube,5,2,1,3,0,0,126,36,,54,54,0
192,3,684,cube,5,2,1,4,0,0,105,36,,54,54,0
192,3,685,cube,5,2,1,5,0,0,108,36,,54,54,0
192,3,686,cube,5,2,1,6,0,0,119,36,,54,54,0
192,3,687,cube,5,2,1,7,0,0,101,36,,54,54,0
192,3,712,cube,1,3,1,0,0,0,116,39,,57,57,0
192,3,713,cube,1,3,1,1,0,0,108,39,,57,57,0
192,3,714,cube,1,3,1,2,0,0,108,39,,57,57,0
192,3,715,cube,1,3,1,3,0,0,102,39,,57,57,0
192,3,716,cube,1,3,1,4,0,0,104,39,,57,57,0
192,3,717,cube,1,3,1,5,0,0,93,39,,57,57,0
192,3,718,cube,1,3,1,6,0,0,92,39,,57,57,0
192,3,719,cube,1,3,1,7,0,0,98,39,,57,57,0
192,3,832,cube,0,5,1,0,0,28,163,26,,44,44,0
192,3,833,cube,0,5,1,1,0,26,153,26,,44,44,0
192,3,834,cube,0,5,1,2,0,22,157,26,,44,44,0
192,3,835,cube,0,5,1,3,0,22,160,26,,44,44,0
192,3,836,cube,0,5,1,4,0,27,161,26,,44,44,0
192,3,837,cube,0,5,1,5,0,26,171,26,,44,44,0
192,3,838,cube,0,5,1,6,0,23,140,26,,44,44,0
192,3,839,cube,0,5,1,7,0,22,150,26,,44,44,0
192,3,864,cube,4,5,1,0,0,28,163,25,,43,43,0
192,3,865,cube,4,5,1,1,0,32,174,25,,43,43,0
192,3,866,cube,4,5,1,2,0,26,153,25,,43,43,0
192,3,867,cube,4,5,1,3,0,27,155,25,,43,43,0
192,3,868,cube,4,5,1,4,0,33,161,25,,43,43,0
192,3,869,cube,4,5,1,5,0,33,154,25,,43,43,0
192,3,870,cube,4,5,1,6,0,31,163,25,,43,43,0
192,3,871,cube,4,5,1,7,0,30,142,25,,43,43,0
192,3,992,cube,4,7,1,0,1,31,149,23,185,41,41,0
192,3,994,cube,4,7,1,2,1,35,167,23,187,41,41,0
192,3,998,cube,4,7,1,6,1,31,160,23,190,41,41,0
192,3,1096,cube,1,1,2,0,0,7,124,30,,49,49,1
192,3,1097,cube,1,1,2,1,0,3,133,30,,49,49,1
192,3,1098,cube,1,1,2,2,0,6,134,30,,49,49,1
192,3,1099,cube,1,1,2,3,0,5,142,30,,49,49,1
192,3,1100,cube,1,1,2,4,0,4,145,30,,49,49,1
192,3,1101,cube,1,1,2,5,0,6,130,30,,49,49,1
192,3,1102,cube,1,1,2,6,0,8,126,30,,49,49,1
192,3,1103,cube,1,1,2,7,0,6,140,30,,49,49,1
192,3,1104,cube,2,1,2,0,0,0,123,34,,52,52,0
192,3,1105,cube,2,1,2,1,0,0,120,34,,52,52,0
192,3,1106,cube,2,1,2,2,0,0,125,34,,52,52,0
192,3,1107,cube,2,1,2,3,0,0,132,34,,52,52,0
192,3,1108,cube,2,1,2,4,0,0,121,34,,52,52,0
192,3,1109,cube,2,1,2,5,0,0,120,34,,52,52,0
192,3,1110,cube,2,1,2,6,0,0,117,34,,52,52,0
192,3,1111,cube,2,1,2,7,0,0,128,34,,52,52,0
192,3,1128,cube,5,1,2,0,0,0,114,35,,53,53,0
192,3,1129,cube,5,1,2,1,0,0,113,35,,53,53,0
192,3,1130,cube,5,1,2,2,0,0,120,35,,53,53,0
192,3,1131,cube,5,1,2,3,0,0,123,35,,53,53,0
192,3,1132,cube,5,1,2,4,0,0,117,35,,53,53,0
192,3,1133,cube,5,1,2,5,0,0,120,35,,53,53,0
192,3,1134,cube,5,1,2,6,0,0,102,35,,53,53,0
192,3,1135,cube,5,1,2,7,0,0,94,35,,53,53,0
192,3,1160,cube,1,2,2,0,0,0,98,37,,55,55,0
192,3,1161,cube,1,2,2,1,0,0,110,37,,55,55,0
192,3,1162,cube,1,2,2,2,0,0,56,49,,67,67,0
192,3,1163,cube,1,2,2,3,0,0,119,37,,55,55,0
192,3,1164,cube,1,2,2,4,0,0,109,37,,55,55,0
192,3,1165,cube,1,2,2,5,0,0,104,37,,55,55,0
192,3,1166,cube,1,2,2,6,0,0,107,37,,55,55,0
192,3,1167,cube,1,2,2,7,0,0,105,37,,55,55,0
192,3,1504,cube,4,7,2,0,0,0,133,33,,51,51,0
192,3,1505,cube,4,7,2,1,0,0,112,33,,51,51,0
192,3,1506,cube,4,7,2,2,0,0,121,33,,51,51,0
192,3,1507,cube,4,7,2,3,0,0,129,33,,51,51,0
192,3,1508,cube,4,7,2,4,0,0,119,33,,51,51,0
192,3,1509,cube,4,7,2,5,0,0,123,33,,51,51,0
192,3,1510,cube,4,7,2,6,0,0,126,33,,51,51,0
192,3,1511,cube,4,7,2,7,0,0,114,33,,51,51,0
192,3,1608,cube,1,1,3,0,0,0,0,,,82,82,1
192,3,1609,cube,1,1,3,1,0,0,0,,,82,82,1
192,3,1610,cube,1,1,3,2,0,0,0,,,82,82,1
192,3,1611,cube,1,1,3,3,0,0,0,,,82,82,1
192,3,1612,cube,1,1,3,4,0,0,0,,,82,82,1
192,3,1613,cube,1,1,3,5,0,0,0,,,82,82,1
192,3,1614,cube,1,1,3,6,0,0,0,,,82,82,1
192,3,1615,cube,1,1,3,7,0,0,0,,,82,82,1
192,3,1616,cube,2,1,3,0,0,0,40,52,,70,70,0
192,3,1617,cube,2,1,3,1,0,0,48,52,,70,70,0
192,3,1618,cube,2,1,3,2,0,0,38,52,,70,70,0
192,3,1619,cube,2,1,3,3,0,0,46,52,,70,70,0
192,3,1620,cube,2,1,3,4,0,0,47,52,,70,70,0
192,3,1621,cube,2,1,3,5,0,0,39,52,,70,70,0
192,3,1622,cube,2,1,3,6,0,0,50,52,,70,70,0
192,3,1623,cube,2,1,3,7,0,0,51,52,,70,70,0
192,3,1672,cube,1,2,3,0,0,0,0,,,,,1
192,3,1673,cube,1,2,3,1,0,0,0,,,,,1
192,3,1674,cube,1,2,3,2,0,0,0,,,,,1
192,3,1675,cube,1,2,3,3,0,0,0,,,,,1
192,3,1676,cube,1,2,3,4,0,0,0,,,,,1
192,3,1677,cube,1,2,3,5,0,0,0,,,,,1
192,3,1678,cube,1,2,3,6,0,0,0,,,,,1
192,3,1679,cube,1,2,3,7,0,0,0,,,,,1
192,3,1680,cube,2,2,3,0,0,0,76,42,,60,60,0
192,3,1681,cube,2,2,3,1,0,0,88,42,,60,60,0
192,3,1682,cube,2,2,3,2,0,0,73,42,,60,60,0
192,3,1683,cube,2,2,3,3,0,0,91,42,,60,60,0
192,3,1684,cube,2,2,3,4,0,0,91,42,,60,60,0
192,3,1685,cube,2,2,3,5,0,0,107,42,,60,60,0
192,3,1686,cube,2,2,3,6,0,0,83,42,,60,60,0
192,3,1687,cube,2,2,3,7,0,0,90,42,,60,60,0
192,3,1712,cube,6,2,3,0,0,0,94,40,,58,58,0
192,3,1713,cube,6,2,3,1,0,0,102,40,,58,58,0
192,3,1714,cube,6,2,3,2,0,0,98,40,,58,58,0
192,3,1715,cube,6,2,3,3,0,0,89,40,,58,58,0
192,3,1716,cube,6,2,3,4,0,0,102,40,,58,58,0
192,3,1717,cube,6,2,3,5,0,0,112,40,,58,58,0
192,3,1718,cube,6,2,3,6,0,0,87,40,,58,58,0
192,3,1719,cube,6,2,3,7,0,0,106,40,,58,58,0
192,3,1768,cube,5,3,3,0,0,0,49,51,,69,69,0
192,3,1769,cube,5,3,3,1,0,0,53,51,,69,69,0
192,3,1770,cube,5,3,3,2,0,0,57,51,,69,69,0
192,3,1771,cube,5,3,3,3,0,0,40,51,,69,69,0
192,3,1772,cube,5,3,3,4,0,0,55,51,,69,69,0
192,3,1773,cube,5,3,3,5,0,0,54,51,,69,69,0
192,3,1774,cube,5,3,3,6,0,0,47,51,,69,69,0
192,3,1775,cube,5,3,3,7,0,0,60,51,,69,69,0
192,3,1784,cube,7,3,3,0,0,3,124,31,,49,49,0
192,3,1785,cube,7,3,3,1,0,2,143,31,,49,49,0
192,3,1786,cube,7,3,3,2,0,6,140,31,,49,49,0
192,3,1787,cube,7,3,3,3,0,4,139,31,,49,49,0
192,3,1788,cube,7,3,3,4,0,3,141,31,,49,49,0
192,3,1789,cube,7,3,3,5,0,5,140,31,,49,49,0
192,3,1790,cube,7,3,3,6,0,5,135,31,,49,49,0
192,3,1791,cube,7,3,3,7,0,4,138,31,,49,49,0
192,3,1800,cube,1,4,3,0,0,0,67,49,,67,67,0
192,3,1801,cube,1,4,3,1,0,0,57,49,,67,67,0
192,3,1802,cube,1,4,3,2,0,0,56,49,,67,67,0
192,3,1803,cube,1,4,3,3,0,0,56,49,,67,67,0
192,3,1804,cube,1,4,3,4,0,0,65,49,,67,67,0
192,3,1805,cube,1,4,3,5,0,0,57,49,,67,67,0
192,3,1806,cube,1,4,3,6,0,0,68,49,,67,67,0
192,3,1807,cube,1,4,3,7,0,0,57,49,,67,67,0
192,3,1864,cube,1,5,3,0,0,0,76,47,,66,66,1
192,3,1865,cube,1,5,3,1,0,0,73,47,,66,66,1
192,3,1866,cube,1,5,3,2,0,0,63,47,,66,66,1
192,3,1867,cube,1,5,3,3,0,0,54,47,,66,66,1
192,3,1868,cube,1,5,3,4,0,0,64,47,,66,66,1
192,3,1869,cube,1,5,3,5,0,0,66,47,,66,66,1
192,3,1870,cube,1,5,3,6,0,0,60,47,,66,66,1
192,3,1871,cube,1,5,3,7,0,0,68,47,,66,66,1
192,3,1872,cube,2,5,3,0,0,17,157,27,,46,46,1
192,3,1873,cube,2,5,3,1,0,27,153,27,,46,46,1
192,3,1874,cube,2,5,3,2,0,15,153,27,,46,46,1
192,3,1875,cube,2,5,3,3,0,16,145,27,,46,46,1
192,3,1876,cube,2,5,3,4,0,17,138,27,,46,46,1
192,3,1877,cube,2,5,3,5,0,12,130,27,,46,46,1
192,3,1878,cube,2,5,3,6,0,18,146,27,,46,46,1
192,3,1879,cube,2,5,3,7,0,18,139,27,,46,46,1
192,3,1904,cube,6,5,3,0,0,38,178,24,,43,43,1
192,3,1905,cube,6,5,3,1,0,28,157,24,,43,43,1
192,3,1906,cube,6,5,3,2,0,34,152,24,,43,43,1
192,3,1907,cube,6,5,3,3,0,31,164,24,,43,43,1
192,3,1908,cube,6,5,3,4,0,31,158,24,,43,43,1
192,3,1909,cube,6,5,3,5,0,32,152,24,,43,43,1
192,3,1910,cube,6,5,3,6,0,25,146,24,,43,43,1
192,3,1911,cube,6,5,3,7,0,30,152,24,,43,43,1
192,3,1960,cube,5,6,3,0,0,0,98,39,,57,57,0
192,3,1961,cube,5,6,3,1,0,0,91,39,,57,57,0
192,3,1962,cube,5,6,3,2,0,0,95,39,,57,57,0
192,3,1963,cube,5,6,3,3,0,0,109,40,,57,57,0
192,3,1964,cube,5,6,3,4,0,0,112,39,,57,57,0
192,3,1965,cube,5,6,3,5,0,0,96,39,,57,57,0
192,3,1966,cube,5,6,3,6,0,0,102,39,,57,57,0
192,3,1967,cube,5,6,3,7,0,0,103,39,,57,57,0
192,3,2088,cube,5,0,4,0,0,0,92,42,,60,60,0
192,3,2089,cube,5,0,4,1,0,0,97,42,,60,60,0
192,3,2090,cube,5,0,4,2,0,0,87,42,,60,60,0
192,3,2091,cube,5,0,4,3,0,0,87,42,,60,60,0
192,3,2092,cube,5,0,4,4,0,0,88,42,,60,60,0
192,3,2093,cube,5,0,4,5,0,0,90,42,,60,60,0
192,3,2094,cube,5,0,4,6,0,0,93,42,,60,60,0
192,3,2095,cube,5,0,4,7,0,0,83,42,,60,60,0
192,3,2200,cube,3,2,4,0,0,20,132,26,,45,45,1
192,3,2201,cube,3,2,4,1,0,22,158,26,,45,45,1
192,3,2202,cube,3,2,4,2,0,22,154,26,,45,45,1
192,3,2203,cube,3,2,4,3,0,23,152,26,,45,45,1
192,3,2204,cube,3,2,4,4,0,24,153,26,,45,45,1
192,3,2205,cube,3,2,4,5,0,22,166,26,,45,45,1
192,3,2206,cube,3,2,4,6,0,27,153,26,,45,45,1
192,3,2207,cube,3,2,4,7,0,28,144,26,,45,45,1
192,3,2216,cube,5,2,4,0,0,0,97,41,,59,59,0
192,3,2217,cube,5,2,4,1,0,0,87,41,,59,59,0
192,3,2218,cube,5,2,4,2,0,0,94,41,,59,59,0
192,3,2219,cube,5,2,4,3,0,0,86,41,,59,59,0
192,3,2220,cube,5,2,4,4,0,0,89,41,,59,59,0
192,3,2221,cube,5,2,4,5,0,0,90,41,,59,59,0
192,3,2222,cube,5,2,4,6,0,0,108,41,,59,59,0
192,3,2223,cube,5,2,4,7,0,0,94,41,,59,59,0
192,3,2224,cube,6,2,4,0,0,0,101,40,,58,58,0
192,3,2225,cube,6,2,4,1,0,0,101,40,,58,58,0
192,3,2226,cube,6,2,4,2,0,0,98,40,,58,58,0
192,3,2227,cube,6,2,4,3,0,0,100,40,,58,58,0
192,3,2228,cube,6,2,4,4,0,0,97,40,,58,58,0
192,3,2229,cube,6,2,4,5,0,0,88,40,,58,58,0
192,3,2230,cube,6,2,4,6,0,0,106,40,,58,58,0
192,3,2231,cube,6,2,4,7,0,0,89,40,,58,58,0
192,3,2248,cube,1,3,4,0,0,0,119,33,,51,51,0
192,3,2249,cube,1,3,4,1,0,0,118,33,,51,51,0
192,3,2250,cube,1,3,4,2,0,0,126,33,,51,51,0
192,3,2251,cube,1,3,4,3,0,0,121,33,,51,51,0
192,3,2252,cube,1,3,4,4,0,0,123,33,,51,51,0
192,3,2253,cube,1,3,4,5,0,0,125,33,,51,51,0
192,3,2254,cube,1,3,4,6,0,0,120,33,,51,51,0
192,3,2255,cube,1,3,4,7,0,0,122,33,,51,51,0
192,3,2288,cube,6,3,4,0,0,0,88,43,,61,61,0
192,3,2289,cube,6,3,4,1,0,0,91,43,,61,61,0
192,3,2290,cube,6,3,4,2,0,0,77,43,,61,61,0
192,3,2291,cube,6,3,4,3,0,0,84,43,,61,61,0
192,3,2292,cube,6,3,4,4,0,0,93,43,,61,61,0
192,3,2293,cube,6,3,4,5,0,0,74,43,,61,61,0
192,3,2294,cube,6,3,4,6,0,0,89,43,,61,61,0
192,3,2295,cube,6,3,4,7,0,0,85,43,,61,61,0
192,3,2568,cube,1,0,5,0,0,0,118,32,,51,51,1
192,3,2569,cube,1,0,5,1,0,0,125,32,,51,51,1
192,3,2570,cube,1,0,5,2,0,0,114,32,,51,51,1
192,3,2571,cube,1,0,5,3,0,0,118,32,,51,51,1
192,3,2572,cube,1,0,5,4,0,0,133,32,,51,51,1
192,3,2573,cube,1,0,5,5,0,0,129,32,,51,51,1
192,3,2574,cube,1,0,5,6,0,0,141,32,,51,51,1
192,3,2575,cube,1,0,5,7,0,0,124,32,,51,51,1
192,3,2600,cube,5,0,5,0,0,0,51,51,,69,69,0
192,3,2601,cube,5,0,5,1,0,0,60,51,,69,69,0
192,3,2602,cube,5,0,5,2,0,0,47,51,,69,69,0
192,3,2603,cube,5,0,5,3,0,0,55,51,,69,69,0
192,3,2604,cube,5,0,5,4,0,0,57,51,,69,69,0
192,3,2605,cube,5,0,5,5,0,0,63,51,,69,69,0
192,3,2606,cube,5,0,5,6,0,0,57,51,,69,69,0
192,3,2607,cube,5,0,5,7,0,0,52,51,,69,69,0
192,3,2720,cube,4,2,5,0,0,0,73,45,,63,63,0
192,3,2721,cube,4,2,5,1,0,0,80,45,,63,63,0
192,3,2722,cube,4,2,5,2,0,0,81,45,,63,63,0
192,3,2723,cube,4,2,5,3,0,0,85,45,,63,63,0
192,3,2724,cube,4,2,5,4,0,0,81,45,,63,63,0
192,3,2725,cube,4,2,5,5,0,0,77,45,,63,63,0
192,3,2726,cube,4,2,5,6,0,0,84,45,,63,63,0
192,3,2727,cube,4,2,5,7,0,0,84,45,,63,63,0
192,3,2756,cube,0,3,5,4,0,0,0,,,,,1
192,3,2757,cube,0,3,5,5,0,0,0,,,,,1
192,3,2758,cube,0,3,5,6,0,0,0,,,,,1
192,3,2760,cube,1,3,5,0,0,0,0,,,,,1
192,3,2761,cube,1,3,5,1,0,0,0,,,,,1
192,3,2762,cube,1,3,5,2,0,0,0,,,,,1
192,3,2763,cube,1,3,5,3,0,0,0,,,,,1
192,3,2764,cube,1,3,5,4,0,0,0,,,,,1
192,3,2765,cube,1,3,5,5,0,0,0,,,,,1
192,3,2766,cube,1,3,5,6,0,0,0,,,,,1
192,3,2767,cube,1,3,5,7,0,0,0,,,,,1
192,3,2792,cube,5,3,5,0,0,0,73,42,,60,60,0
192,3,2793,cube,5,3,5,1,0,0,86,42,,60,60,0
192,3,2794,cube,5,3,5,2,0,0,87,42,,60,60,0
192,3,2795,cube,5,3,5,3,0,0,89,42,,60,60,0
192,3,2796,cube,5,3,5,4,0,0,78,42,,60,60,0
192,3,2797,cube,5,3,5,5,0,0,93,42,,60,60,0
192,3,2798,cube,5,3,5,6,0,0,96,42,,60,60,0
192,3,2799,cube,5,3,5,7,0,0,83,42,,60,60,0
192,3,2800,cube,6,3,5,0,0,0,88,43,,61,61,0
192,3,2801,cube,6,3,5,1,0,0,82,43,,61,61,0
192,3,2802,cube,6,3,5,2,0,0,82,43,,61,61,0
192,3,2803,cube,6,3,5,3,0,0,85,43,,61,61,0
192,3,2804,cube,6,3,5,4,0,0,88,43,,61,61,0
192,3,2805,cube,6,3,5,5,0,0,79,43,,61,61,0
192,3,2806,cube,6,3,5,6,0,0,79,43,,61,61,0
192,3,2807,cube,6,3,5,7,0,0,93,43,,61,61,0
192,3,2848,cube,4,4,5,0,0,0,0,,,,,1
192,3,2849,cube,4,4,5,1,0,0,0,,,,,1
192,3,2850,cube,4,4,5,2,0,0,0,,,,,1
192,3,2851,cube,4,4,5,3,0,0,0,,,,,1
192,3,2852,cube,4,4,5,4,0,0,0,,,,,1
192,3,2853,cube,4,4,5,5,0,0,0,,,,,1
192,3,2854,cube,4,4,5,6,0,0,0,,,,,1
192,3,2855,cube,4,4,5,7,0,0,0,,,,,1
192,3,2912,cube,4,5,5,0,0,27,154,25,,43,43,0
192,3,2913,cube,4,5,5,1,0,36,169,25,,43,43,0
192,3,2914,cube,4,5,5,2,0,27,156,25,,43,43,0
192,3,2915,cube,4,5,5,3,0,33,158,25,,43,43,0
192,3,2916,cube,4,5,5,4,0,29,149,25,,43,43,0
192,3,2917,cube,4,5,5,5,0,33,168,25,,43,43,0
192,3,2918,cube,4,5,5,6,0,27,159,25,,43,43,0
192,3,2919,cube,4,5,5,7,0,30,143,25,,43,43,0
192,3,2984,cube,5,6,5,0,0,9,148,30,,48,48,0
192,3,2985,cube,5,6,5,1,0,9,130,30,,48,48,0
192,3,2986,cube,5,6,5,2,0,11,137,30,,48,48,0
192,3,2987,cube,5,6,5,3,0,8,137,30,,48,48,0
192,3,2988,cube,5,6,5,4,0,8,127,30,,48,48,0
192,3,2989,cube,5,6,5,5,0,9,142,30,,48,48,0
192,3,2990,cube,5,6,5,6,0,10,141,30,,48,48,0
192,3,2991,cube,5,6,5,7,0,5,123,30,,48,48,0
192,3,3080,cube,1,0,6,0,0,0,70,48,,66,66,0
192,3,3081,cube,1,0,6,1,0,0,63,48,,66,66,0
192,3,3082,cube,1,0,6,2,0,0,68,48,,66,66,0
192,3,3083,cube,1,0,6,3,0,0,64,48,,66,66,0
192,3,3084,cube,1,0,6,4,0,0,65,48,,66,66,0
192,3,3085,cube,1,0,6,5,0,0,67,48,,66,66,0
192,3,3086,cube,1,0,6,6,0,0,61,48,,66,66,0
192,3,3087,cube,1,0,6,7,0,0,62,48,,66,66,0
192,3,3144,cube,1,1,6,0,0,0,71,48,,66,66,0
192,3,3145,cube,1,1,6,1,0,0,69,48,,66,66,0
192,3,3146,cube,1,1,6,2,0,0,68,48,,66,66,0
192,3,3147,cube,1,1,6,3,0,0,64,48,,66,66,0
192,3,3148,cube,1,1,6,4,0,0,68,48,,66,66,0
192,3,3149,cube,1,1,6,5,0,0,63,48,,66,66,0
192,3,3150,cube,1,1,6,6,0,0,65,48,,66,66,0
192,3,3151,cube,1,1,6,7,0,0,62,48,,66,66,0
192,3,3240,cube,5,2,6,0,0,0,0,,,,,1
192,3,3241,cube,5,2,6,1,0,0,0,,,,,1
192,3,3242,cube,5,2,6,2,0,0,0,,,,,1
192,3,3243,cube,5,2,6,3,0,0,0,,,,,1
192,3,3244,cube,5,2,6,4,0,0,0,,,,,1
192,3,3245,cube,5,2,6,5,0,0,0,,,,,1
192,3,3246,cube,5,2,6,6,0,0,0,,,,,1
192,3,3247,cube,5,2,6,7,0,0,0,,,,,1
192,3,3248,cube,6,2,6,0,0,0,98,40,,58,58,0
192,3,3249,cube,6,2,6,1,0,0,104,40,,58,58,0
192,3,3250,cube,6,2,6,2,0,0,100,40,,58,58,0
192,3,3251,cube,6,2,6,3,0,0,95,40,,58,58,0
192,3,3252,cube,6,2,6,4,0,0,97,40,,58,58,0
192,3,3253,cube,6,2,6,5,0,0,103,40,,58,58,0
192,3,3254,cube,6,2,6,6,0,0,103,40,,58,58,0
192,3,3255,cube,6,2,6,7,0,0,90,40,,58,58,0
192,3,3304,cube,5,3,6,0,0,0,67,50,,68,68,0
192,3,3305,cube,5,3,6,1,0,0,54,50,,68,68,0
192,3,3306,cube,5,3,6,2,0,0,56,50,,68,68,0
192,3,3307,cube,5,3,6,3,0,0,54,50,,68,68,0
192,3,3308,cube,5,3,6,4,0,0,51,50,,68,68,0
192,3,3309,cube,5,3,6,5,0,0,62,50,,68,68,0
192,3,3310,cube,5,3,6,6,0,0,49,50,,68,68,0
192,3,3311,cube,5,3,6,7,0,0,55,50,,68,68,0
192,3,3400,cube,1,5,6,0,0,0,69,50,,68,68,0
192,3,3401,cube,1,5,6,1,0,0,44,50,,68,68,0
192,3,3402,cube,1,5,6,2,0,0,59,50,,68,68,0
192,3,3403,cube,1,5,6,3,0,0,65,50,,68,68,0
192,3,3404,cube,1,5,6,4,0,0,58,50,,68,68,0
192,3,3405,cube,1,5,6,5,0,0,60,50,,68,68,0
192,3,3406,cube,1,5,6,6,0,0,48,50,,68,68,0
192,3,3407,cube,1,5,6,7,0,0,59,50,,68,68,0
192,3,3424,cube,4,5,6,0,0,37,171,25,,43,43,0
192,3,3425,cube,4,5,6,1,0,21,139,25,,43,43,0
192,3,3426,cube,4,5,6,2,0,30,168,25,,43,43,0
192,3,3427,cube,4,5,6,3,0,31,157,25,,43,43,0
192,3,3428,cube,4,5,6,4,0,30,147,25,,43,43,0
192,3,3429,cube,4,5,6,5,0,30,165,25,,43,43,0
192,3,3430,cube,4,5,6,6,0,28,147,25,,43,43,0
192,3,3431,cube,4,5,6,7,0,26,133,25,,43,43,0
192,3,3720,cube,1,2,7,0,0,0,80,43,,61,61,0
192,3,3721,cube,1,2,7,1,0,0,75,43,,61,61,0
192,3,3722,cube,1,2,7,2,0,0,75,43,,61,61,0
192,3,3723,cube,1,2,7,3,0,0,88,43,,61,61,0
192,3,3724,cube,1,2,7,4,0,0,84,43,,61,61,0
192,3,3725,cube,1,2,7,5,0,0,94,43,,61,61,0
192,3,3726,cube,1,2,7,6,0,0,80,43,,61,61,0
192,3,3727,cube,1,2,7,7,0,0,75,43,,61,61,0
192,4,56,cube,7,0,0,0,0,0,110,37,,55,55,0
192,4,57,cube,7,0,0,1,0,0,100,37,,55,55,0
192,4,58,cube,7,0,0,2,0,0,113,37,,55,55,0
192,4,59,cube,7,0,0,3,0,0,98,37,,55,55,0
192,4,60,cube,7,0,0,4,0,0,102,37,,55,55,0
192,4,61,cube,7,0,0,5,0,0,116,37,,55,55,0
192,4,62,cube,7,0,0,6,0,0,111,37,,55,55,0
192,4,63,cube,7,0,0,7,0,0,108,37,,55,55,0
192,4,440,cube,7,6,0,0,0,0,45,53,,71,71,0
192,4,441,cube,7,6,0,1,0,0,44,53,,71,71,0
192,4,442,cube,7,6,0,2,0,0,44,53,,71,71,0
192,4,443,cube,7,6,0,3,0,0,47,53,,71,71,0
192,4,444,cube,7,6,0,4,0,0,44,53,,71,71,0
192,4,445,cube,7,6,0,5,0,0,46,53,,71,71,0
192,4,446,cube,7,6,0,6,0,0,47,53,,71,71,0
192,4,447,cube,7,6,0,7,0,0,47,53,,71,71,0
192,4,744,cube,5,3,1,0,0,24,141,25,,44,44,1
192,4,745,cube,5,3,1,1,0,27,166,25,,44,44,1
192,4,746,cube,5,3,1,2,0,24,155,25,,44,44,1
192,4,747,cube,5,3,1,3,0,20,129,25,,44,44,1
192,4,748,cube,5,3,1,4,0,27,132,25,,44,44,1
192,4,749,cube,5,3,1,5,0,29,158,25,,44,44,1
192,4,750,cube,5,3,1,6,0,23,149,25,,44,44,1
192,4,751,cube,5,3,1,7,0,23,156,25,,44,44,1
192,4,768,cube,0,4,1,0,0,0,107,38,,57,57,1
192,4,769,cube,0,4,1,1,0,0,107,38,,57,57,1
192,4,770,cube,0,4,1,2,0,0,93,38,,57,57,1
192,4,771,cube,0,4,1,3,0,0,97,38,,57,57,1
192,4,772,cube,0,4,1,4,0,0,114,38,,57,57,1
192,4,773,cube,0,4,1,5,0,0,101,38,,57,57,1
192,4,774,cube,0,4,1,6,0,0,101,38,,57,57,1
192,4,775,cube,0,4,1,7,0,0,95,38,,57,57,1
192,4,808,cube,5,4,1,0,0,26,160,25,,43,43,0
192,4,809,cube,5,4,1,1,0,27,141,25,,43,43,0
192,4,810,cube,5,4,1,2,0,37,157,25,,43,43,0
192,4,811,cube,5,4,1,3,0,25,144,25,,43,43,0
192,4,812,cube,5,4,1,4,0,31,156,25,,43,43,0
192,4,813,cube,5,4,1,5,0,23,145,25,,43,43,0
192,4,814,cube,5,4,1,6,0,29,172,25,,43,43,0
192,4,815,cube,5,4,1,7,0,31,166,25,,43,43,0
192,4,992,cube,4,7,1,0,0,0,0,,,,,1
192,4,993,cube,4,7,1,1,0,0,0,,,,,1
192,4,994,cube,4,7,1,2,0,0,0,,,,,1
192,4,995,cube,4,7,1,3,0,0,0,,,,,1
192,4,996,cube,4,7,1,4,0,0,0,,,,,1
192,4,997,cube,4,7,1,5,0,0,0,,,,,1
192,4,998,cube,4,7,1,6,0,0,0,,,,,1
192,4,999,cube,4,7,1,7,0,0,0,,,,,1
192,4,1000,cube,5,7,1,0,0,6,137,31,,49,49,0
192,4,1001,cube,5,7,1,1,0,5,128,31,,49,49,0
192,4,1002,cube,5,7,1,2,0,6,134,31,,49,49,0
192,4,1003,cube,5,7,1,3,0,4,134,31,,49,49,0
192,4,1004,cube,5,7,1,4,0,2,134,31,,49,49,0
192,4,1005,cube,5,7,1,5,0,1,115,31,,49,49,0
192,4,1006,cube,5,7,1,6,0,4,116,31,,49,49,0
192,4,1007,cube,5,7,1,7,0,5,129,31,,49,49,0
192,4,1008,cube,6,7,1,0,0,0,121,32,,50,50,0
192,4,1009,cube,6,7,1,1,0,0,126,32,,50,50,0
192,4,1010,cube,6,7,1,2,0,0,136,32,,50,50,0
192,4,1011,cube,6,7,1,3,0,0,123,32,,50,50,0
192,4,1012,cube,6,7,1,4,0,0,131,32,,50,50,0
192,4,1013,cube,6,7,1,5,0,0,119,32,,50,50,0
192,4,1014,cube,6,7,1,6,0,0,128,32,,50,50,0
192,4,1015,cube,6,7,1,7,0,0,115,32,,50,50,0
192,4,1456,cube,6,6,2,0,0,0,78,44,,62,62,0
192,4,1457,cube,6,6,2,1,0,0,85,44,,62,62,0
192,4,1458,cube,6,6,2,2,0,0,77,44,,62,62,0
192,4,1459,cube,6,6,2,3,0,0,71,44,,62,62,0
192,4,1460,cube,6,6,2,4,0,0,83,44,,62,62,0
192,4,1461,cube,6,6,2,5,0,0,89,44,,62,62,0
192,4,1462,cube,6,6,2,6,0,0,74,44,,62,62,0
192,4,1463,cube,6,6,2,7,0,0,67,44,,62,62,0
192,4,1480,cube,1,7,2,0,0,8,140,28,,46,46,0
192,4,1481,cube,1,7,2,1,0,16,145,28,,46,46,0
192,4,1482,cube,1,7,2,2,0,15,149,28,,46,46,0
192,4,1483,cube,1,7,2,3,0,16,133,28,,46,46,0
192,4,1484,cube,1,7,2,4,0,12,142,28,,46,46,0
192,4,1485,cube,1,7,2,5,0,14,133,28,,46,46,0
192,4,1486,cube,1,7,2,6,0,19,142,28,,46,46,0
192,4,1487,cube,1,7,2,7,0,17,152,28,,46,46,0
192,4,1592,cube,7,0,3,0,0,0,81,41,,59,59,0
192,4,1593,cube,7,0,3,1,0,0,88,41,,59,59,0
192,4,1594,cube,7,0,3,2,0,0,97,41,,59,59,0
192,4,1595,cube,7,0,3,3,0,0,93,41,,59,59,0
192,4,1596,cube,7,0,3,4,0,0,97,41,,59,59,0
192,4,1597,cube,7,0,3,5,0,0,91,41,,59,59,0
192,4,1598,cube,7,0,3,6,0,0,98,41,,59,59,0
192,4,1599,cube,7,0,3,7,0,0,90,41,,59,59,0
192,4,1624,cube,3,1,3,0,0,0,107,36,,54,54,0
192,4,1625,cube,3,1,3,1,0,0,112,36,,54,54,0
192,4,1626,cube,3,1,3,2,0,0,111,36,,54,54,0
192,4,1627,cube,3,1,3,3,0,0,114,36,,54,54,0
192,4,1628,cube,3,1,3,4,0,0,118,36,,54,54,0
192,4,1629,cube,3,1,3,5,0,0,104,36,,54,54,0
192,4,1630,cube,3,1,3,6,0,0,106,36,,54,54,0
192,4,1631,cube,3,1,3,7,0,0,111,36,,54,54,0
192,4,1632,cube,4,1,3,0,0,0,118,35,,53,53,0
192,4,1633,cube,4,1,3,1,0,0,116,35,,53,53,0
192,4,1634,cube,4,1,3,2,0,0,122,35,,53,53,0
192,4,1635,cube,4,1,3,3,0,0,106,35,,53,53,0
192,4,1636,cube,4,1,3,4,0,0,118,35,,53,53,0
192,4,1637,cube,4,1,3,5,0,0,106,35,,53,53,0
192,4,1638,cube,4,1,3,6,0,0,122,35,,53,53,0
192,4,1639,cube,4,1,3,7,0,0,126,35,,53,53,0
192,4,1696,cube,4,2,3,0,0,0,0,,,,,1
192,4,1697,cube,4,2,3,1,0,0,0,,,,,1
192,4,1698,cube,4,2,3,2,0,0,0,,,,,1
192,4,1699,cube,4,2,3,3,0,0,0,,,,,1
192,4,1700,cube,4,2,3,4,0,0,0,,,,,1
192,4,1701,cube,4,2,3,5,0,0,0,,,,,1
192,4,1702,cube,4,2,3,6,0,0,0,,,,,1
192,4,1703,cube,4,2,3,7,0,0,0,,,,,1
192,4,1704,cube,5,2,3,0,0,31,165,24,,42,42,0
192,4,1705,cube,5,2,3,1,0,30,154,24,,42,42,0
192,4,1706,cube,5,2,3,2,0,30,157,24,,42,42,0
192,4,1707,cube,5,2,3,3,0,32,165,24,,42,42,0
192,4,1708,cube,5,2,3,4,0,26,148,24,,42,42,0
192,4,1709,cube,5,2,3,5,0,29,165,24,,42,42,0
192,4,1710,cube,5,2,3,6,0,40,173,24,,42,42,0
192,4,1711,cube,5,2,3,7,0,38,150,24,,42,42,0
192,4,1839,cube,5,4,3,7,1,32,167,23,188,41,41,0
192,4,1936,cube,2,6,3,0,0,0,105,36,,54,54,0
192,4,1937,cube,2,6,3,1,0,0,126,36,,54,54,0
192,4,1938,cube,2,6,3,2,0,0,104,36,,54,54,0
192,4,1939,cube,2,6,3,3,0,0,116,36,,54,54,0
192,4,1940,cube,2,6,3,4,0,0,110,36,,54,54,0
192,4,1941,cube,2,6,3,5,0,0,122,36,,54,54,0
192,4,1942,cube,2,6,3,6,0,0,112,36,,54,54,0
192,4,1943,cube,2,6,3,7,0,0,114,36,,54,54,0
192,4,1944,cube,3,6,3,0,0,26,164,24,,42,42,0
192,4,1945,cube,3,6,3,1,0,36,163,24,,42,42,0
192,4,1946,cube,3,6,3,2,0,32,150,24,,42,42,0
192,4,1947,cube,3,6,3,3,0,36,163,24,,42,42,0
192,4,1948,cube,3,6,3,4,0,40,164,24,,42,42,0
192,4,1949,cube,3,6,3,5,0,29,153,24,,42,42,0
192,4,1950,cube,3,6,3,6,0,29,152,24,,42,42,0
192,4,1951,cube,3,6,3,7,0,37,173,24,,42,42,0
192,4,1984,cube,0,7,3,0,0,25,152,24,,42,42,0
192,4,1985,cube,0,7,3,1,0,36,176,24,,42,42,0
192,4,1986,cube,0,7,3,2,0,33,161,24,,42,42,0
192,4,1987,cube,0,7,3,3,0,41,167,24,,42,42,0
192,4,1988,cube,0,7,3,4,0,35,150,24,,42,42,0
192,4,1989,cube,0,7,3,5,0,37,168,24,,42,42,0
192,4,1990,cube,0,7,3,6,0,37,166,24,,42,42,0
192,4,1991,cube,0,7,3,7,0,30,162,24,,42,42,0
192,4,2024,cube,5,7,3,0,0,34,168,24,,42,42,0
192,4,2025,cube,5,7,3,1,0,34,188,24,,42,42,0
192,4,2026,cube,5,7,3,2,0,27,160,24,,42,42,0
192,4,2027,cube,5,7,3,3,0,38,166,24,,42,42,0
192,4,2028,cube,5,7,3,4,0,29,159,24,,42,42,0
192,4,2029,cube,5,7,3,5,0,28,150,24,,42,42,0
192,4,2030,cube,5,7,3,6,0,29,147,24,,42,42,0
192,4,2031,cube,5,7,3,7,0,34,159,24,,42,42,0
192,4,2216,cube,5,2,4,0,0,17,157,28,,46,46,0
192,4,2217,cube,5,2,4,1,0,16,151,28,,46,46,0
192,4,2218,cube,5,2,4,2,0,7,139,30,,48,48,0
192,4,2219,cube,5,2,4,3,0,23,167,28,,46,46,0
192,4,2220,cube,5,2,4,4,0,14,130,28,,46,46,0
192,4,2221,cube,5,2,4,5,0,18,149,28,,46,46,0
192,4,2222,cube,5,2,4,6,0,20,163,28,,46,46,0
192,4,2223,cube,5,2,4,7,0,18,147,28,,46,46,0
192,4,2329,cube,3,4,4,1,0,13,148,29,,47,47,0
192,4,2334,cube,3,4,4,6,0,7,141,29,,47,47,0
192,4,2688,cube,0,2,5,0,0,0,132,32,,50,50,0
192,4,2689,cube,0,2,5,1,0,0,131,32,,50,50,0
192,4,2690,cube,0,2,5,2,0,0,129,32,,50,50,0
192,4,2691,cube,0,2,5,3,0,0,129,32,,50,50,0
192,4,2692,cube,0,2,5,4,0,0,133,32,,50,50,0
192,4,2693,cube,0,2,5,5,0,0,133,32,,50,50,0
192,4,2694,cube,0,2,5,6,0,0,131,32,,50,50,0
192,4,2695,cube,0,2,5,7,0,0,129,32,,50,50,0
192,4,2744,cube,7,2,5,0,0,0,65,48,,66,66,0
192,4,2745,cube,7,2,5,1,0,0,58,48,,66,66,0
192,4,2746,cube,7,2,5,2,0,0,65,48,,66,66,0
192,4,2747,cube,7,2,5,3,0,0,61,48,,66,66,0
192,4,2748,cube,7,2,5,4,0,0,67,48,,66,66,0
192,4,2749,cube,7,2,5,5,0,0,54,48,,66,66,0
192,4,2750,cube,7,2,5,6,0,0,63,48,,66,66,0
192,4,2751,cube,7,2,5,7,0,0,69,48,,66,66,0
192,4,3024,cube,2,7,5,0,0,0,114,35,,53,53,0
192,4,3025,cube,2,7,5,1,0,0,118,35,,53,53,0
192,4,3026,cube,2,7,5,2,0,0,112,35,,53,53,0
192,4,3027,cube,2,7,5,3,0,0,103,36,,53,53,0
192,4,3028,cube,2,7,5,4,0,0,115,35,,53,53,0
192,4,3029,cube,2,7,5,5,0,0,113,35,,53,53,0
192,4,3030,cube,2,7,5,6,0,0,117,35,,53,53,0
192,4,3031,cube,2,7,5,7,0,0,112,35,,53,53,0
192,4,3128,cube,7,0,6,0,0,28,164,24,,43,43,1
192,4,3129,cube,7,0,6,1,0,34,160,24,,43,43,1
192,4,3130,cube,7,0,6,2,0,28,157,24,,43,43,1
192,4,3131,cube,7,0,6,3,0,32,161,24,,43,43,1
192,4,3132,cube,7,0,6,4,0,32,157,24,,43,43,1
192,4,3133,cube,7,0,6,5,0,24,152,24,,43,43,1
192,4,3134,cube,7,0,6,6,0,20,146,24,,43,43,1
192,4,3135,cube,7,0,6,7,0,34,157,24,,43,43,1
192,4,3360,cube,4,4,6,0,0,0,37,56,,74,74,0
192,4,3361,cube,4,4,6,1,0,0,33,56,,74,74,0
192,4,3362,cube,4,4,6,2,0,0,39,56,,74,74,0
192,4,3363,cube,4,4,6,3,0,0,33,56,,74,74,0
192,4,3364,cube,4,4,6,4,0,0,32,56,,74,74,0
192,4,3365,cube,4,4,6,5,0,0,34,56,,74,74,0
192,4,3366,cube,4,4,6,6,0,0,34,56,,74,74,0
192,4,3367,cube,4,4,6,7,0,0,27,56,,74,74,0
192,4,3520,cube,0,7,6,0,0,12,140,30,,48,48,0
192,4,3521,cube,0,7,6,1,0,8,141,30,,48,48,0
192,4,3522,cube,0,7,6,2,0,10,139,30,,48,48,0
192,4,3523,cube,0,7,6,3,0,9,122,30,,48,48,0
192,4,3524,cube,0,7,6,4,0,9,150,30,,48,48,0
192,4,3525,cube,0,7,6,5,0,7,132,30,,48,48,0
192,4,3526,cube,0,7,6,6,0,8,141,30,,48,48,0
192,4,3527,cube,0,7,6,7,0,10,125,30,,48,48,0
192,4,3552,cube,4,7,6,0,0,0,0,,,,,1
192,4,3553,cube,4,7,6,1,0,0,0,,,,,1
192,4,3554,cube,4,7,6,2,0,0,0,,,,,1
192,4,3555,cube,4,7,6,3,0,0,0,,,,,1
192,4,3556,cube,4,7,6,4,0,0,0,,,,,1
192,4,3557,cube,4,7,6,5,0,0,0,,,,,1
192,4,3558,cube,4,7,6,6,0,0,0,,,,,1
192,4,3559,cube,4,7,6,7,0,0,0,,,,,1
192,4,3568,cube,6,7,6,0,0,0,90,43,,61,61,0
192,4,3569,cube,6,7,6,1,0,0,84,43,,61,61,0
192,4,3570,cube,6,7,6,2,0,0,74,43,,61,61,0
192,4,3571,cube,6,7,6,3,0,0,76,43,,61,61,0
192,4,3572,cube,6,7,6,4,0,0,86,43,,61,61,0
192,4,3573,cube,6,7,6,5,0,0,84,43,,61,61,0
192,4,3574,cube,6,7,6,6,0,0,90,43,,61,61,0
192,4,3575,cube,6,7,6,7,0,0,90,43,,61,61,0
192,4,3576,cube,7,7,6,0,0,0,112,37,,55,55,0
192,4,3577,cube,7,7,6,1,0,0,109,37,,55,55,0
192,4,3578,cube,7,7,6,2,0,0,103,37,,55,55,0
192,4,3579,cube,7,7,6,3,0,0,119,37,,55,55,0
192,4,3580,cube,7,7,6,4,0,0,121,37,,55,55,0
192,4,3581,cube,7,7,6,5,0,0,101,37,,55,55,0
192,4,3582,cube,7,7,6,6,0,0,114,37,,55,55,0
192,4,3583,cube,7,7,6,7,0,0,112,37,,55,55,0
192,4,3632,cube,6,0,7,0,0,29,148,25,,43,43,0
192,4,3633,cube,6,0,7,1,0,26,163,25,,43,43,0
192,4,3634,cube,6,0,7,2,0,25,154,25,,43,43,0
192,4,3635,cube,6,0,7,3,0,24,147,25,,43,43,0
192,4,3636,cube,6,0,7,4,0,29,158,25,,43,43,0
192,4,3637,cube,6,0,7,5,0,25,149,25,,43,43,0
192,4,3638,cube,6,0,7,6,0,37,155,25,,43,43,0
192,4,3639,cube,6,0,7,7,0,30,158,25,,43,43,0
192,4,3664,cube,2,1,7,0,0,0,0,,,82,82,1
192,4,3665,cube,2,1,7,1,0,0,0,,,82,82,1
192,4,3666,cube,2,1,7,2,0,0,0,,,82,82,1
192,4,3667,cube,2,1,7,3,0,0,0,,,82,82,1
192,4,3668,cube,2,1,7,4,0,0,0,,,82,82,1
192,4,3669,cube,2,1,7,5,0,0,0,,,82,82,1
192,4,3670,cube,2,1,7,6,0,0,0,,,82,82,1
192,4,3671,cube,2,1,7,7,0,0,0,,,82,82,1
192,4,3808,cube,4,3,7,0,0,0,81,43,,62,62,1
192,4,3809,cube,4,3,7,1,0,0,84,43,,62,62,1
192,4,3810,cube,4,3,7,2,0,0,83,43,,62,62,1
192,4,3811,cube,4,3,7,3,0,0,79,43,,62,62,1
192,4,3812,cube,4,3,7,4,0,0,82,43,,62,62,1
192,4,3813,cube,4,3,7,5,0,0,90,43,,62,62,1
192,4,3814,cube,4,3,7,6,0,0,82,43,,62,62,1
192,4,3815,cube,4,3,7,7,0,0,79,43,,62,62,1
192,4,3872,cube,4,4,7,0,0,1,126,31,,50,50,1
192,4,3873,cube,4,4,7,1,0,2,112,31,,50,50,1
192,4,3874,cube,4,4,7,2,0,1,122,31,,50,50,1
192,4,3875,cube,4,4,7,3,0,2,134,31,,50,50,1
192,4,3876,cube,4,4,7,4,0,4,133,31,,50,50,1
192,4,3877,cube,4,4,7,5,0,4,139,31,,50,50,1
192,4,3878,cube,4,4,7,6,0,3,132,31,,50,50,1
192,4,3879,cube,4,4,7,7,0,1,136,31,,50,50,1
192,4,3960,cube,7,5,7,0,0,11,136,30,,48,48,0
192,4,3961,cube,7,5,7,1,0,8,139,30,,48,48,0
192,4,3962,cube,7,5,7,2,0,6,142,30,,48,48,0
192,4,3963,cube,7,5,7,3,0,7,122,30,,48,48,0
192,4,3964,cube,7,5,7,4,0,10,144,30,,48,48,0
192,4,3965,cube,7,5,7,5,0,6,136,30,,48,48,0
192,4,3966,cube,7,5,7,6,0,10,128,30,,48,48,0
192,4,3967,cube,7,5,7,7,0,10,139,30,,48,48,0
192,4,4032,cube,0,7,7,0,0,0,77,46,,64,64,0
192,4,4033,cube,0,7,7,1,0,0,73,46,,64,64,0
192,4,4034,cube,0,7,7,2,0,0,78,46,,64,64,0
192,4,4035,cube,0,7,7,3,0,0,69,46,,64,64,0
192,4,4036,cube,0,7,7,4,0,0,72,46,,64,64,0
192,4,4037,cube,0,7,7,5,0,0,73,46,,64,64,0
192,4,4038,cube,0,7,7,6,0,0,66,46,,64,64,0
192,4,4039,cube,0,7,7,7,0,0,81,46,,64,64,0
192,4,4080,cube,6,7,7,0,0,20,158,26,,44,44,0
192,4,4081,cube,6,7,7,1,0,31,157,26,,44,44,0
192,4,4082,cube,6,7,7,2,0,23,143,26,,44,44,0
192,4,4083,cube,6,7,7,3,0,23,154,26,,44,44,0
192,4,4084,cube,6,7,7,4,0,19,148,26,,44,44,0
192,4,4085,cube,6,7,7,5,0,24,155,26,,44,44,0
192,4,4086,cube,6,7,7,6,0,25,151,26,,44,44,0
192,4,4087,cube,6,7,7,7,0,28,166,26,,44,44,0
192,5,88,cube,3,1,0,0,0,0,0,,,,,1
192,5,89,cube,3,1,0,1,0,0,0,,,,,1
192,5,90,cube,3,1,0,2,0,0,0,,,,,1
192,5,91,cube,3,1,0,3,0,0,0,,,,,1
192,5,92,cube,3,1,0,4,0,0,0,,,,,1
192,5,93,cube,3,1,0,5,0,0,0,,,,,1
192,5,94,cube,3,1,0,6,0,0,0,,,,,1
192,5,95,cube,3,1,0,7,0,0,0,,,,,1
192,5,120,cube,7,1,0,0,0,0,52,53,,71,71,0
192,5,121,cube,7,1,0,1,0,0,53,53,,71,71,0
192,5,122,cube,7,1,0,2,0,0,46,53,,71,71,0
192,5,123,cube,7,1,0,3,0,0,47,53,,71,71,0
192,5,124,cube,7,1,0,4,0,0,45,53,,71,71,0
192,5,125,cube,7,1,0,5,0,0,47,53,,71,71,0
192,5,126,cube,7,1,0,6,0,0,41,53,,71,71,0
192,5,127,cube,7,1,0,7,0,0,37,53,,71,71,0
192,5,424,cube,5,6,0,0,0,0,115,35,,53,53,0
192,5,425,cube,5,6,0,1,0,0,112,35,,53,53,0
192,5,426,cube,5,6,0,2,0,0,115,35,,53,53,0
192,5,427,cube,5,6,0,3,0,0,132,35,,53,53,0
192,5,428,cube,5,6,0,4,0,0,131,35,,53,53,0
192,5,429,cube,5,6,0,5,0,0,109,35,,53,53,0
192,5,430,cube,5,6,0,6,0,0,121,35,,53,53,0
192,5,431,cube,5,6,0,7,0,0,112,35,,53,53,0
192,5,472,cube,3,7,0,0,0,12,147,28,,46,46,0
192,5,473,cube,3,7,0,1,0,17,143,28,,46,46,0
192,5,474,cube,3,7,0,2,0,10,145,28,,46,46,0
192,5,475,cube,3,7,0,3,0,18,141,28,,46,46,0
192,5,476,cube,3,7,0,4,0,13,152,28,,46,46,0
192,5,477,cube,3,7,0,5,0,17,140,28,,46,46,0
192,5,478,cube,3,7,0,6,0,18,145,28,,46,46,0
192,5,479,cube,3,7,0,7,0,19,156,28,,46,46,0
192,5,800,cube,4,4,1,0,0,0,77,42,,60,60,0
192,5,801,cube,4,4,1,1,0,0,93,42,,60,60,0
192,5,802,cube,4,4,1,2,0,0,88,42,,60,60,0
192,5,803,cube,4,4,1,3,0,0,90,42,,60,60,0
192,5,804,cube,4,4,1,4,0,0,91,42,,60,60,0
192,5,805,cube,4,4,1,5,0,0,88,42,,60,60,0
192,5,806,cube,4,4,1,6,0,0,92,42,,60,60,0
192,5,807,cube,4,4,1,7,0,0,95,42,,60,60,0
192,5,992,cube,4,7,1,0,0,14,145,29,,47,47,0
192,5,993,cube,4,7,1,1,0,7,140,29,,47,47,0
192,5,994,cube,4,7,1,2,0,9,139,29,,47,47,0
192,5,995,cube,4,7,1,3,0,9,163,29,,47,47,0
192,5,996,cube,4,7,1,4,0,14,154,29,,47,47,0
192,5,997,cube,4,7,1,5,0,13,152,29,,47,47,0
192,5,998,cube,4,7,1,6,0,8,143,29,,47,47,0
192,5,999,cube,4,7,1,7,0,11,141,29,,47,47,0
192,5,1032,cube,1,0,2,0,0,30,161,25,,43,43,0
192,5,1033,cube,1,0,2,1,0,22,157,26,,43,43,0
192,5,1034,cube,1,0,2,2,0,21,149,25,,43,43,0
192,5,1035,cube,1,0,2,3,0,28,157,25,,43,43,0
192,5,1036,cube,1,0,2,4,0,28,152,25,,43,43,0
192,5,1037,cube,1,0,2,5,0,36,163,25,,43,43,0
192,5,1038,cube,1,0,2,6,0,23,156,25,,43,43,0
192,5,1039,cube,1,0,2,7,0,22,146,25,,43,43,0
192,5,1072,cube,6,0,2,0,0,0,113,37,,55,55,0
192,5,1073,cube,6,0,2,1,0,0,104,37,,55,55,0
192,5,1074,cube,6,0,2,2,0,0,108,37,,55,55,0
192,5,1075,cube,6,0,2,3,0,0,116,37,,55,55,0
192,5,1076,cube,6,0,2,4,0,0,107,37,,55,55,0
192,5,1077,cube,6,0,2,5,0,0,107,37,,55,55,0
192,5,1078,cube,6,0,2,6,0,0,107,37,,55,55,0
192,5,1079,cube,6,0,2,7,0,0,118,37,,55,55,0
192,5,1288,cube,1,4,2,0,0,37,168,25,,43,43,0
192,5,1289,cube,1,4,2,1,0,26,158,25,,43,43,0
192,5,1290,cube,1,4,2,2,0,31,155,25,,43,43,0
192,5,1291,cube,1,4,2,3,0,23,153,25,,43,43,0
192,5,1292,cube,1,4,2,4,0,31,161,25,,43,43,0
192,5,1293,cube,1,4,2,5,0,26,155,25,,43,43,0
192,5,1294,cube,1,4,2,6,0,28,155,25,,43,43,0
192,5,1295,cube,1,4,2,7,0,26,162,25,,43,43,0
192,5,1403,cube,7,5,2,3,0,13,134,29,,47,47,0
192,5,1404,cube,7,5,2,4,0,13,142,29,,47,47,0
192,5,1480,cube,1,7,2,0,0,35,158,25,,43,43,0
192,5,1481,cube,1,7,2,1,0,29,148,25,,43,43,0
192,5,1482,cube,1,7,2,2,0,35,165,25,,43,43,0
192,5,1483,cube,1,7,2,3,0,34,150,25,,43,43,0
192,5,1484,cube,1,7,2,4,0,28,160,25,,43,43,0
192,5,1485,cube,1,7,2,5,0,29,171,25,,43,43,0
192,5,1486,cube,1,7,2,6,0,32,168,25,,43,43,0
192,5,1487,cube,1,7,2,7,0,26,146,25,,43,43,0
192,5,1683,cube,2,2,3,3,0,0,73,44,,62,62,0
192,5,1952,cube,4,6,3,0,0,0,48,52,,70,70,0
192,5,1958,cube,4,6,3,6,0,0,44,52,,70,70,0
192,5,1959,cube,4,6,3,7,0,0,41,52,,70,70,0
192,5,1960,cube,5,6,3,0,0,0,69,46,,64,64,0
192,5,1961,cube,5,6,3,1,0,0,80,46,,64,64,0
192,5,1962,cube,5,6,3,2,0,0,63,46,,64,64,0
192,5,1963,cube,5,6,3,3,0,0,72,47,,64,64,0
192,5,1964,cube,5,6,3,4,0,0,66,46,,64,64,0
192,5,1965,cube,5,6,3,5,0,0,69,46,,64,64,0
192,5,1966,cube,5,6,3,6,0,0,70,46,,64,64,0
192,5,1967,cube,5,6,3,7,0,0,80,46,,64,64,0
192,5,2005,cube,2,7,3,5,0,0,52,49,,67,67,0
192,5,2006,cube,2,7,3,6,0,0,59,49,,67,67,0
192,5,2168,cube,7,1,4,0,0,4,131,30,,49,49,1
192,5,2169,cube,7,1,4,1,0,4,132,30,,49,49,1
192,5,2170,cube,7,1,4,2,0,4,132,30,,49,49,1
192,5,2171,cube,7,1,4,3,0,6,142,30,,49,49,1
192,5,2172,cube,7,1,4,4,0,7,130,30,,49,49,1
192,5,2173,cube,7,1,4,5,0,5,140,30,,49,49,1
192,5,2174,cube,7,1,4,6,0,7,126,30,,49,49,1
192,5,2175,cube,7,1,4,7,0,6,132,30,,49,49,1
192,5,2432,cube,0,6,4,0,0,0,83,44,,62,62,0
192,5,2433,cube,0,6,4,1,0,0,90,44,,62,62,0
192,5,2434,cube,0,6,4,2,0,0,86,44,,62,62,0
192,5,2435,cube,0,6,4,3,0,0,83,44,,62,62,0
192,5,2436,cube,0,6,4,4,0,0,83,44,,62,62,0
192,5,2437,cube,0,6,4,5,0,0,74,44,,62,62,0
192,5,2438,cube,0,6,4,6,0,0,84,44,,62,62,0
192,5,2439,cube,0,6,4,7,0,0,84,44,,62,62,0
192,5,3112,cube,5,0,6,0,0,0,0,,,,,1
192,5,3113,cube,5,0,6,1,0,0,0,,,,,1
192,5,3114,cube,5,0,6,2,0,0,0,,,,,1
192,5,3115,cube,5,0,6,3,0,0,0,,,,,1
192,5,3116,cube,5,0,6,4,0,0,0,,,,,1
192,5,3117,cube,5,0,6,5,0,0,0,,,,,1
192,5,3118,cube,5,0,6,6,0,0,0,,,,,1
192,5,3119,cube,5,0,6,7,0,0,0,,,,,1
192,5,3120,cube,6,0,6,0,0,0,110,37,,55,55,0
192,5,3121,cube,6,0,6,1,0,0,103,37,,55,55,0
192,5,3122,cube,6,0,6,2,0,0,115,37,,55,55,0
192,5,3123,cube,6,0,6,3,0,0,108,37,,55,55,0
192,5,3124,cube,6,0,6,4,0,0,122,37,,55,55,0
192,5,3125,cube,6,0,6,5,0,0,101,37,,55,55,0
192,5,3126,cube,6,0,6,6,0,0,104,37,,55,55,0
192,5,3127,cube,6,0,6,7,0,0,118,37,,55,55,0
192,5,3160,cube,3,1,6,0,0,11,155,30,,48,48,0
192,5,3161,cube,3,1,6,1,0,11,141,30,,48,48,0
192,5,3162,cube,3,1,6,2,0,9,149,30,,48,48,0
192,5,3163,cube,3,1,6,3,0,7,138,30,,48,48,0
192,5,3164,cube,3,1,6,4,0,5,129,30,,48,48,0
192,5,3165,cube,3,1,6,5,0,7,146,30,,48,48,0
192,5,3166,cube,3,1,6,6,0,7,132,30,,48,48,0
192,5,3167,cube,3,1,6,7,0,8,135,30,,48,48,0
192,5,3184,cube,6,1,6,0,0,0,53,50,,68,68,0
192,5,3185,cube,6,1,6,1,0,0,52,50,,68,68,0
192,5,3186,cube,6,1,6,2,0,0,56,50,,68,68,0
192,5,3187,cube,6,1,6,3,0,0,56,50,,68,68,0
192,5,3188,cube,6,1,6,4,0,0,57,50,,68,68,0
192,5,3189,cube,6,1,6,5,0,0,65,50,,68,68,0
192,5,3190,cube,6,1,6,6,0,0,52,50,,68,68,0
192,5,3191,cube,6,1,6,7,0,0,50,50,,68,68,0
192,5,3192,cube,7,1,6,0,0,19,141,26,,45,45,1
192,5,3193,cube,7,1,6,1,0,24,151,26,,45,45,1
192,5,3194,cube,7,1,6,2,0,29,147,26,,45,45,1
192,5,3195,cube,7,1,6,3,0,22,150,26,,45,45,1
192,5,3196,cube,7,1,6,4,0,18,146,26,,45,45,1
192,5,3197,cube,7,1,6,5,0,23,150,26,,45,45,1
192,5,3198,cube,7,1,6,6,0,15,141,26,,45,45,1
192,5,3199,cube,7,1,6,7,0,21,157,26,,45,45,1
192,5,3200,cube,0,2,6,0,0,0,94,38,,57,57,1
192,5,3201,cube,0,2,6,1,0,0,98,38,,57,57,1
192,5,3202,cube,0,2,6,2,0,0,107,38,,57,57,1
192,5,3203,cube,0,2,6,3,0,0,94,38,,57,57,1
192,5,3204,cube,0,2,6,4,0,0,107,38,,57,57,1
192,5,3205,cube,0,2,6,5,0,0,94,38,,57,57,1
192,5,3206,cube,0,2,6,6,0,0,119,38,,57,57,1
192,5,3207,cube,0,2,6,7,0,0,92,38,,57,57,1
192,5,3416,cube,3,5,6,0,0,0,109,38,,57,57,1
192,5,3417,cube,3,5,6,1,0,0,108,38,,57,57,1
192,5,3418,cube,3,5,6,2,0,0,114,38,,57,57,1
192,5,3419,cube,3,5,6,3,0,0,94,38,,57,57,1
192,5,3420,cube,3,5,6,4,0,0,98,38,,57,57,1
192,5,3421,cube,3,5,6,5,0,0,113,38,,57,57,1
192,5,3422,cube,3,5,6,6,0,0,93,38,,57,57,1
192,5,3423,cube,3,5,6,7,0,0,84,38,,57,57,1
192,5,3440,cube,6,5,6,0,0,0,53,48,,66,66,0
192,5,3441,cube,6,5,6,1,0,0,70,48,,66,66,0
192,5,3442,cube,6,5,6,2,0,0,66,48,,66,66,0
192,5,3443,cube,6,5,6,3,0,0,66,48,,66,66,0
192,5,3444,cube,6,5,6,4,0,0,67,48,,66,66,0
192,5,3445,cube,6,5,6,5,0,0,63,48,,66,66,0
192,5,3446,cube,6,5,6,6,0,0,64,48,,66,66,0
192,5,3447,cube,6,5,6,7,0,0,59,48,,66,66,0
192,5,3464,cube,1,6,6,0,0,0,0,,,,,1
192,5,3465,cube,1,6,6,1,0,0,0,,,,,1
192,5,3466,cube,1,6,6,2,0,0,0,,,,,1
192,5,3467,cube,1,6,6,3,0,0,0,,,,,1
192,5,3468,cube,1,6,6,4,0,0,0,,,,,1
192,5,3469,cube,1,6,6,5,0,0,0,,,,,1
192,5,3470,cube,1,6,6,6,0,0,0,,,,,1
192,5,3471,cube,1,6,6,7,0,0,0,,,,,1
192,5,3496,cube,5,6,6,0,0,12,118,29,,47,47,0
192,5,3497,cube,5,6,6,1,0,11,138,29,,47,47,0
192,5,3498,cube,5,6,6,2,0,8,133,29,,47,47,0
192,5,3499,cube,5,6,6,3,0,13,124,29,,47,47,0
192,5,3500,cube,5,6,6,4,0,9,136,29,,47,47,0
192,5,3501,cube,5,6,6,5,0,14,142,29,,47,47,0
192,5,3502,cube,5,6,6,6,0,13,153,29,,47,47,0
192,5,3503,cube,5,6,6,7,0,9,132,29,,47,47,0
192,5,3592,cube,1,0,7,0,0,7,158,30,,48,48,0
192,5,3593,cube,1,0,7,1,0,9,146,30,,48,48,0
192,5,3594,cube,1,0,7,2,0,10,143,30,,48,48,0
192,5,3595,cube,1,0,7,3,0,8,135,30,,48,48,0
192,5,3596,cube,1,0,7,4,0,7,133,30,,48,48,0
192,5,3597,cube,1,0,7,5,0,4,130,30,,48,48,0
192,5,3598,cube,1,0,7,6,0,7,145,30,,48,48,0
192,5,3599,cube,1,0,7,7,0,7,136,30,,48,48,0
192,6,16,cube,2,0,0,0,0,20,152,27,,45,45,0
192,6,17,cube,2,0,0,1,0,19,156,27,,45,45,0
192,6,18,cube,2,0,0,2,0,16,144,27,,45,45,0
192,6,19,cube,2,0,0,3,0,22,154,27,,45,45,0
192,6,20,cube,2,0,0,4,0,21,146,27,,45,45,0
192,6,21,cube,2,0,0,5,0,22,144,27,,45,45,0
192,6,22,cube,2,0,0,6,0,26,146,27,,45,45,0
192,6,23,cube,2,0,0,7,0,19,138,27,,45,45,0
192,6,80,cube,2,1,0,0,0,0,119,35,,53,53,0
192,6,81,cube,2,1,0,1,0,0,108,35,,53,53,0
192,6,82,cube,2,1,0,2,0,0,104,35,,53,53,0
192,6,83,cube,2,1,0,3,0,0,116,35,,53,53,0
192,6,84,cube,2,1,0,4,0,0,116,35,,53,53,0
192,6,85,cube,2,1,0,5,0,0,116,35,,53,53,0
192,6,86,cube,2,1,0,6,0,0,115,35,,53,53,0
192,6,87,cube,2,1,0,7,0,0,123,35,,53,53,0
192,6,186,cube,7,2,0,2,0,30,144,25,,43,43,0
192,6,188,cube,7,2,0,4,0,31,163,25,,43,43,0
192,6,360,cube,5,5,0,0,1,29,144,23,186,42,42,1
192,6,362,cube,5,5,0,2,1,28,151,23,188,42,42,1
192,6,365,cube,5,5,0,5,1,33,152,23,191,42,42,1
192,6,366,cube,5,5,0,6,1,26,163,23,184,42,42,1
192,6,704,cube,0,3,1,0,0,24,155,25,,44,44,1
192,6,705,cube,0,3,1,1,0,20,142,25,,44,44,1
192,6,706,cube,0,3,1,2,0,31,172,25,,44,44,1
192,6,707,cube,0,3,1,3,0,23,162,25,,44,44,1
192,6,708,cube,0,3,1,4,0,26,147,25,,44,44,1
192,6,709,cube,0,3,1,5,0,28,135,25,,44,44,1
192,6,710,cube,0,3,1,6,0,21,141,25,,44,44,1
192,6,711,cube,0,3,1,7,0,30,164,25,,44,44,1
192,6,872,cube,5,5,1,0,0,0,123,33,,51,51,0
192,6,873,cube,5,5,1,1,0,0,120,33,,51,51,0
192,6,874,cube,5,5,1,2,0,0,133,33,,51,51,0
192,6,875,cube,5,5,1,3,0,0,124,33,,51,51,0
192,6,876,cube,5,5,1,4,0,0,136,33,,51,51,0
192,6,877,cube,5,5,1,5,0,0,133,33,,51,51,0
192,6,878,cube,5,5,1,6,0,0,115,33,,51,51,0
192,6,879,cube,5,5,1,7,0,0,131,33,,51,51,0
192,6,1120,cube,4,1,2,0,0,15,145,28,,46,46,0
192,6,1121,cube,4,1,2,1,0,17,137,28,,46,46,0
192,6,1122,cube,4,1,2,2,0,16,146,28,,46,46,0
192,6,1123,cube,4,1,2,3,0,18,153,28,,46,46,0
192,6,1124,cube,4,1,2,4,0,19,158,28,,46,46,0
192,6,1125,cube,4,1,2,5,0,19,144,28,,46,46,0
192,6,1126,cube,4,1,2,6,0,16,145,28,,46,46,0
192,6,1127,cube,4,1,2,7,0,12,120,28,,46,46,0
192,6,1136,cube,6,1,2,0,0,0,36,54,,72,72,0
192,6,1137,cube,6,1,2,1,0,0,43,54,,72,72,0
192,6,1138,cube,6,1,2,2,0,0,45,54,,72,72,0
192,6,1139,cube,6,1,2,3,0,0,39,54,,72,72,0
192,6,1140,cube,6,1,2,4,0,0,40,54,,72,72,0
192,6,1141,cube,6,1,2,5,0,0,35,54,,72,72,0
192,6,1142,cube,6,1,2,6,0,0,36,54,,72,72,0
192,6,1143,cube,6,1,2,7,0,0,38,54,,72,72,0
192,6,1144,cube,7,1,2,0,0,0,0,,,,,1
192,6,1145,cube,7,1,2,1,0,0,0,,,,,1
192,6,1146,cube,7,1,2,2,0,0,0,,,,,1
192,6,1147,cube,7,1,2,3,0,0,0,,,,,1
192,6,1148,cube,7,1,2,4,0,0,0,,,,,1
192,6,1149,cube,7,1,2,5,0,0,0,,,,,1
192,6,1150,cube,7,1,2,6,0,0,0,,,,,1
192,6,1151,cube,7,1,2,7,0,0,0,,,,,1
192,6,1210,cube,7,2,2,2,0,16,146,28,,46,46,0
192,6,1211,cube,7,2,2,3,0,18,148,28,,46,46,0
192,6,1226,cube,1,3,2,2,0,0,62,46,,64,64,0
192,6,1272,cube,7,3,2,0,0,0,0,,,,,1
192,6,1273,cube,7,3,2,1,0,0,0,,,,,1
192,6,1274,cube,7,3,2,2,0,0,0,,,,,1
192,6,1275,cube,7,3,2,3,0,0,0,,,,,1
192,6,1276,cube,7,3,2,4,0,0,0,,,,,1
192,6,1277,cube,7,3,2,5,0,0,0,,,,,1
192,6,1278,cube,7,3,2,6,0,0,0,,,,,1
192,6,1279,cube,7,3,2,7,0,0,0,,,,,1
192,6,1328,cube,6,4,2,0,0,0,88,41,,59,59,0
192,6,1329,cube,6,4,2,1,0,0,88,41,,59,59,0
192,6,1330,cube,6,4,2,2,0,0,81,41,,59,59,0
192,6,1331,cube,6,4,2,3,0,0,104,41,,59,59,0
192,6,1332,cube,6,4,2,4,0,0,85,41,,59,59,0
192,6,1333,cube,6,4,2,5,0,0,93,41,,59,59,0
192,6,1334,cube,6,4,2,6,0,0,88,41,,59,59,0
192,6,1335,cube,6,4,2,7,0,0,95,41,,59,59,0
192,6,1368,cube,3,5,2,0,0,0,92,41,,59,59,0
192,6,1369,cube,3,5,2,1,0,0,99,41,,59,59,0
192,6,1370,cube,3,5,2,2,0,0,97,41,,59,59,0
192,6,1371,cube,3,5,2,3,0,0,100,41,,59,59,0
192,6,1372,cube,3,5,2,4,0,0,83,41,,59,59,0
192,6,1373,cube,3,5,2,5,0,0,94,41,,59,59,0
192,6,1374,cube,3,5,2,6,0,0,96,41,,59,59,0
192,6,1375,cube,3,5,2,7,0,0,101,41,,59,59,0
192,6,1400,cube,7,5,2,0,0,29,160,26,,45,45,1
192,6,1401,cube,7,5,2,1,0,19,140,26,,45,45,1
192,6,1402,cube,7,5,2,2,0,24,148,26,,45,45,1
192,6,1403,cube,7,5,2,3,0,23,143,26,,45,45,1
192,6,1404,cube,7,5,2,4,0,23,163,26,,45,45,1
192,6,1405,cube,7,5,2,5,0,19,181,26,,45,45,1
192,6,1406,cube,7,5,2,6,0,17,142,26,,45,45,1
192,6,1407,cube,7,5,2,7,0,20,134,26,,45,45,1
192,6,1496,cube,3,7,2,0,0,0,0,,,,,1
192,6,1497,cube,3,7,2,1,0,0,0,,,,,1
192,6,1498,cube,3,7,2,2,0,0,0,,,,,1
192,6,1499,cube,3,7,2,3,0,0,0,,,,,1
192,6,1500,cube,3,7,2,4,0,0,0,,,,,1
192,6,1501,cube,3,7,2,5,0,0,0,,,,,1
192,6,1502,cube,3,7,2,6,0,0,0,,,,,1
192,6,1503,cube,3,7,2,7,0,0,0,,,,,1
192,6,1504,cube,4,7,2,0,0,0,0,,,,,1
192,6,1505,cube,4,7,2,1,0,0,0,,,,,1
192,6,1506,cube,4,7,2,2,0,0,0,,,,,1
192,6,1507,cube,4,7,2,3,0,0,0,,,,,1
192,6,1508,cube,4,7,2,4,0,0,0,,,,,1
192,6,1509,cube,4,7,2,5,0,0,0,,,,,1
192,6,1510,cube,4,7,2,6,0,0,0,,,,,1
192,6,1511,cube,4,7,2,7,0,0,0,,,,,1
192,6,1520,cube,6,7,2,0,0,0,112,37,,55,55,0
192,6,1521,cube,6,7,2,1,0,0,111,37,,55,55,0
192,6,1522,cube,6,7,2,2,0,0,101,37,,55,55,0
192,6,1523,cube,6,7,2,3,0,0,102,37,,55,55,0
192,6,1524,cube,6,7,2,4,0,0,119,37,,55,55,0
192,6,1525,cube,6,7,2,5,0,0,111,37,,55,55,0
192,6,1526,cube,6,7,2,6,0,0,113,37,,55,55,0
192,6,1527,cube,6,7,2,7,0,0,111,37,,55,55,0
192,6,1648,cube,6,1,3,0,0,0,119,34,,52,52,0
192,6,1649,cube,6,1,3,1,0,0,118,34,,52,52,0
192,6,1650,cube,6,1,3,2,0,0,113,34,,52,52,0
192,6,1651,cube,6,1,3,3,0,0,128,34,,52,52,0
192,6,1652,cube,6,1,3,4,0,0,117,34,,52,52,0
192,6,1653,cube,6,1,3,5,0,0,119,34,,52,52,0
192,6,1654,cube,6,1,3,6,0,0,119,34,,52,52,0
192,6,1655,cube,6,1,3,7,0,0,129,34,,52,52,0
192,6,1656,cube,7,1,3,0,0,0,123,32,,51,51,1
192,6,1657,cube,7,1,3,1,0,0,147,32,,51,51,1
192,6,1658,cube,7,1,3,2,0,0,125,32,,51,51,1
192,6,1659,cube,7,1,3,3,0,0,117,32,,51,51,1
192,6,1660,cube,7,1,3,4,0,0,117,32,,51,51,1
192,6,1661,cube,7,1,3,5,0,0,115,32,,51,51,1
192,6,1662,cube,7,1,3,6,0,0,116,32,,51,51,1
192,6,1663,cube,7,1,3,7,0,0,120,32,,51,51,1
192,6,2056,cube,1,0,4,0,0,0,33,57,,75,75,0
192,6,2057,cube,1,0,4,1,0,0,29,57,,75,75,0
192,6,2058,cube,1,0,4,2,0,0,27,57,,75,75,0
192,6,2059,cube,1,0,4,3,0,0,34,57,,75,75,0
192,6,2060,cube,1,0,4,4,0,0,30,57,,75,75,0
192,6,2061,cube,1,0,4,5,0,0,29,57,,75,75,0
192,6,2062,cube,1,0,4,6,0,0,32,57,,75,75,0
192,6,2063,cube,1,0,4,7,0,0,31,57,,75,75,0
192,6,2064,cube,2,0,4,0,0,0,68,45,,63,63,0
192,6,2065,cube,2,0,4,1,0,0,72,45,,63,63,0
192,6,2066,cube,2,0,4,2,0,0,71,45,,63,63,0
192,6,2067,cube,2,0,4,3,0,0,72,45,,63,63,0
192,6,2068,cube,2,0,4,4,0,0,73,45,,63,63,0
192,6,2069,cube,2,0,4,5,0,0,77,45,,63,63,0
192,6,2070,cube,2,0,4,6,0,0,77,45,,63,63,0
192,6,2071,cube,2,0,4,7,0,0,72,45,,63,63,0
192,6,2080,cube,4,0,4,0,0,0,88,40,,58,58,0
192,6,2081,cube,4,0,4,1,0,0,92,40,,58,58,0
192,6,2082,cube,4,0,4,2,0,0,98,40,,58,58,0
192,6,2083,cube,4,0,4,3,0,0,101,40,,58,58,0
192,6,2084,cube,4,0,4,4,0,0,96,40,,58,58,0
192,6,2085,cube,4,0,4,5,0,0,96,40,,58,58,0
192,6,2086,cube,4,0,4,6,0,0,97,40,,58,58,0
192,6,2087,cube,4,0,4,7,0,0,87,40,,58,58,0
192,6,2144,cube,4,1,4,0,0,21,145,28,,46,46,0
192,6,2145,cube,4,1,4,1,0,21,146,28,,46,46,0
192,6,2146,cube,4,1,4,2,0,17,149,28,,46,46,0
192,6,2147,cube,4,1,4,3,0,16,144,28,,46,46,0
192,6,2148,cube,4,1,4,4,0,14,133,28,,46,46,0
192,6,2149,cube,4,1,4,5,0,10,140,28,,46,46,0
192,6,2150,cube,4,1,4,6,0,16,155,28,,46,46,0
192,6,2151,cube,4,1,4,7,0,18,155,28,,46,46,0
192,6,2168,cube,7,1,4,0,0,3,122,31,,49,49,0
192,6,2169,cube,7,1,4,1,0,4,119,31,,49,49,0
192,6,2170,cube,7,1,4,2,0,4,140,31,,49,49,0
192,6,2171,cube,7,1,4,3,0,2,137,31,,49,49,0
192,6,2172,cube,7,1,4,4,0,3,134,31,,49,49,0
192,6,2173,cube,7,1,4,5,0,6,129,31,,49,49,0
192,6,2174,cube,7,1,4,6,0,4,123,31,,49,49,0
192,6,2175,cube,7,1,4,7,0,2,131,31,,49,49,0
192,6,2336,cube,4,4,4,0,0,0,0,,,,,1
192,6,2337,cube,4,4,4,1,0,0,0,,,,,1
192,6,2338,cube,4,4,4,2,0,0,0,,,,,1
192,6,2339,cube,4,4,4,3,0,0,0,,,,,1
192,6,2340,cube,4,4,4,4,0,0,0,,,,,1
192,6,2341,cube,4,4,4,5,0,0,0,,,,,1
192,6,2342,cube,4,4,4,6,0,0,0,,,,,1
192,6,2343,cube,4,4,4,7,0,0,0,,,,,1
192,6,2392,cube,3,5,4,0,0,8,147,30,,48,48,0
192,6,2393,cube,3,5,4,1,0,7,140,30,,48,48,0
192,6,2394,cube,3,5,4,2,0,9,134,30,,48,48,0
192,6,2395,cube,3,5,4,3,0,8,127,30,,48,48,0
192,6,2396,cube,3,5,4,4,0,7,140,30,,48,48,0
192,6,2397,cube,3,5,4,5,0,5,133,30,,48,48,0
192,6,2398,cube,3,5,4,6,0,7,142,30,,48,48,0
192,6,2399,cube,3,5,4,7,0,7,132,30,,48,48,0
192,6,2408,cube,5,5,4,0,0,8,139,30,,48,48,0
192,6,2409,cube,5,5,4,1,0,9,125,30,,48,48,0
192,6,2410,cube,5,5,4,2,0,11,152,30,,48,48,0
192,6,2411,cube,5,5,4,3,0,5,138,30,,48,48,0
192,6,2412,cube,5,5,4,4,0,8,136,30,,48,48,0
192,6,2413,cube,5,5,4,5,0,10,138,30,,48,48,0
192,6,2414,cube,5,5,4,6,0,9,126,30,,48,48,0
192,6,2415,cube,5,5,4,7,0,10,127,30,,48,48,0
192,6,3000,cube,7,6,5,0,0,0,87,39,,57,57,0
192,6,3001,cube,7,6,5,1,0,0,95,39,,57,57,0
192,6,3002,cube,7,6,5,2,0,0,89,39,,57,57,0
192,6,3003,cube,7,6,5,3,0,0,101,39,,57,57,0
192,6,3004,cube,7,6,5,4,0,0,109,39,,57,57,0
192,6,3005,cube,7,6,5,5,0,0,92,39,,57,57,0
192,6,3006,cube,7,6,5,6,0,0,106,39,,57,57,0
192,6,3007,cube,7,6,5,7,0,0,97,39,,57,57,0
192,6,3184,cube,6,1,6,0,0,16,149,28,,47,47,1
192,6,3185,cube,6,1,6,1,0,12,140,28,,47,47,1
192,6,3186,cube,6,1,6,2,0,11,144,28,,47,47,1
192,6,3187,cube,6,1,6,3,0,15,145,28,,47,47,1
192,6,3188,cube,6,1,6,4,0,13,137,28,,47,47,1
192,6,3189,cube,6,1,6,5,0,15,139,28,,47,47,1
192,6,3190,cube,6,1,6,6,0,13,150,28,,47,47,1
192,6,3191,cube,6,1,6,7,0,14,141,28,,47,47,1
192,6,3376,cube,6,4,6,0,0,25,163,25,,43,43,0
192,6,3377,cube,6,4,6,1,0,27,155,25,,43,43,0
192,6,3378,cube,6,4,6,2,0,30,147,25,,43,43,0
192,6,3379,cube,6,4,6,3,0,31,156,25,,43,43,0
192,6,3380,cube,6,4,6,4,0,29,162,25,,43,43,0
192,6,3381,cube,6,4,6,5,0,33,170,25,,43,43,0
192,6,3382,cube,6,4,6,6,0,31,164,25,,43,43,0
192,6,3383,cube,6,4,6,7,0,28,145,25,,43,43,0
192,6,3384,cube,7,4,6,0,0,29,145,25,,43,43,0
192,6,3385,cube,7,4,6,1,0,23,161,25,,43,43,0
192,6,3386,cube,7,4,6,2,0,29,162,25,,43,43,0
192,6,3387,cube,7,4,6,3,0,26,151,25,,43,43,0
192,6,3388,cube,7,4,6,4,0,31,149,25,,43,43,0
192,6,3389,cube,7,4,6,5,0,28,155,25,,43,43,0
192,6,3390,cube,7,4,6,6,0,25,156,25,,43,43,0
192,6,3391,cube,7,4,6,7,0,31,158,25,,43,43,0
192,6,3544,cube,3,7,6,0,0,0,0,,,,,1
192,6,3545,cube,3,7,6,1,0,0,0,,,,,1
192,6,3546,cube,3,7,6,2,0,0,0,,,,,1
192,6,3547,cube,3,7,6,3,0,0,0,,,,,1
192,6,3548,cube,3,7,6,4,0,0,0,,,,,1
192,6,3549,cube,3,7,6,5,0,0,0,,,,,1
192,6,3550,cube,3,7,6,6,0,0,0,,,,,1
192,6,3551,cube,3,7,6,7,0,0,0,,,,,1
192,6,3576,cube,7,7,6,0,0,0,11,61,,79,79,0
192,6,3577,cube,7,7,6,1,0,0,11,61,,79,79,0
192,6,3578,cube,7,7,6,2,0,0,16,61,,79,79,0
192,6,3579,cube,7,7,6,3,0,0,11,61,,79,79,0
192,6,3580,cube,7,7,6,4,0,0,14,61,,79,79,0
192,6,3581,cube,7,7,6,5,0,0,10,61,,79,79,0
192,6,3582,cube,7,7,6,6,0,0,8,61,,79,79,0
192,6,3583,cube,7,7,6,7,0,0,12,61,,79,79,0
192,6,3656,cube,1,1,7,0,0,0,92,42,,60,60,0
192,6,3657,cube,1,1,7,1,0,0,93,42,,60,60,0
192,6,3658,cube,1,1,7,2,0,0,93,42,,60,60,0
192,6,3659,cube,1,1,7,3,0,0,78,42,,60,60,0
192,6,3660,cube,1,1,7,4,0,0,76,42,,60,60,0
192,6,3661,cube,1,1,7,5,0,0,94,42,,60,60,0
192,6,3662,cube,1,1,7,6,0,0,85,42,,60,60,0
192,6,3663,cube,1,1,7,7,0,0,87,42,,60,60,0
192,6,3680,cube,4,1,7,0,0,12,134,28,,46,46,0
192,6,3681,cube,4,1,7,1,0,16,134,28,,46,46,0
192,6,3682,cube,4,1,7,2,0,19,148,28,,46,46,0
192,6,3683,cube,4,1,7,3,0,20,136,28,,46,46,0
192,6,3684,cube,4,1,7,4,0,14,143,28,,46,46,0
192,6,3685,cube,4,1,7,5,0,21,142,28,,46,46,0
192,6,3686,cube,4,1,7,6,0,15,140,28,,46,46,0
192,6,3687,cube,4,1,7,7,0,16,146,28,,46,46,0
192,6,3696,cube,6,1,7,0,0,0,49,53,,71,71,0
192,6,3697,cube,6,1,7,1,0,0,50,53,,71,71,0
192,6,3698,cube,6,1,7,2,0,0,41,53,,71,71,0
192,6,3699,cube,6,1,7,3,0,0,47,53,,71,71,0
192,6,3700,cube,6,1,7,4,0,0,52,53,,71,71,0
192,6,3701,cube,6,1,7,5,0,0,44,53,,71,71,0
192,6,3702,cube,6,1,7,6,0,0,45,53,,71,71,0
192,6,3703,cube,6,1,7,7,0,0,39,53,,71,71,0
192,6,3704,cube,7,1,7,0,0,0,0,,,,,1
192,6,3705,cube,7,1,7,1,0,0,0,,,,,1
192,6,3706,cube,7,1,7,2,0,0,0,,,,,1
192,6,3707,cube,7,1,7,3,0,0,0,,,,,1
192,6,3708,cube,7,1,7,4,0,0,0,,,,,1
192,6,3709,cube,7,1,7,5,0,0,0,,,,,1
192,6,3710,cube,7,1,7,6,0,0,0,,,,,1
192,6,3711,cube,7,1,7,7,0,0,0,,,,,1
192,6,3760,cube,6,2,7,0,0,0,48,53,,71,71,0
192,6,3761,cube,6,2,7,1,0,0,44,53,,71,71,0
192,6,3762,cube,6,2,7,2,0,0,47,53,,71,71,0
192,6,3763,cube,6,2,7,3,0,0,0,,,,,1
192,6,3764,cube,6,2,7,4,0,0,0,,,,,1
192,6,3765,cube,6,2,7,5,0,0,41,53,,71,71,0
192,6,3766,cube,6,2,7,6,0,0,40,53,,71,71,0
192,6,3767,cube,6,2,7,7,0,0,36,53,,71,71,0
192,6,4024,cube,7,6,7,0,0,0,47,53,,71,71,0
192,6,4025,cube,7,6,7,1,0,0,41,53,,71,71,0
192,6,4026,cube,7,6,7,2,0,0,52,53,,71,71,0
192,6,4027,cube,7,6,7,3,0,0,44,53,,71,71,0
192,6,4028,cube,7,6,7,4,0,0,39,53,,71,71,0
192,6,4029,cube,7,6,7,5,0,0,42,53,,71,71,0
192,6,4030,cube,7,6,7,6,0,0,38,53,,71,71,0
192,6,4031,cube,7,6,7,7,0,0,46,53,,71,71,0
192,7,352,cube,4,5,0,0,0,0,26,57,,75,75,0
192,7,353,cube,4,5,0,1,0,0,30,57,,75,75,0
192,7,354,cube,4,5,0,2,0,0,29,57,,75,75,0
192,7,355,cube,4,5,0,3,0,0,30,57,,75,75,0
192,7,356,cube,4,5,0,4,0,0,25,57,,75,75,0
192,7,357,cube,4,5,0,5,0,0,30,57,,75,75,0
192,7,358,cube,4,5,0,6,0,0,27,57,,75,75,0
192,7,359,cube,4,5,0,7,0,0,31,57,,75,75,0
192,7,416,cube,4,6,0,0,0,24,139,27,,45,45,0
192,7,417,cube,4,6,0,1,0,21,157,27,,45,45,0
192,7,418,cube,4,6,0,2,0,22,168,27,,45,45,0
192,7,419,cube,4,6,0,3,0,16,158,27,,45,45,0
192,7,420,cube,4,6,0,4,0,18,146,27,,45,45,0
192,7,421,cube,4,6,0,5,0,23,135,27,,45,45,0
192,7,422,cube,4,6,0,6,0,21,146,27,,45,45,0
192,7,423,cube,4,6,0,7,0,26,164,27,,45,45,0
192,7,440,cube,7,6,0,0,0,0,103,38,,56,56,0
192,7,441,cube,7,6,0,1,0,0,112,38,,56,56,0
192,7,442,cube,7,6,0,2,0,0,100,38,,56,56,0
192,7,443,cube,7,6,0,3,0,0,96,38,,56,56,0
192,7,444,cube,7,6,0,4,0,0,108,38,,56,56,0
192,7,445,cube,7,6,0,5,0,0,101,38,,56,56,0
192,7,446,cube,7,6,0,6,0,0,110,38,,56,56,0
192,7,447,cube,7,6,0,7,0,0,112,38,,56,56,0
192,7,648,cube,1,2,1,0,0,0,93,40,,58,58,0
192,7,649,cube,1,2,1,1,0,0,97,40,,58,58,0
192,7,650,cube,1,2,1,2,0,0,106,40,,58,58,0
192,7,651,cube,1,2,1,3,0,0,90,40,,58,58,0
192,7,652,cube,1,2,1,4,0,0,91,40,,58,58,0
192,7,653,cube,1,2,1,5,0,0,97,40,,58,58,0
192,7,654,cube,1,2,1,6,0,0,91,40,,58,58,0
192,7,655,cube,1,2,1,7,0,0,91,40,,58,58,0
192,7,664,cube,3,2,1,0,0,0,104,37,,55,55,0
192,7,665,cube,3,2,1,1,0,0,101,37,,55,55,0
192,7,666,cube,3,2,1,2,0,0,107,37,,55,55,0
192,7,667,cube,3,2,1,3,0,0,104,37,,55,55,0
192,7,668,cube,3,2,1,4,0,0,108,37,,55,55,0
192,7,669,cube,3,2,1,5,0,0,112,37,,55,55,0
192,7,670,cube,3,2,1,6,0,0,112,37,,55,55,0
192,7,671,cube,3,2,1,7,0,0,97,37,,55,55,0
192,7,672,cube,4,2,1,0,0,0,124,33,,51,51,0
192,7,673,cube,4,2,1,1,0,0,142,33,,51,51,0
192,7,674,cube,4,2,1,2,0,0,135,33,,51,51,0
192,7,675,cube,4,2,1,3,0,0,117,33,,51,51,0
192,7,676,cube,4,2,1,4,0,0,117,33,,51,51,0
192,7,677,cube,4,2,1,5,0,0,113,33,,51,51,0
192,7,678,cube,4,2,1,6,0,0,121,33,,51,51,0
192,7,679,cube,4,2,1,7,0,0,115,33,,51,51,0
192,7,808,cube,5,4,1,0,0,0,125,36,,54,54,0
192,7,809,cube,5,4,1,1,0,0,113,36,,54,54,0
192,7,810,cube,5,4,1,2,0,0,106,36,,54,54,0
192,7,811,cube,5,4,1,3,0,0,113,36,,54,54,0
192,7,812,cube,5,4,1,4,0,0,114,36,,54,54,0
192,7,813,cube,5,4,1,5,0,0,116,36,,54,54,0
192,7,814,cube,5,4,1,6,0,0,109,36,,54,54,0
192,7,815,cube,5,4,1,7,0,0,125,36,,54,54,0
192,7,864,cube,4,5,1,0,0,0,62,49,,67,67,0
192,7,865,cube,4,5,1,1,0,0,62,49,,67,67,0
192,7,866,cube,4,5,1,2,0,0,67,49,,67,67,0
192,7,867,cube,4,5,1,3,0,0,55,49,,67,67,0
192,7,868,cube,4,5,1,4,0,0,56,49,,67,67,0
192,7,869,cube,4,5,1,5,0,0,64,49,,67,67,0
192,7,870,cube,4,5,1,6,0,0,60,49,,67,67,0
192,7,871,cube,4,5,1,7,0,0,49,49,,67,67,0
192,7,968,cube,1,7,1,0,0,20,133,25,,43,43,0
192,7,969,cube,1,7,1,1,0,24,139,25,,43,43,0
192,7,970,cube,1,7,1,2,0,29,158,25,,43,43,0
192,7,971,cube,1,7,1,3,0,27,147,25,,43,43,0
192,7,972,cube,1,7,1,4,0,28,135,25,,43,43,0
192,7,973,cube,1,7,1,5,0,27,155,25,,43,43,0
192,7,974,cube,1,7,1,6,0,27,154,25,,43,43,0
192,7,975,cube,1,7,1,7,0,30,157,25,,43,43,0
192,7,984,cube,3,7,1,0,0,0,121,33,,51,51,0
192,7,985,cube,3,7,1,1,0,0,134,33,,51,51,0
192,7,986,cube,3,7,1,2,0,0,117,33,,51,51,0
192,7,987,cube,3,7,1,3,0,0,117,33,,51,51,0
192,7,988,cube,3,7,1,4,0,0,138,33,,51,51,0
192,7,989,cube,3,7,1,5,0,0,116,33,,51,51,0
192,7,990,cube,3,7,1,6,0,0,127,33,,51,51,0
192,7,991,cube,3,7,1,7,0,0,139,33,,51,51,0
192,7,1152,cube,0,2,2,0,0,12,146,29,,48,48,1
192,7,1153,cube,0,2,2,1,0,9,147,29,,48,48,1
192,7,1154,cube,0,2,2,2,0,11,131,29,,48,48,1
192,7,1155,cube,0,2,2,3,0,10,133,29,,48,48,1
192,7,1156,cube,0,2,2,4,0,13,148,29,,48,48,1
192,7,1157,cube,0,2,2,5,0,13,144,29,,48,48,1
192,7,1158,cube,0,2,2,6,0,14,148,29,,48,48,1
192,7,1159,cube,0,2,2,7,0,7,137,29,,48,48,1
192,7,1160,cube,1,2,2,0,0,0,0,,,,,1
192,7,1161,cube,1,2,2,1,0,0,0,,,,,1
192,7,1162,cube,1,2,2,2,0,0,0,,,,,1
192,7,1163,cube,1,2,2,3,0,0,0,,,,,1
192,7,1164,cube,1,2,2,4,0,0,0,,,,,1
192,7,1165,cube,1,2,2,5,0,0,0,,,,,1
192,7,1166,cube,1,2,2,6,0,0,0,,,,,1
192,7,1167,cube,1,2,2,7,0,0,0,,,,,1
192,7,1192,cube,5,2,2,0,0,0,0,,,,,1
192,7,1193,cube,5,2,2,1,0,0,0,,,,,1
192,7,1194,cube,5,2,2,2,0,0,0,,,,,1
192,7,1195,cube,5,2,2,3,0,0,0,,,,,1
192,7,1196,cube,5,2,2,4,0,0,0,,,,,1
192,7,1197,cube,5,2,2,5,0,0,0,,,,,1
192,7,1198,cube,5,2,2,6,0,0,0,,,,,1
192,7,1199,cube,5,2,2,7,0,0,0,,,,,1
192,7,1288,cube,1,4,2,0,0,29,158,25,,43,43,0
192,7,1289,cube,1,4,2,1,0,26,150,25,,43,43,0
192,7,1290,cube,1,4,2,2,0,22,157,25,,43,43,0
192,7,1291,cube,1,4,2,3,0,22,151,25,,43,43,0
192,7,1292,cube,1,4,2,4,0,32,153,25,,43,43,0
192,7,1293,cube,1,4,2,5,0,26,162,25,,43,43,0
192,7,1294,cube,1,4,2,6,0,29,155,25,,43,43,0
192,7,1295,cube,1,4,2,7,0,25,156,25,,43,43,0
192,7,1304,cube,3,4,2,0,0,0,139,32,,50,50,0
192,7,1305,cube,3,4,2,1,0,0,124,32,,50,50,0
192,7,1306,cube,3,4,2,2,0,0,124,32,,50,50,0
192,7,1307,cube,3,4,2,3,0,0,125,32,,50,50,0
192,7,1308,cube,3,4,2,4,0,0,126,32,,50,50,0
192,7,1309,cube,3,4,2,5,0,0,113,32,,50,50,0
192,7,1310,cube,3,4,2,6,0,0,138,32,,50,50,0
192,7,1311,cube,3,4,2,7,0,0,139,32,,50,50,0
192,7,1528,cube,7,7,2,0,0,0,42,53,,71,71,0
192,7,1529,cube,7,7,2,1,0,0,46,53,,71,71,0
192,7,1530,cube,7,7,2,2,0,0,43,53,,71,71,0
192,7,1531,cube,7,7,2,3,0,0,41,53,,71,71,0
192,7,1532,cube,7,7,2,4,0,0,50,53,,71,71,0
192,7,1533,cube,7,7,2,5,0,0,48,53,,71,71,0
192,7,1534,cube,7,7,2,6,0,0,47,53,,71,71,0
192,7,1535,cube,7,7,2,7,0,0,43,53,,71,71,0
192,7,1792,cube,0,4,3,0,0,0,62,48,,66,66,0
192,7,1793,cube,0,4,3,1,0,0,63,48,,66,66,0
192,7,1794,cube,0,4,3,2,0,0,64,48,,66,66,0
192,7,1795,cube,0,4,3,3,0,0,69,48,,66,66,0
192,7,1796,cube,0,4,3,4,0,0,62,48,,66,66,0
192,7,1797,cube,0,4,3,5,0,0,54,48,,66,66,0
192,7,1798,cube,0,4,3,6,0,0,67,48,,66,66,0
192,7,1799,cube,0,4,3,7,0,0,74,48,,66,66,0
192,7,2152,cube,5,1,4,0,0,9,144,30,,48,48,0
192,7,2153,cube,5,1,4,1,0,9,137,30,,48,48,0
192,7,2154,cube,5,1,4,2,0,6,130,30,,48,48,0
192,7,2155,cube,5,1,4,3,0,7,141,30,,48,48,0
192,7,2156,cube,5,1,4,4,0,8,125,30,,48,48,0
192,7,2157,cube,5,1,4,5,0,8,136,30,,48,48,0
192,7,2158,cube,5,1,4,6,0,10,123,30,,48,48,0
192,7,2159,cube,5,1,4,7,0,10,154,30,,48,48,0
192,7,2208,cube,4,2,4,0,0,0,0,,,,,1
192,7,2209,cube,4,2,4,1,0,0,0,,,,,1
192,7,2210,cube,4,2,4,2,0,0,0,,,,,1
192,7,2211,cube,4,2,4,3,0,0,0,,,,,1
192,7,2212,cube,4,2,4,4,0,0,0,,,,,1
192,7,2213,cube,4,2,4,5,0,0,0,,,,,1
192,7,2214,cube,4,2,4,6,0,0,0,,,,,1
192,7,2215,cube,4,2,4,7,0,0,0,,,,,1
192,7,2216,cube,5,2,4,0,0,0,120,34,,53,53,1
192,7,2217,cube,5,2,4,1,0,0,107,34,,53,53,1
192,7,2218,cube,5,2,4,2,0,0,120,34,,53,53,1
192,7,2219,cube,5,2,4,3,0,0,107,34,,53,53,1
192,7,2220,cube,5,2,4,4,0,0,103,34,,53,53,1
192,7,2221,cube,5,2,4,5,0,0,128,34,,53,53,1
192,7,2222,cube,5,2,4,6,0,0,104,34,,53,53,1
192,7,2223,cube,5,2,4,7,0,0,123,34,,53,53,1
192,7,2224,cube,6,2,4,0,0,6,152,29,,47,47,0
192,7,2225,cube,6,2,4,1,0,17,154,29,,47,47,0
192,7,2226,cube,6,2,4,2,0,11,135,29,,47,47,0
192,7,2227,cube,6,2,4,3,0,15,150,29,,47,47,0
192,7,2228,cube,6,2,4,4,0,11,137,29,,47,47,0
192,7,2229,cube,6,2,4,5,0,10,134,29,,47,47,0
192,7,2230,cube,6,2,4,6,0,15,146,29,,47,47,0
192,7,2231,cube,6,2,4,7,0,13,150,29,,47,47,0
192,7,2232,cube,7,2,4,0,0,0,0,,,,,1
192,7,2233,cube,7,2,4,1,0,0,0,,,,,1
192,7,2234,cube,7,2,4,2,0,0,0,,,,,1
192,7,2235,cube,7,2,4,3,0,0,0,,,,,1
192,7,2236,cube,7,2,4,4,0,0,0,,,,,1
192,7,2237,cube,7,2,4,5,0,0,0,,,,,1
192,7,2238,cube,7,2,4,6,0,0,0,,,,,1
192,7,2239,cube,7,2,4,7,0,0,0,,,,,1
192,7,2248,cube,1,3,4,0,0,14,151,28,,46,46,0
192,7,2249,cube,1,3,4,1,0,16,141,28,,46,46,0
192,7,2250,cube,1,3,4,2,0,19,146,28,,46,46,0
192,7,2251,cube,1,3,4,3,0,20,141,28,,46,46,0
192,7,2252,cube,1,3,4,4,0,21,159,28,,46,46,0
192,7,2253,cube,1,3,4,5,0,14,150,28,,46,46,0
192,7,2254,cube,1,3,4,6,0,20,148,28,,46,46,0
192,7,2255,cube,1,3,4,7,0,19,158,28,,46,46,0
192,7,2304,cube,0,4,4,0,0,12,138,29,,47,47,0
192,7,2305,cube,0,4,4,1,0,9,131,29,,47,47,0
192,7,2306,cube,0,4,4,2,0,13,152,29,,47,47,0
192,7,2307,cube,0,4,4,3,0,12,136,29,,47,47,0
192,7,2308,cube,0,4,4,4,0,9,139,29,,47,47,0
192,7,2309,cube,0,4,4,5,0,13,126,29,,47,47,0
192,7,2310,cube,0,4,4,6,0,9,135,29,,47,47,0
192,7,2311,cube,0,4,4,7,0,13,150,29,,47,47,0
192,7,2352,cube,6,4,4,0,0,14,142,29,,47,47,0
192,7,2353,cube,6,4,4,1,0,11,135,29,,47,47,0
192,7,2354,cube,6,4,4,2,0,12,144,29,,47,47,0
192,7,2355,cube,6,4,4,3,0,10,149,29,,47,47,0
192,7,2356,cube,6,4,4,4,0,9,128,29,,47,47,0
192,7,2357,cube,6,4,4,5,0,11,157,29,,47,47,0
192,7,2358,cube,6,4,4,6,0,12,141,29,,47,47,0
192,7,2359,cube,6,4,4,7,0,13,127,29,,47,47,0
192,7,2366,cube,7,4,4,6,1,33,164,23,184,41,41,0
192,7,2392,cube,3,5,4,0,0,30,144,25,,43,43,0
192,7,2393,cube,3,5,4,1,0,28,151,25,,43,43,0
192,7,2394,cube,3,5,4,2,0,27,151,25,,43,43,0
192,7,2395,cube,3,5,4,3,0,29,145,25,,43,43,0
192,7,2396,cube,3,5,4,4,0,20,152,25,,43,43,0
192,7,2397,cube,3,5,4,5,0,29,159,25,,43,43,0
192,7,2398,cube,3,5,4,6,0,32,164,25,,43,43,0
192,7,2399,cube,3,5,4,7,0,28,154,25,,43,43,0
192,7,2536,cube,5,7,4,0,0,0,0,,,,,1
192,7,2537,cube,5,7,4,1,0,0,0,,,,,1
192,7,2538,cube,5,7,4,2,0,0,0,,,,,1
192,7,2539,cube,5,7,4,3,0,0,0,,,,,1
192,7,2540,cube,5,7,4,4,0,0,0,,,,,1
192,7,2541,cube,5,7,4,5,0,0,0,,,,,1
192,7,2542,cube,5,7,4,6,0,0,0,,,,,1
192,7,2543,cube,5,7,4,7,0,0,0,,,,,1
192,7,2552,cube,7,7,4,0,0,3,141,31,,49,49,0
192,7,2553,cube,7,7,4,1,0,1,132,31,,49,49,0
192,7,2554,cube,7,7,4,2,0,4,136,31,,49,49,0
192,7,2555,cube,7,7,4,3,0,4,136,31,,49,49,0
192,7,2556,cube,7,7,4,4,0,4,128,31,,49,49,0
192,7,2557,cube,7,7,4,5,0,2,113,31,,49,49,0
192,7,2558,cube,7,7,4,6,0,2,126,31,,49,49,0
192,7,2559,cube,7,7,4,7,0,3,129,31,,49,49,0
192,7,3104,cube,4,0,6,0,0,0,13,60,,79,79,1
192,7,3105,cube,4,0,6,1,0,0,12,60,,79,79,1
192,7,3106,cube,4,0,6,2,0,0,13,60,,79,79,1
192,7,3107,cube,4,0,6,3,0,0,16,60,,79,79,1
192,7,3108,cube,4,0,6,4,0,0,16,60,,79,79,1
192,7,3109,cube,4,0,6,5,0,0,10,60,,79,79,1
192,7,3110,cube,4,0,6,6,0,0,13,60,,79,79,1
192,7,3111,cube,4,0,6,7,0,0,12,60,,79,79,1
192,7,3224,cube,3,2,6,0,0,0,101,37,,56,56,1
192,7,3225,cube,3,2,6,1,0,0,109,37,,56,56,1
192,7,3226,cube,3,2,6,2,0,0,109,37,,56,56,1
192,7,3227,cube,3,2,6,3,0,0,111,37,,56,56,1
192,7,3228,cube,3,2,6,4,0,0,118,37,,56,56,1
192,7,3229,cube,3,2,6,5,0,0,121,37,,56,56,1
192,7,3230,cube,3,2,6,6,0,0,103,37,,56,56,1
192,7,3231,cube,3,2,6,7,0,0,92,37,,56,56,1
192,7,3336,cube,1,4,6,0,0,16,131,28,,46,46,0
192,7,3337,cube,1,4,6,1,0,17,134,28,,46,46,0
192,7,3338,cube,1,4,6,2,0,18,148,28,,46,46,0
192,7,3339,cube,1,4,6,3,0,17,142,28,,46,46,0
192,7,3340,cube,1,4,6,4,0,17,162,28,,46,46,0
192,7,3341,cube,1,4,6,5,0,19,146,28,,46,46,0
192,7,3342,cube,1,4,6,6,0,16,145,28,,46,46,0
192,7,3343,cube,1,4,6,7,0,19,141,28,,46,46,0
192,7,3360,cube,4,4,6,0,1,36,157,23,186,42,42,1
192,7,3362,cube,4,4,6,2,1,31,152,23,188,42,42,1
192,7,3364,cube,4,4,6,4,1,33,173,23,190,42,42,1
192,7,3365,cube,4,4,6,5,1,34,154,23,191,42,42,1
192,7,3366,cube,4,4,6,6,1,25,171,23,184,42,42,1
192,7,3368,cube,5,4,6,0,0,0,77,43,,61,61,0
192,7,3369,cube,5,4,6,1,0,0,82,43,,61,61,0
192,7,3370,cube,5,4,6,2,0,0,80,43,,61,61,0
192,7,3371,cube,5,4,6,3,0,0,84,43,,61,61,0
192,7,3372,cube,5,4,6,4,0,0,78,43,,61,61,0
192,7,3373,cube,5,4,6,5,0,0,88,43,,61,61,0
192,7,3374,cube,5,4,6,6,0,0,81,43,,61,61,0
192,7,3375,cube,5,4,6,7,0,0,86,43,,61,61,0
192,7,3480,cube,3,6,6,0,0,0,33,55,,73,73,0
192,7,3481,cube,3,6,6,1,0,0,34,55,,73,73,0
192,7,3482,cube,3,6,6,2,0,0,30,55,,73,73,0
192,7,3483,cube,3,6,6,3,0,0,38,55,,73,73,0
192,7,3484,cube,3,6,6,4,0,0,42,55,,73,73,0
192,7,3485,cube,3,6,6,5,0,0,31,55,,73,73,0
192,7,3486,cube,3,6,6,6,0,0,31,55,,73,73,0
192,7,3487,cube,3,6,6,7,0,0,38,55,,73,73,0
192,7,3560,cube,5,7,6,0,0,14,159,29,,47,47,0
192,7,3561,cube,5,7,6,1,0,12,151,29,,47,47,0
192,7,3562,cube,5,7,6,2,0,13,145,29,,47,47,0
192,7,3563,cube,5,7,6,3,0,14,149,29,,47,47,0
192,7,3564,cube,5,7,6,4,0,15,139,29,,47,47,0
192,7,3565,cube,5,7,6,5,0,12,144,29,,47,47,0
192,7,3566,cube,5,7,6,6,0,15,141,29,,47,47,0
192,7,3567,cube,5,7,6,7,0,8,137,29,,47,47,0
192,7,3656,cube,1,1,7,0,0,0,25,58,,76,76,0
192,7,3657,cube,1,1,7,1,0,0,28,58,,76,76,0
192,7,3658,cube,1,1,7,2,0,0,22,58,,76,76,0
192,7,3659,cube,1,1,7,3,0,0,21,58,,76,76,0
192,7,3660,cube,1,1,7,4,0,0,29,58,,76,76,0
192,7,3661,cube,1,1,7,5,0,0,18,58,,76,76,0
192,7,3662,cube,1,1,7,6,0,0,28,58,,76,76,0
192,7,3663,cube,1,1,7,7,0,0,22,58,,76,76,0
192,7,3744,cube,4,2,7,0,0,32,169,24,,42,42,0
192,7,3745,cube,4,2,7,1,0,30,157,24,,42,42,0
192,7,3746,cube,4,2,7,2,0,35,168,24,,42,42,0
192,7,3747,cube,4,2,7,3,0,27,157,24,,42,42,0
192,7,3748,cube,4,2,7,4,0,33,150,24,,42,42,0
192,7,3749,cube,4,2,7,5,0,29,153,24,,42,42,0
192,7,3750,cube,4,2,7,6,0,30,164,24,,42,42,0
192,7,3751,cube,4,2,7,7,0,31,172,24,,42,42,0
192,7,3760,cube,6,2,7,0,0,0,29,55,,74,74,1
192,7,3761,cube,6,2,7,1,0,0,29,55,,74,74,1
192,7,3762,cube,6,2,7,2,0,0,35,55,,74,74,1
192,7,3763,cube,6,2,7,3,0,0,35,55,,74,74,1
192,7,3764,cube,6,2,7,4,0,0,31,55,,74,74,1
192,7,3765,cube,6,2,7,5,0,0,30,55,,74,74,1
192,7,3766,cube,6,2,7,6,0,0,37,55,,74,74,1
192,7,3767,cube,6,2,7,7,0,0,40,55,,74,74,1
256,0,24,cube,3,0,0,0,0,0,60,47,,65,65,0
256,0,25,cube,3,0,0,1,0,0,67,47,,65,65,0
256,0,26,cube,3,0,0,2,0,0,73,47,,65,65,0
256,0,27,cube,3,0,0,3,0,0,64,47,,65,65,0
256,0,28,cube,3,0,0,4,0,0,70,47,,65,65,0
256,0,29,cube,3,0,0,5,0,0,76,47,,65,65,0
256,0,30,cube,3,0,0,6,0,0,68,47,,65,65,0
256,0,31,cube,3,0,0,7,0,0,66,47,,65,65,0
256,0,104,cube,5,1,0,0,0,0,117,32,,50,50,0
256,0,105,cube,5,1,0,1,0,0,144,32,,50,50,0
256,0,106,cube,5,1,0,2,0,0,134,32,,50,50,0
256,0,107,cube,5,1,0,3,0,0,131,32,,50,50,0
256,0,108,cube,5,1,0,4,0,0,129,32,,50,50,0
256,0,109,cube,5,1,0,5,0,0,125,32,,50,50,0
256,0,110,cube,5,1,0,6,0,0,131,32,,50,50,0
256,0,111,cube,5,1,0,7,0,0,135,32,,50,50,0
256,0,120,cube,7,1,0,0,0,0,82,46,,64,64,0
256,0,121,cube,7,1,0,1,0,0,71,46,,64,64,0
256,0,122,cube,7,1,0,2,0,0,74,46,,64,64,0
256,0,123,cube,7,1,0,3,0,0,65,46,,64,64,0
256,0,124,cube,7,1,0,4,0,0,81,46,,64,64,0
256,0,125,cube,7,1,0,5,0,0,66,46,,64,64,0
256,0,126,cube,7,1,0,6,0,0,80,46,,64,64,0
256,0,127,cube,7,1,0,7,0,0,76,46,,64,64,0
256,0,304,cube,6,4,0,0,0,0,100,37,,55,55,0
256,0,305,cube,6,4,0,1,0,0,102,37,,55,55,0
256,0,306,cube,6,4,0,2,0,0,92,37,,55,55,0
256,0,307,cube,6,4,0,3,0,0,123,37,,55,55,0
256,0,308,cube,6,4,0,4,0,0,106,37,,55,55,0
256,0,309,cube,6,4,0,5,0,0,118,37,,55,55,0
256,0,310,cube,6,4,0,6,0,0,114,37,,55,55,0
256,0,311,cube,6,4,0,7,0,0,96,37,,55,55,0
256,0,336,cube,2,5,0,0,0,0,70,47,,65,65,0
256,0,337,cube,2,5,0,1,0,0,70,47,,65,65,0
256,0,338,cube,2,5,0,2,0,0,74,47,,65,65,0
256,0,339,cube,2,5,0,3,0,0,72,47,,65,65,0
256,0,340,cube,2,5,0,4,0,0,74,47,,65,65,0
256,0,341,cube,2,5,0,5,0,0,72,47,,65,65,0
256,0,342,cube,2,5,0,6,0,0,62,47,,65,65,0
256,0,343,cube,2,5,0,7,0,0,68,47,,65,65,0
256,0,368,cube,6,5,0,0,0,0,67,45,,64,64,1
256,0,369,cube,6,5,0,1,0,0,84,45,,64,64,1
256,0,370,cube,6,5,0,2,0,0,80,45,,64,64,1
256,0,371,cube,6,5,0,3,0,0,77,45,,64,64,1
256,0,372,cube,6,5,0,4,0,0,82,45,,64,64,1
256,0,373,cube,6,5,0,5,0,0,79,45,,64,64,1
256,0,374,cube,6,5,0,6,0,0,76,45,,64,64,1
256,0,375,cube,6,5,0,7,0,0,68,45,,64,64,1
256,0,616,cube,5,1,1,0,0,0,126,32,,50,50,0
256,0,617,cube,5,1,1,1,0,0,112,32,,50,50,0
256,0,618,cube,5,1,1,2,0,0,127,32,,50,50,0
256,0,619,cube,5,1,1,3,0,0,123,32,,50,50,0
256,0,620,cube,5,1,1,4,0,0,133,32,,50,50,0
256,0,621,cube,5,1,1,5,0,0,121,32,,50,50,0
256,0,622,cube,5,1,1,6,0,0,135,32,,50,50,0
256,0,623,cube,5,1,1,7,0,0,128,32,,50,50,0
256,0,984,cube,3,7,1,0,0,0,0,,,,,1
256,0,985,cube,3,7,1,1,0,0,0,,,,,1
256,0,986,cube,3,7,1,2,0,0,0,,,,,1
256,0,987,cube,3,7,1,3,0,0,0,,,,,1
256,0,988,cube,3,7,1,4,0,0,0,,,,,1
256,0,989,cube,3,7,1,5,0,0,0,,,,,1
256,0,990,cube,3,7,1,6,0,0,0,,,,,1
256,0,991,cube,3,7,1,7,0,0,0,,,,,1
256,0,1048,cube,3,0,2,0,0,0,50,50,,68,68,0
256,0,1049,cube,3,0,2,1,0,0,57,50,,68,68,0
256,0,1050,cube,3,0,2,2,0,0,63,50,,68,68,0
256,0,1051,cube,3,0,2,3,0,0,49,50,,68,68,0
256,0,1052,cube,3,0,2,4,0,0,58,50,,68,68,0
256,0,1053,cube,3,0,2,5,0,0,50,50,,68,68,0
256,0,1054,cube,3,0,2,6,0,0,56,50,,68,68,0
256,0,1055,cube,3,0,2,7,0,0,51,50,,68,68,0
256,0,1152,cube,0,2,2,0,0,0,97,38,,56,56,0
256,0,1153,cube,0,2,2,1,0,0,105,38,,56,56,0
256,0,1154,cube,0,2,2,2,0,0,107,38,,56,56,0
256,0,1155,cube,0,2,2,3,0,0,104,38,,56,56,0
256,0,1156,cube,0,2,2,4,0,0,101,38,,56,56,0
256,0,1157,cube,0,2,2,5,0,0,98,38,,56,56,0
256,0,1158,cube,0,2,2,6,0,0,119,38,,56,56,0
256,0,1159,cube,0,2,2,7,0,0,101,39,,56,56,0
256,0,1280,cube,0,4,2,0,0,0,120,36,,54,54,0
256,0,1281,cube,0,4,2,1,0,0,114,36,,54,54,0
256,0,1282,cube,0,4,2,2,0,0,106,36,,54,54,0
256,0,1283,cube,0,4,2,3,0,0,113,36,,54,54,0
256,0,1284,cube,0,4,2,4,0,0,110,36,,54,54,0
256,0,1285,cube,0,4,2,5,0,0,117,36,,54,54,0
256,0,1286,cube,0,4,2,6,0,0,112,36,,54,54,0
256,0,1287,cube,0,4,2,7,0,0,106,36,,54,54,0
256,0,1328,cube,6,4,2,0,0,0,49,51,,69,69,0
256,0,1329,cube,6,4,2,1,0,0,52,51,,69,69,0
256,0,1330,cube,6,4,2,2,0,0,51,51,,69,69,0
256,0,1331,cube,6,4,2,3,0,0,57,51,,69,69,0
256,0,1332,cube,6,4,2,4,0,0,59,51,,69,69,0
256,0,1333,cube,6,4,2,5,0,0,48,51,,69,69,0
256,0,1334,cube,6,4,2,6,0,0,45,51,,69,69,0
256,0,1335,cube,6,4,2,7,0,0,58,51,,69,69,0
256,0,1336,cube,7,4,2,0,0,0,48,51,,69,69,0
256,0,1337,cube,7,4,2,1,0,0,46,51,,69,69,0
256,0,1338,cube,7,4,2,2,0,0,48,51,,69,69,0
256,0,1339,cube,7,4,2,3,0,0,52,51,,69,69,0
256,0,1340,cube,7,4,2,4,0,0,47,51,,69,69,0
256,0,1341,cube,7,4,2,5,0,0,57,51,,69,69,0
256,0,1342,cube,7,4,2,6,0,0,55,51,,69,69,0
256,0,1343,cube,7,4,2,7,0,0,47,51,,69,69,0
256,0,1456,cube,6,6,2,0,0,0,0,,,82,82,1
256,0,1457,cube,6,6,2,1,0,0,0,,,82,82,1
256,0,1458,cube,6,6,2,2,0,0,0,,,82,82,1
256,0,1459,cube,6,6,2,3,0,0,0,,,82,82,1
256,0,1460,cube,6,6,2,4,0,0,0,,,82,82,1
256,0,1461,cube,6,6,2,5,0,0,0,,,82,82,1
256,0,1462,cube,6,6,2,6,0,0,0,,,82,82,1
256,0,1463,cube,6,6,2,7,0,0,0,,,82,82,1
256,0,2240,cube,0,3,4,0,0,0,13,61,,79,79,0
256,0,2241,cube,0,3,4,1,0,0,15,61,,79,79,0
256,0,2242,cube,0,3,4,2,0,0,12,61,,79,79,0
256,0,2243,cube,0,3,4,3,0,0,9,61,,79,79,0
256,0,2244,cube,0,3,4,4,0,0,7,62,,79,79,0
256,0,2245,cube,0,3,4,5,0,0,6,61,,79,79,0
256,0,2246,cube,0,3,4,6,0,0,9,61,,79,79,0
256,0,2247,cube,0,3,4,7,0,0,5,61,,79,79,0
256,0,2328,cube,3,4,4,0,0,0,0,,,,,1
256,0,2329,cube,3,4,4,1,0,0,0,,,,,1
256,0,2330,cube,3,4,4,2,0,0,0,,,,,1
256,0,2331,cube,3,4,4,3,0,0,0,,,,,1
256,0,2332,cube,3,4,4,4,0,0,0,,,,,1
256,0,2333,cube,3,4,4,5,0,0,0,,,,,1
256,0,2334,cube,3,4,4,6,0,0,0,,,,,1
256,0,2335,cube,3,4,4,7,0,0,0,,,,,1
256,0,2456,cube,3,6,4,0,0,0,0,,,,,1
256,0,2457,cube,3,6,4,1,0,0,0,,,,,1
256,0,2458,cube,3,6,4,2,0,0,0,,,,,1
256,0,2459,cube,3,6,4,3,0,0,0,,,,,1
256,0,2460,cube,3,6,4,4,0,0,0,,,,,1
256,0,2461,cube,3,6,4,5,0,0,0,,,,,1
256,0,2462,cube,3,6,4,6,0,0,0,,,,,1
256,0,2463,cube,3,6,4,7,0,0,0,,,,,1
256,0,2480,cube,6,6,4,0,0,0,29,57,,75,75,0
256,0,2481,cube,6,6,4,1,0,0,28,57,,75,75,0
256,0,2482,cube,6,6,4,2,0,0,30,57,,75,75,0
256,0,2483,cube,6,6,4,3,0,0,28,57,,75,75,0
256,0,2484,cube,6,6,4,4,0,0,25,57,,75,75,0
256,0,2485,cube,6,6,4,5,0,0,27,57,,75,75,0
256,0,2486,cube,6,6,4,6,0,0,27,57,,75,75,0
256,0,2487,cube,6,6,4,7,0,0,29,57,,75,75,0
256,0,3192,cube,7,1,6,0,0,0,0,,,,,1
256,0,3193,cube,7,1,6,1,0,0,0,,,,,1
256,0,3194,cube,7,1,6,2,0,0,0,,,,,1
256,0,3195,cube,7,1,6,3,0,0,0,,,,,1
256,0,3196,cube,7,1,6,4,0,0,0,,,,,1
256,0,3197,cube,7,1,6,5,0,0,0,,,,,1
256,0,3198,cube,7,1,6,6,0,0,0,,,,,1
256,0,3199,cube,7,1,6,7,0,0,0,,,,,1
256,0,3208,cube,1,2,6,0,0,0,100,41,,59,59,0
256,0,3209,cube,1,2,6,1,0,0,88,41,,59,59,0
256,0,3210,cube,1,2,6,2,0,0,92,41,,59,59,0
256,0,3211,cube,1,2,6,3,0,0,103,41,,59,59,0
256,0,3212,cube,1,2,6,4,0,0,87,41,,59,59,0
256,0,3213,cube,1,2,6,5,0,0,95,41,,59,59,0
256,0,3214,cube,1,2,6,6,0,0,88,41,,59,59,0
256,0,3215,cube,1,2,6,7,0,0,104,41,,59,59,0
256,0,3640,cube,7,0,7,0,0,0,21,60,,78,78,0
256,0,3641,cube,7,0,7,1,0,0,20,60,,78,78,0
256,0,3642,cube,7,0,7,2,0,0,19,60,,78,78,0
256,0,3643,cube,7,0,7,3,0,0,17,60,,78,78,0
256,0,3644,cube,7,0,7,4,0,0,14,60,,78,78,0
256,0,3645,cube,7,0,7,5,0,0,20,60,,78,78,0
256,0,3646,cube,7,0,7,6,0,0,11,60,,78,78,0
256,0,3647,cube,7,0,7,7,0,0,19,60,,78,78,0
256,0,3672,cube,3,1,7,0,0,0,116,36,,54,54,0
256,0,3673,cube,3,1,7,1,0,0,123,36,,54,54,0
256,0,3674,cube,3,1,7,2,0,0,110,36,,54,54,0
256,0,3675,cube,3,1,7,3,0,0,114,36,,54,54,0
256,0,3676,cube,3,1,7,4,0,0,117,36,,54,54,0
256,0,3677,cube,3,1,7,5,0,0,97,36,,54,54,0
256,0,3678,cube,3,1,7,6,0,0,125,36,,54,54,0
256,0,3679,cube,3,1,7,7,0,0,111,36,,54,54,0
256,0,4040,cube,1,7,7,0,0,0,0,,,,,1
256,0,4041,cube,1,7,7,1,0,0,0,,,,,1
256,0,4042,cube,1,7,7,2,0,0,0,,,,,1
256,0,4043,cube,1,7,7,3,0,0,0,,,,,1
256,0,4044,cube,1,7,7,4,0,0,0,,,,,1
256,0,4045,cube,1,7,7,5,0,0,0,,,,,1
256,0,4046,cube,1,7,7,6,0,0,0,,,,,1
256,0,4047,cube,1,7,7,7,0,0,0,,,,,1
256,1,48,cube,6,0,0,0,0,0,108,40,,58,58,0
256,1,49,cube,6,0,0,1,0,0,85,40,,58,58,0
256,1,50,cube,6,0,0,2,0,0,78,40,,58,58,0
256,1,51,cube,6,0,0,3,0,0,86,40,,58,58,0
256,1,52,cube,6,0,0,4,0,0,95,40,,58,58,0
256,1,53,cube,6,0,0,5,0,0,87,40,,58,58,0
256,1,54,cube,6,0,0,6,0,0,98,40,,58,58,0
256,1,55,cube,6,0,0,7,0,0,85,40,,58,58,0
256,1,288,cube,4,4,0,0,0,0,24,56,,74,74,0
256,1,289,cube,4,4,0,1,0,0,23,56,,74,74,0
256,1,290,cube,4,4,0,2,0,0,32,56,,74,74,0
256,1,291,cube,4,4,0,3,0,0,32,56,,74,74,0
256,1,292,cube,4,4,0,4,0,0,35,56,,74,74,0
256,1,293,cube,4,4,0,5,0,0,35,56,,74,74,0
256,1,294,cube,4,4,0,6,0,0,34,56,,74,74,0
256,1,295,cube,4,4,0,7,0,0,27,56,,74,74,0
256,1,432,cube,6,6,0,0,0,0,110,36,,54,54,0
256,1,433,cube,6,6,0,1,0,0,109,36,,54,54,0
256,1,434,cube,6,6,0,2,0,0,113,36,,54,54,0
256,1,435,cube,6,6,0,3,0,0,103,36,,54,54,0
256,1,436,cube,6,6,0,4,0,0,106,36,,54,54,0
256,1,437,cube,6,6,0,5,0,0,104,36,,54,54,0
256,1,438,cube,6,6,0,6,0,0,117,36,,54,54,0
256,1,439,cube,6,6,0,7,0,0,115,36,,54,54,0
256,1,912,cube,2,6,1,0,1,1,121,31,248,50,50,1
256,1,918,cube,2,6,1,6,1,1,117,31,254,50,50,1
256,1,919,cube,2,6,1,7,1,1,125,31,255,50,50,1
256,1,1052,cube,3,0,2,4,1,1,130,31,252,49,49,0
256,1,1536,cube,0,0,3,0,0,0,0,,,,,1
256,1,1537,cube,0,0,3,1,0,0,0,,,,,1
256,1,1538,cube,0,0,3,2,0,0,0,,,,,1
256,1,1539,cube,0,0,3,3,0,0,0,,,,,1
256,1,1540,cube,0,0,3,4,0,0,0,,,,,1
256,1,1541,cube,0,0,3,5,0,0,0,,,,,1
256,1,1542,cube,0,0,3,6,0,0,0,,,,,1
256,1,1543,cube,0,0,3,7,0,0,0,,,,,1
256,1,1592,cube,7,0,3,0,0,0,0,,,,,1
256,1,1593,cube,7,0,3,1,0,0,0,,,,,1
256,1,1594,cube,7,0,3,2,0,0,0,,,,,1
256,1,1595,cube,7,0,3,3,0,0,0,,,,,1
256,1,1596,cube,7,0,3,4,0,0,0,,,,,1
256,1,1597,cube,7,0,3,5,0,0,0,,,,,1
256,1,1598,cube,7,0,3,6,0,0,0,,,,,1
256,1,1599,cube,7,0,3,7,0,0,0,,,,,1
256,1,1672,cube,1,2,3,0,0,0,112,37,,55,55,0
256,1,1673,cube,1,2,3,1,0,0,107,37,,55,55,0
256,1,1674,cube,1,2,3,2,0,0,0,,,,,1
256,1,1675,cube,1,2,3,3,0,0,112,37,,55,55,0
256,1,1676,cube,1,2,3,4,0,0,124,37,,55,55,0
256,1,1677,cube,1,2,3,5,0,0,102,37,,55,55,0
256,1,1678,cube,1,2,3,6,0,0,108,37,,55,55,0
256,1,1679,cube,1,2,3,7,0,0,113,37,,55,55,0
256,1,1696,cube,4,2,3,0,0,0,36,56,,74,74,0
256,1,1697,cube,4,2,3,1,0,0,32,56,,74,74,0
256,1,1698,cube,4,2,3,2,0,0,27,56,,74,74,0
256,1,1699,cube,4,2,3,3,0,0,39,56,,74,74,0
256,1,1700,cube,4,2,3,4,0,0,32,56,,74,74,0
256,1,1701,cube,4,2,3,5,0,0,35,56,,74,74,0
256,1,1702,cube,4,2,3,6,0,0,28,56,,74,74,0
256,1,1703,cube,4,2,3,7,0,0,40,56,,74,74,0
256,1,1800,cube,1,4,3,0,0,0,75,42,,61,61,1
256,1,1801,cube,1,4,3,1,0,0,108,37,,55,55,0
256,1,1802,cube,1,4,3,2,0,0,90,42,,61,61,1
256,1,1803,cube,1,4,3,3,0,0,93,42,,61,61,1
256,1,1804,cube,1,4,3,4,0,0,104,37,,55,55,0
256,1,1805,cube,1,4,3,5,0,0,114,37,,55,55,0
256,1,1806,cube,1,4,3,6,0,0,94,42,,61,61,1
256,1,1807,cube,1,4,3,7,0,0,86,42,,61,61,1
256,1,1816,cube,3,4,3,0,0,0,113,38,,56,56,0
256,1,1817,cube,3,4,3,1,0,0,98,38,,56,56,0
256,1,1818,cube,3,4,3,2,0,0,105,38,,56,56,0
256,1,1819,cube,3,4,3,3,0,0,109,38,,56,56,0
256,1,1820,cube,3,4,3,4,0,0,100,38,,56,56,0
256,1,1821,cube,3,4,3,5,0,0,98,38,,56,56,0
256,1,1822,cube,3,4,3,6,0,0,103,38,,56,56,0
256,1,1823,cube,3,4,3,7,0,0,109,38,,56,56,0
256,1,1824,cube,4,4,3,0,0,0,99,38,,56,56,0
256,1,1825,cube,4,4,3,1,0,0,99,38,,56,56,0
256,1,1826,cube,4,4,3,2,0,0,113,38,,56,56,0
256,1,1827,cube,4,4,3,3,0,0,93,38,,56,56,0
256,1,1828,cube,4,4,3,4,0,0,100,38,,56,56,0
256,1,1829,cube,4,4,3,5,0,0,98,38,,56,56,0
256,1,1830,cube,4,4,3,6,0,0,97,38,,56,56,0
256,1,1831,cube,4,4,3,7,0,0,98,38,,56,56,0
256,1,1872,cube,2,5,3,0,0,0,103,38,,56,56,0
256,1,1873,cube,2,5,3,1,0,0,101,38,,56,56,0
256,1,1874,cube,2,5,3,2,0,0,101,38,,56,56,0
256,1,1875,cube,2,5,3,3,0,0,104,38,,56,56,0
256,1,1876,cube,2,5,3,4,0,0,115,38,,56,56,0
256,1,1877,cube,2,5,3,5,0,0,93,38,,56,56,0
256,1,1878,cube,2,5,3,6,0,0,112,38,,56,56,0
256,1,1879,cube,2,5,3,7,0,0,94,38,,56,56,0
256,1,2104,cube,7,0,4,0,0,0,19,59,,77,77,0
256,1,2105,cube,7,0,4,1,0,0,25,59,,77,77,0
256,1,2106,cube,7,0,4,2,0,0,14,59,,77,77,0
256,1,2107,cube,7,0,4,3,0,0,20,59,,77,77,0
256,1,2108,cube,7,0,4,4,0,0,18,59,,77,77,0
256,1,2109,cube,7,0,4,5,0,0,23,59,,77,77,0
256,1,2110,cube,7,0,4,6,0,0,24,59,,77,77,0
256,1,2111,cube,7,0,4,7,0,0,17,59,,77,77,0
256,1,2560,cube,0,0,5,0,0,0,0,,,,,1
256,1,2561,cube,0,0,5,1,0,0,0,,,,,1
256,1,2562,cube,0,0,5,2,0,0,0,,,,,1
256,1,2563,cube,0,0,5,3,0,0,0,,,,,1
256,1,2564,cube,0,0,5,4,0,0,0,,,,,1
256,1,2565,cube,0,0,5,5,0,0,0,,,,,1
256,1,2566,cube,0,0,5,6,0,0,0,,,,,1
256,1,2567,cube,0,0,5,7,0,0,0,,,,,1
256,1,2696,cube,1,2,5,0,0,0,5,63,,81,81,0
256,1,2697,cube,1,2,5,1,0,0,3,63,,81,81,0
256,1,2698,cube,1,2,5,2,0,0,4,63,,81,81,0
256,1,2699,cube,1,2,5,3,0,0,6,63,,81,81,0
256,1,2700,cube,1,2,5,4,0,0,1,63,,81,81,0
256,1,2701,cube,1,2,5,5,0,0,5,63,,81,81,0
256,1,2702,cube,1,2,5,6,0,0,4,63,,81,81,0
256,1,2703,cube,1,2,5,7,0,0,2,63,,81,81,0
256,1,2744,cube,7,2,5,0,0,0,61,49,,67,67,0
256,1,2745,cube,7,2,5,1,0,0,55,49,,67,67,0
256,1,2746,cube,7,2,5,2,0,0,56,49,,67,67,0
256,1,2747,cube,7,2,5,3,0,0,66,49,,67,67,0
256,1,2748,cube,7,2,5,4,0,0,57,49,,67,67,0
256,1,2749,cube,7,2,5,5,0,0,63,49,,67,67,0
256,1,2750,cube,7,2,5,6,0,0,69,49,,67,67,0
256,1,2751,cube,7,2,5,7,0,0,58,49,,67,67,0
256,1,2848,cube,4,4,5,0,0,0,0,,,,,1
256,1,2849,cube,4,4,5,1,0,0,0,,,,,1
256,1,2850,cube,4,4,5,2,0,0,0,,,,,1
256,1,2851,cube,4,4,5,3,0,0,0,,,,,1
256,1,2852,cube,4,4,5,4,0,0,0,,,,,1
256,1,2853,cube,4,4,5,5,0,0,0,,,,,1
256,1,2854,cube,4,4,5,6,0,0,0,,,,,1
256,1,2855,cube,4,4,5,7,0,0,0,,,,,1
256,1,2952,cube,1,6,5,0,0,0,117,35,,54,54,1
256,1,2953,cube,1,6,5,1,0,0,125,35,,54,54,1
256,1,2954,cube,1,6,5,2,0,0,118,35,,54,54,1
256,1,2955,cube,1,6,5,3,0,0,116,35,,54,54,1
256,1,2956,cube,1,6,5,4,0,0,120,35,,54,54,1
256,1,2957,cube,1,6,5,5,0,0,123,35,,54,54,1
256,1,2958,cube,1,6,5,6,0,0,100,35,,54,54,1
256,1,2959,cube,1,6,5,7,0,0,122,35,,54,54,1
256,1,3224,cube,3,2,6,0,0,0,0,,,,,1
256,1,3225,cube,3,2,6,1,0,0,0,,,,,1
256,1,3226,cube,3,2,6,2,0,0,0,,,,,1
256,1,3227,cube,3,2,6,3,0,0,0,,,,,1
256,1,3228,cube,3,2,6,4,0,0,0,,,,,1
256,1,3229,cube,3,2,6,5,0,0,0,,,,,1
256,1,3230,cube,3,2,6,6,0,0,0,,,,,1
256,1,3231,cube,3,2,6,7,0,0,0,,,,,1
256,1,3328,cube,0,4,6,0,0,0,11,61,,79,79,0
256,1,3329,cube,0,4,6,1,0,0,11,61,,79,79,0
256,1,3330,cube,0,4,6,2,0,0,13,61,,79,79,0
256,1,3331,cube,0,4,6,3,0,0,11,61,,79,79,0
256,1,3332,cube,0,4,6,4,0,0,13,61,,79,79,0
256,1,3333,cube,0,4,6,5,0,0,11,61,,79,79,0
256,1,3334,cube,0,4,6,6,0,0,15,61,,79,79,0
256,1,3335,cube,0,4,6,7,0,0,10,61,,79,79,0
256,1,3384,cube,7,4,6,0,0,0,32,57,,75,75,0
256,1,3385,cube,7,4,6,1,0,0,29,57,,75,75,0
256,1,3386,cube,7,4,6,2,0,0,28,57,,75,75,0
256,1,3387,cube,7,4,6,3,0,0,25,57,,75,75,0
256,1,3388,cube,7,4,6,4,0,0,27,57,,75,75,0
256,1,3389,cube,7,4,6,5,0,0,28,57,,75,75,0
256,1,3390,cube,7,4,6,6,0,0,29,57,,75,75,0
256,1,3391,cube,7,4,6,7,0,0,24,57,,75,75,0
256,1,3480,cube,3,6,6,0,0,0,4,63,,81,81,0
256,1,3481,cube,3,6,6,1,0,0,5,63,,81,81,0
256,1,3482,cube,3,6,6,2,0,0,3,63,,81,81,0
256,1,3483,cube,3,6,6,3,0,0,5,63,,81,81,0
256,1,3484,cube,3,6,6,4,0,0,5,63,,81,81,0
256,1,3485,cube,3,6,6,5,0,0,2,63,,81,81,0
256,1,3486,cube,3,6,6,6,0,0,6,63,,81,81,0
256,1,3487,cube,3,6,6,7,0,0,5,63,,81,81,0
256,1,3648,cube,0,1,7,0,0,0,106,41,,59,59,0
256,1,3649,cube,0,1,7,1,0,0,96,41,,59,59,0
256,1,3650,cube,0,1,7,2,0,0,83,41,,59,59,0
256,1,3651,cube,0,1,7,3,0,0,94,41,,59,59,0
256,1,3652,cube,0,1,7,4,0,0,95,41,,59,59,0
256,1,3653,cube,0,1,7,5,0,0,101,41,,59,59,0
256,1,3654,cube,0,1,7,6,0,0,83,41,,59,59,0
256,1,3655,cube,0,1,7,7,0,0,96,41,,59,59,0
256,1,3712,cube,0,2,7,0,0,0,77,48,,66,66,0
256,1,3713,cube,0,2,7,1,0,0,58,48,,66,66,0
256,1,3714,cube,0,2,7,2,0,0,66,48,,66,66,0
256,1,3715,cube,0,2,7,3,0,0,57,48,,66,66,0
256,1,3716,cube,0,2,7,4,0,0,64,48,,66,66,0
256,1,3717,cube,0,2,7,5,0,0,62,48,,66,66,0
256,1,3718,cube,0,2,7,6,0,0,60,48,,66,66,0
256,1,3719,cube,0,2,7,7,0,0,61,48,,66,66,0
256,1,3840,cube,0,4,7,0,0,0,0,,,,,1
256,1,3841,cube,0,4,7,1,0,0,0,,,,,1
256,1,3842,cube,0,4,7,2,0,0,0,,,,,1
256,1,3843,cube,0,4,7,3,0,0,0,,,,,1
256,1,3844,cube,0,4,7,4,0,0,0,,,,,1
256,1,3845,cube,0,4,7,5,0,0,0,,,,,1
256,1,3846,cube,0,4,7,6,0,0,0,,,,,1
256,1,3847,cube,0,4,7,7,0,0,0,,,,,1
256,1,4008,cube,5,6,7,0,0,0,0,,,,,1
256,1,4009,cube,5,6,7,1,0,0,0,,,,,1
256,1,4010,cube,5,6,7,2,0,0,0,,,,,1
256,1,4011,cube,5,6,7,3,0,0,0,,,,,1
256,1,4012,cube,5,6,7,4,0,0,0,,,,,1
256,1,4013,cube,5,6,7,5,0,0,0,,,,,1
256,1,4014,cube,5,6,7,6,0,0,0,,,,,1
256,1,4015,cube,5,6,7,7,0,0,0,,,,,1
256,2,192,cube,0,3,0,0,0,0,123,33,,51,51,0
256,2,193,cube,0,3,0,1,0,0,116,33,,51,51,0
256,2,194,cube,0,3,0,2,0,0,120,33,,51,51,0
256,2,195,cube,0,3,0,3,0,0,121,33,,51,51,0
256,2,196,cube,0,3,0,4,0,0,126,33,,51,51,0
256,2,197,cube,0,3,0,5,0,0,128,33,,51,51,0
256,2,198,cube,0,3,0,6,0,0,131,33,,51,51,0
256,2,199,cube,0,3,0,7,0,0,123,33,,51,51,0
256,2,440,cube,7,6,0,0,0,0,0,,,,,1
256,2,441,cube,7,6,0,1,0,0,0,,,,,1
256,2,442,cube,7,6,0,2,0,0,0,,,,,1
256,2,443,cube,7,6,0,3,0,0,0,,,,,1
256,2,444,cube,7,6,0,4,0,0,0,,,,,1
256,2,445,cube,7,6,0,5,0,0,0,,,,,1
256,2,446,cube,7,6,0,6,0,0,0,,,,,1
256,2,447,cube,7,6,0,7,0,0,0,,,,,1
256,2,656,cube,2,2,1,0,0,0,124,37,,55,55,0
256,2,657,cube,2,2,1,1,0,0,107,37,,55,55,0
256,2,658,cube,2,2,1,2,0,0,96,37,,55,55,0
256,2,659,cube,2,2,1,3,0,0,99,37,,55,55,0
256,2,660,cube,2,2,1,4,0,0,109,37,,55,55,0
256,2,661,cube,2,2,1,5,0,0,116,37,,55,55,0
256,2,662,cube,2,2,1,6,0,0,103,37,,55,55,0
256,2,663,cube,2,2,1,7,0,0,112,37,,55,55,0
256,2,664,cube,3,2,1,0,0,0,101,37,,55,55,0
256,2,665,cube,3,2,1,1,0,0,114,37,,55,55,0
256,2,666,cube,3,2,1,2,0,0,117,37,,55,55,0
256,2,667,cube,3,2,1,3,0,0,112,37,,55,55,0
256,2,668,cube,3,2,1,4,0,0,117,37,,55,55,0
256,2,669,cube,3,2,1,5,0,0,114,37,,55,55,0
256,2,670,cube,3,2,1,6,0,0,107,37,,55,55,0
256,2,671,cube,3,2,1,7,0,0,107,37,,55,55,0
256,2,1104,cube,2,1,2,0,0,0,0,,,,,1
256,2,1105,cube,2,1,2,1,0,0,0,,,,,1
256,2,1106,cube,2,1,2,2,0,0,0,,,,,1
256,2,1107,cube,2,1,2,3,0,0,0,,,,,1
256,2,1108,cube,2,1,2,4,0,0,0,,,,,1
256,2,1109,cube,2,1,2,5,0,0,0,,,,,1
256,2,1110,cube,2,1,2,6,0,0,0,,,,,1
256,2,1111,cube,2,1,2,7,0,0,0,,,,,1
256,2,1162,cube,1,2,2,2,0,0,59,48,,66,66,0
256,2,1360,cube,2,5,2,0,0,0,0,,,,,1
256,2,1361,cube,2,5,2,1,0,0,0,,,,,1
256,2,1362,cube,2,5,2,2,0,0,0,,,,,1
256,2,1363,cube,2,5,2,3,0,0,0,,,,,1
256,2,1364,cube,2,5,2,4,0,0,0,,,,,1
256,2,1365,cube,2,5,2,5,0,0,0,,,,,1
256,2,1366,cube,2,5,2,6,0,0,0,,,,,1
256,2,1367,cube,2,5,2,7,0,0,0,,,,,1
256,2,1368,cube,3,5,2,0,0,0,15,61,,79,79,0
256,2,1369,cube,3,5,2,1,0,0,16,61,,79,79,0
256,2,1370,cube,3,5,2,2,0,0,12,61,,79,79,0
256,2,1371,cube,3,5,2,3,0,0,13,61,,79,79,0
256,2,1372,cube,3,5,2,4,0,0,12,61,,79,79,0
256,2,1373,cube,3,5,2,5,0,0,11,61,,79,79,0
256,2,1374,cube,3,5,2,6,0,0,12,61,,79,79,0
256,2,1375,cube,3,5,2,7,0,0,10,61,,79,79,0
256,2,1480,cube,1,7,2,0,0,0,0,,,,,1
256,2,1481,cube,1,7,2,1,0,0,0,,,,,1
256,2,1482,cube,1,7,2,2,0,0,0,,,,,1
256,2,1483,cube,1,7,2,3,0,0,0,,,,,1
256,2,1484,cube,1,7,2,4,0,0,0,,,,,1
256,2,1485,cube,1,7,2,5,0,0,0,,,,,1
256,2,1486,cube,1,7,2,6,0,0,0,,,,,1
256,2,1487,cube,1,7,2,7,0,0,0,,,,,1
256,2,1523,cube,6,7,2,3,0,0,0,,,,,1
256,2,1524,cube,6,7,2,4,0,0,0,,,,,1
256,2,1722,cube,7,2,3,2,0,0,99,40,,58,58,0
256,2,1724,cube,7,2,3,4,0,0,81,41,,58,58,0
256,2,1896,cube,5,5,3,0,0,0,39,54,,72,72,0
256,2,1897,cube,5,5,3,1,0,0,42,54,,72,72,0
256,2,1898,cube,5,5,3,2,0,0,35,54,,72,72,0
256,2,1899,cube,5,5,3,3,0,0,44,54,,72,72,0
256,2,1900,cube,5,5,3,4,0,0,45,54,,72,72,0
256,2,1901,cube,5,5,3,5,0,0,34,54,,72,72,0
256,2,1902,cube,5,5,3,6,0,0,36,54,,72,72,0
256,2,1903,cube,5,5,3,7,0,0,40,54,,72,72,0
256,2,2024,cube,5,7,3,0,0,0,41,54,,72,72,0
256,2,2025,cube,5,7,3,1,0,0,42,54,,72,72,0
256,2,2026,cube,5,7,3,2,0,0,43,54,,72,72,0
256,2,2027,cube,5,7,3,3,0,0,35,54,,72,72,0
256,2,2028,cube,5,7,3,4,0,0,43,54,,72,72,0
256,2,2029,cube,5,7,3,5,0,0,42,54,,72,72,0
256,2,2030,cube,5,7,3,6,0,0,37,54,,72,72,0
256,2,2031,cube,5,7,3,7,0,0,37,54,,72,72,0
256,2,2056,cube,1,0,4,0,0,0,94,40,,58,58,0
256,2,2057,cube,1,0,4,1,0,0,94,40,,58,58,0
256,2,2058,cube,1,0,4,2,0,0,88,40,,58,58,0
256,2,2059,cube,1,0,4,3,0,0,94,40,,58,58,0
256,2,2060,cube,1,0,4,4,0,0,90,40,,58,58,0
256,2,2061,cube,1,0,4,5,0,0,102,40,,58,58,0
256,2,2062,cube,1,0,4,6,0,0,98,40,,58,58,0
256,2,2063,cube,1,0,4,7,0,0,107,40,,58,58,0
256,2,2096,cube,6,0,4,0,0,0,126,35,,53,53,0
256,2,2097,cube,6,0,4,1,0,0,113,35,,53,53,0
256,2,2098,cube,6,0,4,2,0,0,114,35,,53,53,0
256,2,2099,cube,6,0,4,3,0,0,122,35,,53,53,0
256,2,2100,cube,6,0,4,4,0,0,117,35,,53,53,0
256,2,2101,cube,6,0,4,5,0,0,114,35,,53,53,0
256,2,2102,cube,6,0,4,6,0,0,128,35,,53,53,0
256,2,2103,cube,6,0,4,7,0,0,109,35,,53,53,0
256,2,2160,cube,6,1,4,0,0,0,113,34,,53,53,1
256,2,2161,cube,6,1,4,1,0,0,111,34,,53,53,1
256,2,2162,cube,6,1,4,2,0,0,121,34,,53,53,1
256,2,2163,cube,6,1,4,3,0,0,119,34,,53,53,1
256,2,2164,cube,6,1,4,4,0,0,112,34,,53,53,1
256,2,2165,cube,6,1,4,5,0,0,109,34,,53,53,1
256,2,2166,cube,6,1,4,6,0,0,139,34,,53,53,1
256,2,2167,cube,6,1,4,7,0,0,115,34,,53,53,1
256,2,2800,cube,6,3,5,0,0,0,107,33,,51,51,0
256,2,2801,cube,6,3,5,1,0,0,123,33,,51,51,0
256,2,2802,cube,6,3,5,2,0,0,133,33,,51,51,0
256,2,2803,cube,6,3,5,3,0,0,147,33,,51,51,0
256,2,2804,cube,6,3,5,4,0,0,120,33,,51,51,0
256,2,2805,cube,6,3,5,5,0,0,118,33,,51,51,0
256,2,2806,cube,6,3,5,6,0,0,136,33,,51,51,0
256,2,2807,cube,6,3,5,7,0,0,119,33,,51,51,0
256,2,3272,cube,1,3,6,0,0,0,31,57,,75,75,0
256,2,3273,cube,1,3,6,1,0,0,20,57,,75,75,0
256,2,3274,cube,1,3,6,2,0,0,26,57,,75,75,0
256,2,3275,cube,1,3,6,3,0,0,25,57,,75,75,0
256,2,3276,cube,1,3,6,4,0,0,29,57,,75,75,0
256,2,3277,cube,1,3,6,5,0,0,25,57,,75,75,0
256,2,3278,cube,1,3,6,6,0,0,31,57,,75,75,0
256,2,3279,cube,1,3,6,7,0,0,30,57,,75,75,0
256,2,3280,cube,2,3,6,0,0,0,0,,,,,1
256,2,3281,cube,2,3,6,1,0,0,0,,,,,1
256,2,3282,cube,2,3,6,2,0,0,0,,,,,1
256,2,3283,cube,2,3,6,3,0,0,0,,,,,1
256,2,3284,cube,2,3,6,4,0,0,0,,,,,1
256,2,3285,cube,2,3,6,5,0,0,0,,,,,1
256,2,3286,cube,2,3,6,6,0,0,0,,,,,1
256,2,3287,cube,2,3,6,7,0,0,0,,,,,1
256,2,3728,cube,2,2,7,0,0,0,47,52,,71,71,1
256,2,3729,cube,2,2,7,1,0,0,39,52,,71,71,1
256,2,3730,cube,2,2,7,2,0,0,52,52,,71,71,1
256,2,3731,cube,2,2,7,3,0,0,41,52,,71,71,1
256,2,3732,cube,2,2,7,4,0,0,54,52,,71,71,1
256,2,3733,cube,2,2,7,5,0,0,43,52,,71,71,1
256,2,3734,cube,2,2,7,6,0,0,41,52,,71,71,1
256,2,3735,cube,2,2,7,7,0,0,44,52,,71,71,1
256,2,3744,cube,4,2,7,0,0,0,0,,,,,1
256,2,3745,cube,4,2,7,1,0,0,0,,,,,1
256,2,3746,cube,4,2,7,2,0,0,0,,,,,1
256,2,3747,cube,4,2,7,3,0,0,0,,,,,1
256,2,3748,cube,4,2,7,4,0,0,0,,,,,1
256,2,3749,cube,4,2,7,5,0,0,0,,,,,1
256,2,3750,cube,4,2,7,6,0,0,0,,,,,1
256,2,3751,cube,4,2,7,7,0,0,0,,,,,1
256,2,3824,cube,6,3,7,0,0,0,117,32,,50,50,0
256,2,3825,cube,6,3,7,1,0,0,132,32,,50,50,0
256,2,3826,cube,6,3,7,2,0,0,129,32,,50,50,0
256,2,3827,cube,6,3,7,3,0,0,122,32,,50,50,0
256,2,3828,cube,6,3,7,4,0,0,124,32,,50,50,0
256,2,3829,cube,6,3,7,5,0,0,126,32,,50,50,0
256,2,3830,cube,6,3,7,6,0,0,128,32,,50,50,0
256,2,3831,cube,6,3,7,7,0,0,129,32,,50,50,0
256,3,288,cube,4,4,0,0,0,0,0,,,,,1
256,3,289,cube,4,4,0,1,0,0,0,,,,,1
256,3,290,cube,4,4,0,2,0,0,0,,,,,1
256,3,291,cube,4,4,0,3,0,0,0,,,,,1
256,3,292,cube,4,4,0,4,0,0,0,,,,,1
256,3,293,cube,4,4,0,5,0,0,0,,,,,1
256,3,294,cube,4,4,0,6,0,0,0,,,,,1
256,3,295,cube,4,4,0,7,0,0,0,,,,,1
256,3,864,cube,4,5,1,0,0,0,21,58,,76,76,0
256,3,865,cube,4,5,1,1,0,0,28,58,,76,76,0
256,3,866,cube,4,5,1,2,0,0,29,58,,76,76,0
256,3,867,cube,4,5,1,3,0,0,23,58,,76,76,0
256,3,868,cube,4,5,1,4,0,0,21,58,,76,76,0
256,3,869,cube,4,5,1,5,0,0,31,58,,76,76,0
256,3,870,cube,4,5,1,6,0,0,27,58,,76,76,0
256,3,871,cube,4,5,1,7,0,0,29,58,,76,76,0
256,3,928,cube,4,6,1,0,0,0,111,35,,53,53,0
256,3,929,cube,4,6,1,1,0,0,119,35,,53,53,0
256,3,930,cube,4,6,1,2,0,0,107,35,,53,53,0
256,3,931,cube,4,6,1,3,0,0,117,35,,53,53,0
256,3,932,cube,4,6,1,4,0,0,121,35,,53,53,0
256,3,933,cube,4,6,1,5,0,0,114,35,,53,53,0
256,3,934,cube,4,6,1,6,0,0,124,35,,53,53,0
256,3,935,cube,4,6,1,7,0,0,133,35,,53,53,0
256,3,1352,cube,1,5,2,0,0,0,55,51,,69,69,0
256,3,1353,cube,1,5,2,1,0,0,47,51,,69,69,0
256,3,1354,cube,1,5,2,2,0,0,47,51,,69,69,0
256,3,1355,cube,1,5,2,3,0,0,61,51,,69,69,0
256,3,1356,cube,1,5,2,4,0,0,60,51,,69,69,0
256,3,1357,cube,1,5,2,5,0,0,49,51,,69,69,0
256,3,1358,cube,1,5,2,6,0,0,55,51,,69,69,0
256,3,1359,cube,1,5,2,7,0,0,52,51,,69,69,0
256,3,1544,cube,1,0,3,0,0,0,112,34,,52,52,0
256,3,1545,cube,1,0,3,1,0,0,126,34,,52,52,0
256,3,1546,cube,1,0,3,2,0,0,113,34,,52,52,0
256,3,1547,cube,1,0,3,3,0,0,125,34,,52,52,0
256,3,1548,cube,1,0,3,4,0,0,130,34,,52,52,0
256,3,1549,cube,1,0,3,5,0,0,122,34,,52,52,0
256,3,1550,cube,1,0,3,6,0,0,123,34,,52,52,0
256,3,1551,cube,1,0,3,7,0,0,125,34,,52,52,0
256,3,1864,cube,1,5,3,0,0,0,84,43,,61,61,0
256,3,1865,cube,1,5,3,1,0,0,79,43,,61,61,0
256,3,1866,cube,1,5,3,2,0,0,82,43,,61,61,0
256,3,1867,cube,1,5,3,3,0,0,81,43,,61,61,0
256,3,1868,cube,1,5,3,4,0,0,92,43,,61,61,0
256,3,1869,cube,1,5,3,5,0,0,80,43,,61,61,0
256,3,1870,cube,1,5,3,6,0,0,77,43,,61,61,0
256,3,1871,cube,1,5,3,7,0,0,75,43,,61,61,0
256,3,1952,cube,4,6,3,0,0,0,112,36,,55,55,1
256,3,1953,cube,4,6,3,1,0,0,105,36,,55,55,1
256,3,1954,cube,4,6,3,2,0,0,106,36,,55,55,1
256,3,1955,cube,4,6,3,3,0,0,122,36,,55,55,1
256,3,1956,cube,4,6,3,4,0,0,117,36,,55,55,1
256,3,1957,cube,4,6,3,5,0,0,115,36,,55,55,1
256,3,1958,cube,4,6,3,6,0,0,106,36,,55,55,1
256,3,1959,cube,4,6,3,7,0,0,115,36,,55,55,1
256,3,2056,cube,1,0,4,0,0,0,124,33,,51,51,0
256,3,2057,cube,1,0,4,1,0,0,126,33,,51,51,0
256,3,2058,cube,1,0,4,2,0,0,116,33,,51,51,0
256,3,2059,cube,1,0,4,3,0,0,123,33,,51,51,0
256,3,2060,cube,1,0,4,4,0,0,129,33,,51,51,0
256,3,2061,cube,1,0,4,5,0,0,131,33,,51,51,0
256,3,2062,cube,1,0,4,6,0,0,120,33,,51,51,0
256,3,2063,cube,1,0,4,7,0,0,117,33,,51,51,0
256,3,2464,cube,4,6,4,0,0,0,142,32,,50,50,0
256,3,2465,cube,4,6,4,1,0,0,133,32,,50,50,0
256,3,2466,cube,4,6,4,2,0,0,125,32,,50,50,0
256,3,2467,cube,4,6,4,3,0,0,129,32,,50,50,0
256,3,2468,cube,4,6,4,4,0,0,126,32,,50,50,0
256,3,2469,cube,4,6,4,5,0,0,113,32,,50,50,0
256,3,2470,cube,4,6,4,6,0,0,114,32,,50,50,0
256,3,2471,cube,4,6,4,7,0,0,131,32,,50,50,0
256,3,2784,cube,4,3,5,0,0,0,0,,,,,1
256,3,2785,cube,4,3,5,1,0,0,0,,,,,1
256,3,2786,cube,4,3,5,2,0,0,0,,,,,1
256,3,2787,cube,4,3,5,3,0,0,0,,,,,1
256,3,2788,cube,4,3,5,4,0,0,0,,,,,1
256,3,2789,cube,4,3,5,5,0,0,0,,,,,1
256,3,2790,cube,4,3,5,6,0,0,0,,,,,1
256,3,2791,cube,4,3,5,7,0,0,0,,,,,1
256,3,2944,cube,0,6,5,0,0,0,44,53,,71,71,0
256,3,2945,cube,0,6,5,1,0,0,43,53,,71,71,0
256,3,2946,cube,0,6,5,2,0,0,52,53,,71,71,0
256,3,2947,cube,0,6,5,3,0,0,39,53,,71,71,0
256,3,2948,cube,0,6,5,4,0,0,51,53,,71,71,0
256,3,2949,cube,0,6,5,5,0,0,45,53,,71,71,0
256,3,2950,cube,0,6,5,6,0,0,40,53,,71,71,0
256,3,2951,cube,0,6,5,7,0,0,32,53,,71,71,0
256,3,2976,cube,4,6,5,0,0,0,0,,,,,1
256,3,2977,cube,4,6,5,1,0,0,0,,,,,1
256,3,2978,cube,4,6,5,2,0,0,0,,,,,1
256,3,2979,cube,4,6,5,3,0,0,0,,,,,1
256,3,2980,cube,4,6,5,4,0,0,0,,,,,1
256,3,2981,cube,4,6,5,5,0,0,0,,,,,1
256,3,2982,cube,4,6,5,6,0,0,0,,,,,1
256,3,2983,cube,4,6,5,7,0,0,0,,,,,1
256,3,2992,cube,6,6,5,0,0,0,110,37,,56,56,1
256,3,2993,cube,6,6,5,1,0,0,106,37,,56,56,1
256,3,2994,cube,6,6,5,2,0,0,106,37,,56,56,1
256,3,2995,cube,6,6,5,3,0,0,115,37,,56,56,1
256,3,2996,cube,6,6,5,4,0,0,107,37,,56,56,1
256,3,2997,cube,6,6,5,5,0,0,112,37,,56,56,1
256,3,2998,cube,6,6,5,6,0,0,103,37,,56,56,1
256,3,2999,cube,6,6,5,7,0,0,95,37,,56,56,1
256,3,3392,cube,0,5,6,0,0,0,115,33,,52,52,1
256,3,3393,cube,0,5,6,1,0,0,122,33,,52,52,1
256,3,3394,cube,0,5,6,2,0,0,121,33,,52,52,1
256,3,3395,cube,0,5,6,3,0,0,113,33,,52,52,1
256,3,3396,cube,0,5,6,4,0,0,132,33,,52,52,1
256,3,3397,cube,0,5,6,5,0,0,119,33,,52,52,1
256,3,3398,cube,0,5,6,6,0,0,127,33,,52,52,1
256,3,3399,cube,0,5,6,7,0,0,109,33,,52,52,1
256,3,3432,cube,5,5,6,0,0,0,0,,,,,1
256,3,3433,cube,5,5,6,1,0,0,0,,,,,1
256,3,3434,cube,5,5,6,2,0,0,0,,,,,1
256,3,3435,cube,5,5,6,3,0,0,0,,,,,1
256,3,3436,cube,5,5,6,4,0,0,0,,,,,1
256,3,3437,cube,5,5,6,5,0,0,0,,,,,1
256,3,3438,cube,5,5,6,6,0,0,0,,,,,1
256,3,3439,cube,5,5,6,7,0,0,0,,,,,1
256,3,3440,cube,6,5,6,0,0,0,65,46,,64,64,0
256,3,3441,cube,6,5,6,1,0,0,74,46,,64,64,0
256,3,3442,cube,6,5,6,2,0,0,68,46,,64,64,0
256,3,3443,cube,6,5,6,3,0,0,67,46,,64,64,0
256,3,3444,cube,6,5,6,4,0,0,65,46,,64,64,0
256,3,3445,cube,6,5,6,5,0,0,80,46,,64,64,0
256,3,3446,cube,6,5,6,6,0,0,73,46,,64,64,0
256,3,3447,cube,6,5,6,7,0,0,71,46,,64,64,0
256,3,3592,cube,1,0,7,0,0,0,92,42,,60,60,0
256,3,3593,cube,1,0,7,1,0,0,90,42,,60,60,0
256,3,3594,cube,1,0,7,2,0,0,82,42,,60,60,0
256,3,3595,cube,1,0,7,3,0,0,90,42,,60,60,0
256,3,3596,cube,1,0,7,4,0,0,94,42,,60,60,0
256,3,3597,cube,1,0,7,5,0,0,96,42,,60,60,0
256,3,3598,cube,1,0,7,6,0,0,79,42,,60,60,0
256,3,3599,cube,1,0,7,7,0,0,87,42,,60,60,0
256,3,3600,cube,2,0,7,0,0,0,0,,,,,1
256,3,3601,cube,2,0,7,1,0,0,0,,,,,1
256,3,3602,cube,2,0,7,2,0,0,0,,,,,1
256,3,3603,cube,2,0,7,3,0,0,0,,,,,1
256,3,3604,cube,2,0,7,4,0,0,0,,,,,1
256,3,3605,cube,2,0,7,5,0,0,0,,,,,1
256,3,3606,cube,2,0,7,6,0,0,0,,,,,1
256,3,3607,cube,2,0,7,7,0,0,0,,,,,1
256,3,3656,cube,1,1,7,0,0,0,71,45,,63,63,0
256,3,3657,cube,1,1,7,1,0,0,78,45,,63,63,0
256,3,3658,cube,1,1,7,2,0,0,79,45,,63,63,0
256,3,3659,cube,1,1,7,3,0,0,81,45,,63,63,0
256,3,3660,cube,1,1,7,4,0,0,80,45,,63,63,0
256,3,3661,cube,1,1,7,5,0,0,70,45,,63,63,0
256,3,3662,cube,1,1,7,6,0,0,72,45,,63,63,0
256,3,3663,cube,1,1,7,7,0,0,79,45,,63,63,0
256,3,3672,cube,3,1,7,0,0,0,32,55,,73,73,0
256,3,3673,cube,3,1,7,1,0,0,35,55,,73,73,0
256,3,3674,cube,3,1,7,2,0,0,33,55,,73,73,0
256,3,3675,cube,3,1,7,3,0,0,43,55,,73,73,0
256,3,3676,cube,3,1,7,4,0,0,34,55,,73,73,0
256,3,3677,cube,3,1,7,5,0,0,30,55,,73,73,0
256,3,3678,cube,3,1,7,6,0,0,37,55,,73,73,0
256,3,3679,cube,3,1,7,7,0,0,35,55,,73,73,0
256,3,3800,cube,3,3,7,0,0,0,0,,,,,1
256,3,3801,cube,3,3,7,1,0,0,0,,,,,1
256,3,3802,cube,3,3,7,2,0,0,0,,,,,1
256,3,3803,cube,3,3,7,3,0,0,0,,,,,1
256,3,3804,cube,3,3,7,4,0,0,0,,,,,1
256,3,3805,cube,3,3,7,5,0,0,0,,,,,1
256,3,3806,cube,3,3,7,6,0,0,0,,,,,1
256,3,3807,cube,3,3,7,7,0,0,0,,,,,1
256,3,3816,cube,5,3,7,0,0,0,86,41,,59,59,0
256,3,3817,cube,5,3,7,1,0,0,92,41,,59,59,0
256,3,3818,cube,5,3,7,2,0,0,93,41,,59,59,0
256,3,3819,cube,5,3,7,3,0,0,98,41,,59,59,0
256,3,3820,cube,5,3,7,4,0,0,89,41,,59,59,0
256,3,3821,cube,5,3,7,5,0,0,102,41,,59,59,0
256,3,3822,cube,5,3,7,6,0,0,94,41,,59,59,0
256,3,3823,cube,5,3,7,7,0,0,89,41,,59,59,0
256,3,3912,cube,1,5,7,0,0,0,80,45,,63,63,0
256,3,3913,cube,1,5,7,1,0,0,79,45,,63,63,0
256,3,3914,cube,1,5,7,2,0,0,73,45,,63,63,0
256,3,3915,cube,1,5,7,3,0,0,71,45,,63,63,0
256,3,3916,cube,1,5,7,4,0,0,64,45,,63,63,0
256,3,3917,cube,1,5,7,5,0,0,76,45,,63,63,0
256,3,3918,cube,1,5,7,6,0,0,77,45,,63,63,0
256,3,3919,cube,1,5,7,7,0,0,74,45,,63,63,0
256,3,3936,cube,4,5,7,0,0,0,71,46,,64,64,0
256,3,3937,cube,4,5,7,1,0,0,66,46,,64,64,0
256,3,3938,cube,4,5,7,2,0,0,68,46,,64,64,0
256,3,3939,cube,4,5,7,3,0,0,66,46,,64,64,0
256,3,3940,cube,4,5,7,4,0,0,75,46,,64,64,0
256,3,3941,cube,4,5,7,5,0,0,57,46,,64,64,0
256,3,3942,cube,4,5,7,6,0,0,74,46,,64,64,0
256,3,3943,cube,4,5,7,7,0,0,71,46,,64,64,0
256,4,8,cube,1,0,0,0,0,0,94,41,,59,59,0
256,4,9,cube,1,0,0,1,0,0,96,41,,59,59,0
256,4,10,cube,1,0,0,2,0,0,99,41,,59,59,0
256,4,11,cube,1,0,0,3,0,0,94,41,,59,59,0
256,4,12,cube,1,0,0,4,0,0,96,41,,59,59,0
256,4,13,cube,1,0,0,5,0,0,88,41,,59,59,0
256,4,14,cube,1,0,0,6,0,0,99,41,,59,59,0
256,4,15,cube,1,0,0,7,0,0,85,41,,59,59,0
256,4,80,cube,2,1,0,0,0,0,81,40,,58,58,0
256,4,81,cube,2,1,0,1,0,0,97,40,,58,58,0
256,4,82,cube,2,1,0,2,0,0,110,40,,58,58,0
256,4,83,cube,2,1,0,3,0,0,95,40,,58,58,0
256,4,84,cube,2,1,0,4,0,0,98,40,,58,58,0
256,4,85,cube,2,1,0,5,0,0,89,40,,58,58,0
256,4,86,cube,2,1,0,6,0,0,105,40,,58,58,0
256,4,87,cube,2,1,0,7,0,0,102,40,,58,58,0
256,4,113,cube,6,1,0,1,1,1,146,31,250,49,49,0
256,4,114,cube,6,1,0,2,1,1,126,31,254,49,49,0
256,4,152,cube,3,2,0,0,0,0,65,49,,67,67,0
256,4,153,cube,3,2,0,1,0,0,66,49,,67,67,0
256,4,154,cube,3,2,0,2,0,0,59,49,,67,67,0
256,4,155,cube,3,2,0,3,0,0,60,49,,67,67,0
256,4,156,cube,3,2,0,4,0,0,62,49,,67,67,0
256,4,157,cube,3,2,0,5,0,0,60,49,,67,67,0
256,4,158,cube,3,2,0,6,0,0,59,49,,67,67,0
256,4,159,cube,3,2,0,7,0,0,53,49,,67,67,0
256,4,216,cube,3,3,0,0,0,0,94,40,,59,59,1
256,4,217,cube,3,3,0,1,0,0,108,40,,59,59,1
256,4,218,cube,3,3,0,2,0,0,93,40,,59,59,1
256,4,219,cube,3,3,0,3,0,0,95,40,,59,59,1
256,4,220,cube,3,3,0,4,0,0,91,40,,59,59,1
256,4,221,cube,3,3,0,5,0,0,99,40,,59,59,1
256,4,222,cube,3,3,0,6,0,0,87,40,,59,59,1
256,4,223,cube,3,3,0,7,0,0,92,40,,59,59,1
256,4,244,cube,6,3,0,4,1,1,121,31,252,49,49,0
256,4,1104,cube,2,1,2,0,0,0,73,48,,66,66,0
256,4,1105,cube,2,1,2,1,0,0,63,48,,66,66,0
256,4,1106,cube,2,1,2,2,0,0,64,48,,66,66,0
256,4,1107,cube,2,1,2,3,0,0,65,48,,66,66,0
256,4,1108,cube,2,1,2,4,0,0,59,48,,66,66,0
256,4,1109,cube,2,1,2,5,0,0,64,48,,66,66,0
256,4,1110,cube,2,1,2,6,0,0,68,48,,66,66,0
256,4,1111,cube,2,1,2,7,0,0,58,48,,66,66,0
256,4,1112,cube,3,1,2,0,0,0,0,,,,,1
256,4,1113,cube,3,1,2,1,0,0,0,,,,,1
256,4,1114,cube,3,1,2,2,0,0,0,,,,,1
256,4,1115,cube,3,1,2,3,0,0,0,,,,,1
256,4,1116,cube,3,1,2,4,0,0,0,,,,,1
256,4,1117,cube,3,1,2,5,0,0,0,,,,,1
256,4,1118,cube,3,1,2,6,0,0,0,,,,,1
256,4,1119,cube,3,1,2,7,0,0,0,,,,,1
256,4,1128,cube,5,1,2,0,0,0,0,,,,,1
256,4,1129,cube,5,1,2,1,0,0,0,,,,,1
256,4,1130,cube,5,1,2,2,0,0,0,,,,,1
256,4,1131,cube,5,1,2,3,0,0,0,,,,,1
256,4,1132,cube,5,1,2,4,0,0,0,,,,,1
256,4,1133,cube,5,1,2,5,0,0,0,,,,,1
256,4,1134,cube,5,1,2,6,0,0,0,,,,,1
256,4,1135,cube,5,1,2,7,0,0,0,,,,,1
256,4,1152,cube,0,2,2,0,0,0,0,,,,,1
256,4,1153,cube,0,2,2,1,0,0,0,,,,,1
256,4,1154,cube,0,2,2,2,0,0,0,,,,,1
256,4,1155,cube,0,2,2,3,0,0,0,,,,,1
256,4,1156,cube,0,2,2,4,0,0,0,,,,,1
256,4,1157,cube,0,2,2,5,0,0,0,,,,,1
256,4,1158,cube,0,2,2,6,0,0,0,,,,,1
256,4,1159,cube,0,2,2,7,0,0,0,,,,,1
256,4,1168,cube,2,2,2,0,0,0,0,,,,,1
256,4,1169,cube,2,2,2,1,0,0,0,,,,,1
256,4,1170,cube,2,2,2,2,0,0,0,,,,,1
256,4,1171,cube,2,2,2,3,0,0,0,,,,,1
256,4,1172,cube,2,2,2,4,0,0,0,,,,,1
256,4,1173,cube,2,2,2,5,0,0,0,,,,,1
256,4,1174,cube,2,2,2,6,0,0,0,,,,,1
256,4,1175,cube,2,2,2,7,0,0,0,,,,,1
256,4,1384,cube,5,5,2,0,0,0,0,,,,,1
256,4,1385,cube,5,5,2,1,0,0,0,,,,,1
256,4,1386,cube,5,5,2,2,0,0,0,,,,,1
256,4,1387,cube,5,5,2,3,0,0,0,,,,,1
256,4,1388,cube,5,5,2,4,0,0,0,,,,,1
256,4,1389,cube,5,5,2,5,0,0,0,,,,,1
256,4,1390,cube,5,5,2,6,0,0,0,,,,,1
256,4,1391,cube,5,5,2,7,0,0,0,,,,,1
256,4,1608,cube,1,1,3,0,0,0,121,32,,50,50,0
256,4,1609,cube,1,1,3,1,0,0,115,32,,50,50,0
256,4,1610,cube,1,1,3,2,0,0,118,32,,50,50,0
256,4,1611,cube,1,1,3,3,0,0,132,32,,50,50,0
256,4,1612,cube,1,1,3,4,0,0,136,32,,50,50,0
256,4,1613,cube,1,1,3,5,0,0,137,32,,50,50,0
256,4,1614,cube,1,1,3,6,0,0,134,32,,50,50,0
256,4,1615,cube,1,1,3,7,0,0,139,32,,50,50,0
256,4,1672,cube,1,2,3,0,0,0,77,45,,63,63,0
256,4,1673,cube,1,2,3,1,0,0,65,45,,63,63,0
256,4,1674,cube,1,2,3,2,0,0,72,45,,63,63,0
256,4,1675,cube,1,2,3,3,0,0,64,45,,63,63,0
256,4,1676,cube,1,2,3,4,0,0,75,45,,63,63,0
256,4,1677,cube,1,2,3,5,0,0,69,45,,63,63,0
256,4,1678,cube,1,2,3,6,0,0,66,45,,63,63,0
256,4,1679,cube,1,2,3,7,0,0,63,45,,63,63,0
256,4,1680,cube,2,2,3,0,0,0,81,46,,64,64,0
256,4,1681,cube,2,2,3,1,0,0,77,46,,64,64,0
256,4,1682,cube,2,2,3,2,0,0,75,46,,64,64,0
256,4,1683,cube,2,2,3,3,0,0,73,46,,64,64,0
256,4,1684,cube,2,2,3,4,0,0,73,46,,64,64,0
256,4,1685,cube,2,2,3,5,0,0,69,46,,64,64,0
256,4,1686,cube,2,2,3,6,0,0,70,46,,64,64,0
256,4,1687,cube,2,2,3,7,0,0,70,46,,64,64,0
256,4,1700,cube,4,2,3,4,0,0,79,47,,65,65,0
256,4,1712,cube,6,2,3,0,0,0,67,46,,64,64,0
256,4,1713,cube,6,2,3,1,0,0,65,46,,64,64,0
256,4,1714,cube,6,2,3,2,0,0,71,46,,64,64,0
256,4,1715,cube,6,2,3,3,0,0,80,46,,64,64,0
256,4,1716,cube,6,2,3,4,0,0,71,46,,64,64,0
256,4,1717,cube,6,2,3,5,0,0,79,46,,64,64,0
256,4,1718,cube,6,2,3,6,0,0,66,46,,64,64,0
256,4,1719,cube,6,2,3,7,0,0,72,46,,64,64,0
256,4,1744,cube,2,3,3,0,0,0,9,62,,80,80,0
256,4,1745,cube,2,3,3,1,0,0,4,62,,80,80,0
256,4,1746,cube,2,3,3,2,0,0,7,62,,80,80,0
256,4,1747,cube,2,3,3,3,0,0,7,62,,80,80,0
256,4,1748,cube,2,3,3,4,0,0,7,62,,80,80,0
256,4,1749,cube,2,3,3,5,0,0,9,62,,80,80,0
256,4,1750,cube,2,3,3,6,0,0,8,62,,80,80,0
256,4,1751,cube,2,3,3,7,0,0,7,62,,80,80,0
256,4,1752,cube,3,3,3,0,0,0,93,40,,58,58,0
256,4,1753,cube,3,3,3,1,0,0,97,40,,58,58,0
256,4,1754,cube,3,3,3,2,0,0,110,40,,58,58,0
256,4,1755,cube,3,3,3,3,0,0,102,40,,58,58,0
256,4,1756,cube,3,3,3,4,0,0,100,40,,58,58,0
256,4,1757,cube,3,3,3,5,0,0,89,40,,58,58,0
256,4,1758,cube,3,3,3,6,0,0,100,40,,58,58,0
256,4,1759,cube,3,3,3,7,0,0,97,40,,58,58,0
256,4,1856,cube,0,5,3,0,0,0,0,,,,,1
256,4,1857,cube,0,5,3,1,0,0,0,,,,,1
256,4,1858,cube,0,5,3,2,0,0,0,,,,,1
256,4,1859,cube,0,5,3,3,0,0,0,,,,,1
256,4,1860,cube,0,5,3,4,0,0,0,,,,,1
256,4,1861,cube,0,5,3,5,0,0,0,,,,,1
256,4,1862,cube,0,5,3,6,0,0,0,,,,,1
256,4,1863,cube,0,5,3,7,0,0,0,,,,,1
256,4,1912,cube,7,5,3,0,0,0,69,46,,64,64,0
256,4,1913,cube,7,5,3,1,0,0,81,46,,64,64,0
256,4,1914,cube,7,5,3,2,0,0,77,46,,64,64,0
256,4,1915,cube,7,5,3,3,0,0,80,46,,64,64,0
256,4,1916,cube,7,5,3,4,0,0,87,46,,64,64,0
256,4,1917,cube,7,5,3,5,0,0,74,46,,64,64,0
256,4,1918,cube,7,5,3,6,0,0,73,46,,64,64,0
256,4,1919,cube,7,5,3,7,0,0,65,46,,64,64,0
256,4,1936,cube,2,6,3,0,0,0,99,39,,57,57,0
256,4,1937,cube,2,6,3,1,0,0,96,39,,57,57,0
256,4,1938,cube,2,6,3,2,0,0,106,39,,57,57,0
256,4,1939,cube,2,6,3,3,0,0,96,39,,57,57,0
256,4,1940,cube,2,6,3,4,0,0,112,39,,57,57,0
256,4,1941,cube,2,6,3,5,0,0,107,39,,57,57,0
256,4,1942,cube,2,6,3,6,0,0,103,39,,57,57,0
256,4,1943,cube,2,6,3,7,0,0,106,39,,57,57,0
256,4,2040,cube,7,7,3,0,0,0,85,46,,64,64,0
256,4,2041,cube,7,7,3,1,0,0,79,46,,64,64,0
256,4,2042,cube,7,7,3,2,0,0,66,46,,64,64,0
256,4,2043,cube,7,7,3,3,0,0,68,46,,64,64,0
256,4,2044,cube,7,7,3,4,0,0,65,46,,64,64,0
256,4,2045,cube,7,7,3,5,0,0,77,46,,64,64,0
256,4,2046,cube,7,7,3,6,0,0,75,46,,64,64,0
256,4,2047,cube,7,7,3,7,0,0,74,46,,64,64,0
256,4,2104,cube,7,0,4,0,0,0,0,,,,,1
256,4,2105,cube,7,0,4,1,0,0,0,,,,,1
256,4,2106,cube,7,0,4,2,0,0,0,,,,,1
256,4,2107,cube,7,0,4,3,0,0,0,,,,,1
256,4,2108,cube,7,0,4,4,0,0,0,,,,,1
256,4,2109,cube,7,0,4,5,0,0,0,,,,,1
256,4,2110,cube,7,0,4,6,0,0,0,,,,,1
256,4,2111,cube,7,0,4,7,0,0,0,,,,,1
256,4,2224,cube,6,2,4,0,0,0,45,55,,73,73,0
256,4,2225,cube,6,2,4,1,0,0,33,55,,73,73,0
256,4,2226,cube,6,2,4,2,0,0,36,55,,73,73,0
256,4,2227,cube,6,2,4,3,0,0,35,55,,73,73,0
256,4,2228,cube,6,2,4,4,0,0,43,55,,73,73,0
256,4,2229,cube,6,2,4,5,0,0,42,55,,73,73,0
256,4,2230,cube,6,2,4,6,0,0,42,55,,73,73,0
256,4,2231,cube,6,2,4,7,0,0,38,55,,73,73,0
256,4,2240,cube,0,3,4,0,0,0,133,33,,51,51,0
256,4,2241,cube,0,3,4,1,0,0,133,33,,51,51,0
256,4,2242,cube,0,3,4,2,0,0,104,33,,51,51,0
256,4,2243,cube,0,3,4,3,0,0,125,33,,51,51,0
256,4,2244,cube,0,3,4,4,0,0,120,33,,51,51,0
256,4,2245,cube,0,3,4,5,0,0,125,33,,51,51,0
256,4,2246,cube,0,3,4,6,0,0,125,33,,51,51,0
256,4,2247,cube,0,3,4,7,0,0,126,33,,51,51,0
256,4,2680,cube,7,1,5,0,0,0,121,36,,54,54,0
256,4,2681,cube,7,1,5,1,0,0,106,36,,54,54,0
256,4,2682,cube,7,1,5,2,0,0,109,36,,54,54,0
256,4,2683,cube,7,1,5,3,0,0,106,36,,54,54,0
256,4,2684,cube,7,1,5,4,0,0,129,36,,54,54,0
256,4,2685,cube,7,1,5,5,0,0,112,36,,54,54,0
256,4,2686,cube,7,1,5,6,0,0,115,36,,54,54,0
256,4,2687,cube,7,1,5,7,0,0,105,36,,54,54,0
256,4,2776,cube,3,3,5,0,0,0,96,40,,58,58,0
256,4,2777,cube,3,3,5,1,0,0,92,40,,58,58,0
256,4,2778,cube,3,3,5,2,0,0,94,40,,58,58,0
256,4,2779,cube,3,3,5,3,0,0,103,40,,58,58,0
256,4,2780,cube,3,3,5,4,0,0,97,40,,58,58,0
256,4,2781,cube,3,3,5,5,0,0,83,40,,58,58,0
256,4,2782,cube,3,3,5,6,0,0,90,40,,58,58,0
256,4,2783,cube,3,3,5,7,0,0,88,40,,58,58,0
256,4,2784,cube,4,3,5,0,0,0,0,,,,,1
256,4,2785,cube,4,3,5,1,0,0,0,,,,,1
256,4,2786,cube,4,3,5,2,0,0,0,,,,,1
256,4,2787,cube,4,3,5,3,0,0,0,,,,,1
256,4,2788,cube,4,3,5,4,0,0,0,,,,,1
256,4,2789,cube,4,3,5,5,0,0,0,,,,,1
256,4,2790,cube,4,3,5,6,0,0,0,,,,,1
256,4,2791,cube,4,3,5,7,0,0,0,,,,,1
256,4,3288,cube,3,3,6,0,0,0,133,34,,52,52,0
256,4,3289,cube,3,3,6,1,0,0,118,34,,52,52,0
256,4,3290,cube,3,3,6,2,0,0,122,34,,52,52,0
256,4,3291,cube,3,3,6,3,0,0,115,34,,52,52,0
256,4,3292,cube,3,3,6,4,0,0,117,34,,52,52,0
256,4,3293,cube,3,3,6,5,0,0,108,34,,52,52,0
256,4,3294,cube,3,3,6,6,0,0,116,34,,52,52,0
256,4,3295,cube,3,3,6,7,0,0,140,34,,52,52,0
256,4,3312,cube,6,3,6,0,0,0,25,57,,75,75,0
256,4,3313,cube,6,3,6,1,0,0,29,57,,75,75,0
256,4,3314,cube,6,3,6,2,0,0,33,57,,75,75,0
256,4,3315,cube,6,3,6,3,0,0,33,57,,75,75,0
256,4,3316,cube,6,3,6,4,0,0,33,57,,75,75,0
256,4,3317,cube,6,3,6,5,0,0,26,57,,75,75,0
256,4,3318,cube,6,3,6,6,0,0,35,57,,75,75,0
256,4,3319,cube,6,3,6,7,0,0,30,57,,75,75,0
256,4,3664,cube,2,1,7,0,0,0,105,36,,54,54,0
256,4,3665,cube,2,1,7,1,0,0,126,36,,54,54,0
256,4,3666,cube,2,1,7,2,0,0,111,36,,54,54,0
256,4,3667,cube,2,1,7,3,0,0,122,36,,54,54,0
256,4,3668,cube,2,1,7,4,0,0,112,36,,54,54,0
256,4,3669,cube,2,1,7,5,0,0,108,36,,54,54,0
256,4,3670,cube,2,1,7,6,0,0,117,36,,54,54,0
256,4,3671,cube,2,1,7,7,0,0,113,36,,54,54,0
256,4,3688,cube,5,1,7,0,0,0,119,36,,54,54,0
256,4,3689,cube,5,1,7,1,0,0,104,36,,54,54,0
256,4,3690,cube,5,1,7,2,0,0,100,36,,54,54,0
256,4,3691,cube,5,1,7,3,0,0,120,36,,54,54,0
256,4,3692,cube,5,1,7,4,0,0,116,36,,54,54,0
256,4,3693,cube,5,1,7,5,0,0,101,36,,54,54,0
256,4,3694,cube,5,1,7,6,0,0,114,36,,54,54,0
256,4,3695,cube,5,1,7,7,0,0,103,36,,54,54,0
256,5,656,cube,2,2,1,0,0,0,90,44,,62,62,0
256,5,657,cube,2,2,1,1,0,0,92,44,,62,62,0
256,5,658,cube,2,2,1,2,0,0,81,44,,62,62,0
256,5,659,cube,2,2,1,3,0,0,69,44,,62,62,0
256,5,660,cube,2,2,1,4,0,0,80,44,,62,62,0
256,5,661,cube,2,2,1,5,0,0,81,44,,62,62,0
256,5,662,cube,2,2,1,6,0,0,93,44,,62,62,0
256,5,663,cube,2,2,1,7,0,0,78,44,,62,62,0
256,5,776,cube,1,4,1,0,0,0,123,33,,51,51,0
256,5,777,cube,1,4,1,1,0,0,127,33,,51,51,0
256,5,778,cube,1,4,1,2,0,0,114,33,,51,51,0
256,5,779,cube,1,4,1,3,0,0,120,33,,51,51,0
256,5,780,cube,1,4,1,4,0,0,125,33,,51,51,0
256,5,781,cube,1,4,1,5,0,0,128,33,,51,51,0
256,5,782,cube,1,4,1,6,0,0,129,33,,51,51,0
256,5,783,cube,1,4,1,7,0,0,130,33,,51,51,0
256,5,784,cube,2,4,1,0,0,0,93,39,,57,57,0
256,5,785,cube,2,4,1,1,0,0,104,39,,57,57,0
256,5,786,cube,2,4,1,2,0,0,106,39,,57,57,0
256,5,787,cube,2,4,1,3,0,0,93,39,,57,57,0
256,5,788,cube,2,4,1,4,0,0,99,39,,57,57,0
256,5,789,cube,2,4,1,5,0,0,98,39,,57,57,0
256,5,790,cube,2,4,1,6,0,0,88,39,,57,57,0
256,5,791,cube,2,4,1,7,0,0,81,39,,57,57,0
256,5,824,cube,7,4,1,0,0,0,108,39,,57,57,0
256,5,825,cube,7,4,1,1,0,0,100,39,,57,57,0
256,5,826,cube,7,4,1,2,0,0,103,39,,57,57,0
256,5,827,cube,7,4,1,3,0,0,115,39,,57,57,0
256,5,828,cube,7,4,1,4,0,0,95,39,,57,57,0
256,5,829,cube,7,4,1,5,0,0,120,39,,57,57,0
256,5,830,cube,7,4,1,6,0,0,90,39,,57,57,0
256,5,831,cube,7,4,1,7,0,0,100,39,,57,57,0
256,5,952,cube,7,6,1,0,0,0,71,45,,63,63,0
256,5,953,cube,7,6,1,1,0,0,73,45,,63,63,0
256,5,954,cube,7,6,1,2,0,0,70,45,,63,63,0
256,5,955,cube,7,6,1,3,0,0,82,45,,63,63,0
256,5,956,cube,7,6,1,4,0,0,76,45,,63,63,0
256,5,957,cube,7,6,1,5,0,0,79,45,,63,63,0
256,5,958,cube,7,6,1,6,0,0,72,45,,63,63,0
256,5,959,cube,7,6,1,7,0,0,81,45,,63,63,0
256,5,968,cube,1,7,1,0,0,0,38,54,,72,72,0
256,5,969,cube,1,7,1,1,0,0,45,54,,72,72,0
256,5,970,cube,1,7,1,2,0,0,34,54,,72,72,0
256,5,971,cube,1,7,1,3,0,0,38,54,,72,72,0
256,5,972,cube,1,7,1,4,0,0,44,54,,72,72,0
256,5,973,cube,1,7,1,5,0,0,35,54,,72,72,0
256,5,974,cube,1,7,1,6,0,0,39,54,,72,72,0
256,5,975,cube,1,7,1,7,0,0,47,54,,72,72,0
256,5,1034,cube,1,0,2,2,0,0,120,34,,52,52,0
256,5,1320,cube,5,4,2,0,0,0,0,,,,,1
256,5,1321,cube,5,4,2,1,0,0,0,,,,,1
256,5,1322,cube,5,4,2,2,0,0,0,,,,,1
256,5,1323,cube,5,4,2,3,0,0,0,,,,,1
256,5,1324,cube,5,4,2,4,0,0,0,,,,,1
256,5,1325,cube,5,4,2,5,0,0,0,,,,,1
256,5,1326,cube,5,4,2,6,0,0,0,,,,,1
256,5,1327,cube,5,4,2,7,0,0,0,,,,,1
256,5,1512,cube,5,7,2,0,0,0,124,34,,53,53,1
256,5,1513,cube,5,7,2,1,0,0,120,34,,53,53,1
256,5,1514,cube,5,7,2,2,0,0,117,34,,53,53,1
256,5,1515,cube,5,7,2,3,0,0,122,34,,53,53,1
256,5,1516,cube,5,7,2,4,0,0,117,34,,53,53,1
256,5,1517,cube,5,7,2,5,0,0,127,34,,53,53,1
256,5,1518,cube,5,7,2,6,0,0,118,34,,53,53,1
256,5,1519,cube,5,7,2,7,0,0,116,34,,53,53,1
256,5,1592,cube,7,0,3,0,0,0,116,37,,55,55,0
256,5,1593,cube,7,0,3,1,0,0,101,37,,55,55,0
256,5,1594,cube,7,0,3,2,0,0,97,37,,55,55,0
256,5,1595,cube,7,0,3,3,0,0,122,37,,55,55,0
256,5,1596,cube,7,0,3,4,0,0,113,37,,55,55,0
256,5,1597,cube,7,0,3,5,0,0,103,37,,55,55,0
256,5,1598,cube,7,0,3,6,0,0,118,37,,55,55,0
256,5,1599,cube,7,0,3,7,0,0,111,37,,55,55,0
256,5,1608,cube,1,1,3,0,0,0,130,34,,52,52,0
256,5,1609,cube,1,1,3,1,0,0,114,34,,52,52,0
256,5,1610,cube,1,1,3,2,0,0,137,34,,52,52,0
256,5,1611,cube,1,1,3,3,0,0,117,34,,52,52,0
256,5,1612,cube,1,1,3,4,0,0,112,35,,52,52,0
256,5,1613,cube,1,1,3,5,0,0,120,34,,52,52,0
256,5,1614,cube,1,1,3,6,0,0,116,34,,52,52,0
256,5,1615,cube,1,1,3,7,0,0,108,34,,52,52,0
256,5,1632,cube,4,1,3,0,0,0,60,50,,68,68,0
256,5,1633,cube,4,1,3,1,0,0,49,50,,68,68,0
256,5,1634,cube,4,1,3,2,0,0,42,50,,68,68,0
256,5,1635,cube,4,1,3,3,0,0,54,50,,68,68,0
256,5,1636,cube,4,1,3,4,0,0,66,50,,68,68,0
256,5,1637,cube,4,1,3,5,0,0,52,50,,68,68,0
256,5,1638,cube,4,1,3,6,0,0,54,50,,68,68,0
256,5,1639,cube,4,1,3,7,0,0,64,50,,68,68,0
256,5,1976,cube,7,6,3,0,0,0,61,48,,67,67,1
256,5,1977,cube,7,6,3,1,0,0,52,48,,67,67,1
256,5,1978,cube,7,6,3,2,0,0,59,48,,67,67,1
256,5,1979,cube,7,6,3,3,0,0,68,48,,67,67,1
256,5,1980,cube,7,6,3,4,0,0,63,48,,67,67,1
256,5,1981,cube,7,6,3,5,0,0,63,48,,67,67,1
256,5,1982,cube,7,6,3,6,0,0,55,48,,67,67,1
256,5,1983,cube,7,6,3,7,0,0,57,48,,67,67,1
256,5,2064,cube,2,0,4,0,0,0,30,56,,74,74,0
256,5,2065,cube,2,0,4,1,0,0,32,56,,74,74,0
256,5,2066,cube,2,0,4,2,0,0,30,56,,74,74,0
256,5,2067,cube,2,0,4,3,0,0,36,56,,74,74,0
256,5,2068,cube,2,0,4,4,0,0,33,56,,74,74,0
256,5,2069,cube,2,0,4,5,0,0,33,56,,74,74,0
256,5,2070,cube,2,0,4,6,0,0,30,56,,74,74,0
256,5,2071,cube,2,0,4,7,0,0,31,56,,74,74,0
256,5,2100,cube,6,0,4,4,1,1,115,31,255,49,49,0
256,5,2104,cube,7,0,4,0,0,0,127,37,,55,55,0
256,5,2105,cube,7,0,4,1,0,0,107,37,,55,55,0
256,5,2106,cube,7,0,4,2,0,0,112,37,,55,55,0
256,5,2107,cube,7,0,4,3,0,0,102,37,,55,55,0
256,5,2108,cube,7,0,4,4,0,0,108,37,,55,55,0
256,5,2109,cube,7,0,4,5,0,0,106,37,,55,55,0
256,5,2110,cube,7,0,4,6,0,0,105,37,,55,55,0
256,5,2111,cube,7,0,4,7,0,0,105,37,,55,55,0
256,5,2168,cube,7,1,4,0,0,0,23,58,,76,76,0
256,5,2169,cube,7,1,4,1,0,0,26,58,,76,76,0
256,5,2170,cube,7,1,4,2,0,0,23,58,,76,76,0
256,5,2171,cube,7,1,4,3,0,0,27,58,,76,76,0
256,5,2172,cube,7,1,4,4,0,0,22,58,,76,76,0
256,5,2173,cube,7,1,4,5,0,0,21,58,,76,76,0
256,5,2174,cube,7,1,4,6,0,0,27,58,,76,76,0
256,5,2175,cube,7,1,4,7,0,0,23,58,,76,76,0
256,5,2360,cube,7,4,4,0,0,0,93,39,,57,57,0
256,5,2361,cube,7,4,4,1,0,0,94,39,,57,57,0
256,5,2362,cube,7,4,4,2,0,0,92,39,,57,57,0
256,5,2363,cube,7,4,4,3,0,0,96,39,,57,57,0
256,5,2364,cube,7,4,4,4,0,0,108,39,,57,57,0
256,5,2365,cube,7,4,4,5,0,0,97,39,,57,57,0
256,5,2366,cube,7,4,4,6,0,0,90,39,,57,57,0
256,5,2367,cube,7,4,4,7,0,0,108,39,,57,57,0
256,5,2824,cube,1,4,5,0,0,0,114,33,,51,51,0
256,5,2825,cube,1,4,5,1,0,0,130,33,,51,51,0
256,5,2826,cube,1,4,5,2,0,0,121,33,,51,51,0
256,5,2827,cube,1,4,5,3,0,0,116,33,,51,51,0
256,5,2828,cube,1,4,5,4,0,0,147,33,,51,51,0
256,5,2829,cube,1,4,5,5,0,0,131,33,,51,51,0
256,5,2830,cube,1,4,5,6,0,0,117,33,,51,51,0
256,5,2831,cube,1,4,5,7,0,0,131,33,,51,51,0
256,5,2848,cube,4,4,5,0,0,0,0,,,,,1
256,5,2849,cube,4,4,5,1,0,0,0,,,,,1
256,5,2850,cube,4,4,5,2,0,0,0,,,,,1
256,5,2851,cube,4,4,5,3,0,0,0,,,,,1
256,5,2852,cube,4,4,5,4,0,0,0,,,,,1
256,5,2853,cube,4,4,5,5,0,0,0,,,,,1
256,5,2854,cube,4,4,5,6,0,0,0,,,,,1
256,5,2855,cube,4,4,5,7,0,0,0,,,,,1
256,5,2856,cube,5,4,5,0,0,0,45,55,,73,73,0
256,5,2857,cube,5,4,5,1,0,0,38,55,,73,73,0
256,5,2858,cube,5,4,5,2,0,0,32,55,,73,73,0
256,5,2859,cube,5,4,5,3,0,0,37,55,,73,73,0
256,5,2860,cube,5,4,5,4,0,0,31,55,,73,73,0
256,5,2861,cube,5,4,5,5,0,0,35,55,,73,73,0
256,5,2862,cube,5,4,5,6,0,0,36,55,,73,73,0
256,5,2863,cube,5,4,5,7,0,0,39,55,,73,73,0
256,5,2984,cube,5,6,5,0,0,0,0,,,,,1
256,5,2985,cube,5,6,5,1,0,0,0,,,,,1
256,5,2986,cube,5,6,5,2,0,0,0,,,,,1
256,5,2987,cube,5,6,5,3,0,0,0,,,,,1
256,5,2988,cube,5,6,5,4,0,0,0,,,,,1
256,5,2989,cube,5,6,5,5,0,0,0,,,,,1
256,5,2990,cube,5,6,5,6,0,0,0,,,,,1
256,5,2991,cube,5,6,5,7,0,0,0,,,,,1
256,5,3344,cube,2,4,6,0,0,0,85,43,,61,61,0
256,5,3345,cube,2,4,6,1,0,0,80,43,,61,61,0
256,5,3346,cube,2,4,6,2,0,0,90,43,,61,61,0
256,5,3347,cube,2,4,6,3,0,0,77,43,,61,61,0
256,5,3348,cube,2,4,6,4,0,0,80,43,,61,61,0
256,5,3349,cube,2,4,6,5,0,0,90,43,,61,61,0
256,5,3350,cube,2,4,6,6,0,0,95,43,,61,61,0
256,5,3351,cube,2,4,6,7,0,0,85,43,,61,61,0
256,5,3544,cube,3,7,6,0,0,0,99,39,,57,57,0
256,5,3545,cube,3,7,6,1,0,0,99,39,,57,57,0
256,5,3546,cube,3,7,6,2,0,0,91,39,,57,57,0
256,5,3547,cube,3,7,6,3,0,0,100,39,,57,57,0
256,5,3548,cube,3,7,6,4,0,0,96,39,,57,57,0
256,5,3549,cube,3,7,6,5,0,0,101,39,,57,57,0
256,5,3550,cube,3,7,6,6,0,0,105,39,,57,57,0
256,5,3551,cube,3,7,6,7,0,0,97,39,,57,57,0
256,5,3656,cube,1,1,7,0,0,0,127,34,,52,52,0
256,5,3657,cube,1,1,7,1,0,0,130,34,,52,52,0
256,5,3658,cube,1,1,7,2,0,0,128,34,,52,52,0
256,5,3659,cube,1,1,7,3,0,0,117,34,,52,52,0
256,5,3660,cube,1,1,7,4,0,0,117,34,,52,52,0
256,5,3661,cube,1,1,7,5,0,0,119,34,,52,52,0
256,5,3662,cube,1,1,7,6,0,0,119,34,,52,52,0
256,5,3663,cube,1,1,7,7,0,0,122,34,,52,52,0
256,5,4008,cube,5,6,7,0,0,0,0,,,,,1
256,5,4009,cube,5,6,7,1,0,0,0,,,,,1
256,5,4010,cube,5,6,7,2,0,0,0,,,,,1
256,5,4011,cube,5,6,7,3,0,0,0,,,,,1
256,5,4012,cube,5,6,7,4,0,0,0,,,,,1
256,5,4013,cube,5,6,7,5,0,0,0,,,,,1
256,5,4014,cube,5,6,7,6,0,0,0,,,,,1
256,5,4015,cube,5,6,7,7,0,0,0,,,,,1
256,5,4032,cube,0,7,7,0,0,0,49,53,,71,71,0
256,5,4033,cube,0,7,7,1,0,0,43,53,,71,71,0
256,5,4034,cube,0,7,7,2,0,0,37,53,,71,71,0
256,5,4035,cube,0,7,7,3,0,0,39,53,,71,71,0
256,5,4036,cube,0,7,7,4,0,0,48,53,,71,71,0
256,5,4037,cube,0,7,7,5,0,0,43,53,,71,71,0
256,5,4038,cube,0,7,7,6,0,0,38,53,,71,71,0
256,5,4039,cube,0,7,7,7,0,0,39,53,,71,71,0
256,5,4040,cube,1,7,7,0,0,0,38,55,,73,73,0
256,5,4041,cube,1,7,7,1,0,0,35,55,,73,73,0
256,5,4042,cube,1,7,7,2,0,0,28,55,,73,73,0
256,5,4043,cube,1,7,7,3,0,0,36,55,,73,73,0
256,5,4044,cube,1,7,7,4,0,0,36,55,,73,73,0
256,5,4045,cube,1,7,7,5,0,0,32,55,,73,73,0
256,5,4046,cube,1,7,7,6,0,0,39,55,,73,73,0
256,5,4047,cube,1,7,7,7,0,0,38,55,,73,73,0
256,5,4048,cube,2,7,7,0,0,0,40,55,,73,73,0
256,5,4049,cube,2,7,7,1,0,0,40,55,,73,73,0
256,5,4050,cube,2,7,7,2,0,0,38,55,,73,73,0
256,5,4051,cube,2,7,7,3,0,0,33,55,,73,73,0
256,5,4052,cube,2,7,7,4,0,0,34,55,,73,73,0
256,5,4053,cube,2,7,7,5,0,0,34,55,,73,73,0
256,5,4054,cube,2,7,7,6,0,0,38,55,,73,73,0
256,5,4055,cube,2,7,7,7,0,0,31,55,,73,73,0
256,6,144,cube,2,2,0,0,0,0,104,35,,53,53,0
256,6,145,cube,2,2,0,1,0,0,132,35,,53,53,0
256,6,146,cube,2,2,0,2,0,0,113,35,,53,53,0
256,6,147,cube,2,2,0,3,0,0,115,35,,53,53,0
256,6,148,cube,2,2,0,4,0,0,125,35,,53,53,0
256,6,149,cube,2,2,0,5,0,0,119,35,,53,53,0
256,6,150,cube,2,2,0,6,0,0,119,35,,53,53,0
256,6,151,cube,2,2,0,7,0,0,103,35,,53,53,0
256,6,272,cube,2,4,0,0,0,0,127,34,,52,52,0
256,6,273,cube,2,4,0,1,0,0,130,34,,52,52,0
256,6,274,cube,2,4,0,2,0,0,118,34,,52,52,0
256,6,275,cube,2,4,0,3,0,0,130,34,,52,52,0
256,6,276,cube,2,4,0,4,0,0,122,34,,52,52,0
256,6,277,cube,2,4,0,5,0,0,127,34,,52,52,0
256,6,278,cube,2,4,0,6,0,0,127,34,,52,52,0
256,6,279,cube,2,4,0,7,0,0,130,34,,52,52,0
256,6,776,cube,1,4,1,0,0,0,77,47,,65,65,0
256,6,777,cube,1,4,1,1,0,0,72,47,,65,65,0
256,6,778,cube,1,4,1,2,0,0,75,47,,65,65,0
256,6,779,cube,1,4,1,3,0,0,66,47,,65,65,0
256,6,780,cube,1,4,1,4,0,0,70,47,,65,65,0
256,6,781,cube,1,4,1,5,0,0,73,47,,65,65,0
256,6,782,cube,1,4,1,6,0,0,69,47,,65,65,0
256,6,783,cube,1,4,1,7,0,0,69,47,,65,65,0
256,6,1352,cube,1,5,2,0,0,0,30,56,,74,74,0
256,6,1353,cube,1,5,2,1,0,0,33,56,,74,74,0
256,6,1354,cube,1,5,2,2,0,0,30,56,,74,74,0
256,6,1355,cube,1,5,2,3,0,0,32,56,,74,74,0
256,6,1356,cube,1,5,2,4,0,0,30,56,,74,74,0
256,6,1357,cube,1,5,2,5,0,0,26,56,,74,74,0
256,6,1358,cube,1,5,2,6,0,0,33,56,,74,74,0
256,6,1359,cube,1,5,2,7,0,0,28,56,,74,74,0
256,6,1368,cube,3,5,2,0,0,0,32,56,,74,74,0
256,6,1369,cube,3,5,2,1,0,0,27,56,,74,74,0
256,6,1370,cube,3,5,2,2,0,0,29,56,,74,74,0
256,6,1371,cube,3,5,2,3,0,0,35,56,,74,74,0
256,6,1372,cube,3,5,2,4,0,0,34,56,,74,74,0
256,6,1373,cube,3,5,2,5,0,0,34,56,,74,74,0
256,6,1374,cube,3,5,2,6,0,0,32,56,,74,74,0
256,6,1375,cube,3,5,2,7,0,0,38,56,,74,74,0
256,6,1384,cube,5,5,2,0,0,0,100,39,,58,58,1
256,6,1385,cube,5,5,2,1,0,0,91,39,,58,58,1
256,6,1386,cube,5,5,2,2,0,0,94,39,,58,58,1
256,6,1387,cube,5,5,2,3,0,0,108,39,,58,58,1
256,6,1388,cube,5,5,2,4,0,0,96,39,,58,58,1
256,6,1389,cube,5,5,2,5,0,0,94,39,,58,58,1
256,6,1390,cube,5,5,2,6,0,0,89,39,,58,58,1
256,6,1391,cube,5,5,2,7,0,0,99,39,,58,58,1
256,6,1416,cube,1,6,2,0,0,0,105,39,,57,57,0
256,6,1417,cube,1,6,2,1,0,0,104,39,,57,57,0
256,6,1418,cube,1,6,2,2,0,0,104,39,,57,57,0
256,6,1419,cube,1,6,2,3,0,0,103,39,,57,57,0
256,6,1420,cube,1,6,2,4,0,0,97,39,,57,57,0
256,6,1421,cube,1,6,2,5,0,0,93,39,,57,57,0
256,6,1422,cube,1,6,2,6,0,0,96,39,,57,57,0
256,6,1423,cube,1,6,2,7,0,0,97,39,,57,57,0
256,6,1488,cube,2,7,2,0,0,0,33,55,,73,73,0
256,6,1489,cube,2,7,2,1,0,0,33,55,,73,73,0
256,6,1490,cube,2,7,2,2,0,0,37,55,,73,73,0
256,6,1491,cube,2,7,2,3,0,0,36,55,,73,73,0
256,6,1492,cube,2,7,2,4,0,0,37,55,,73,73,0
256,6,1493,cube,2,7,2,5,0,0,42,55,,73,73,0
256,6,1494,cube,2,7,2,6,0,0,41,55,,73,73,0
256,6,1495,cube,2,7,2,7,0,0,30,55,,73,73,0
256,6,1496,cube,3,7,2,0,0,0,87,45,,63,63,0
256,6,1497,cube,3,7,2,1,0,0,90,45,,63,63,0
256,6,1498,cube,3,7,2,2,0,0,81,45,,63,63,0
256,6,1499,cube,3,7,2,3,0,0,74,45,,63,63,0
256,6,1500,cube,3,7,2,4,0,0,71,45,,63,63,0
256,6,1501,cube,3,7,2,5,0,0,79,45,,63,63,0
256,6,1502,cube,3,7,2,6,0,0,75,45,,63,63,0
256,6,1503,cube,3,7,2,7,0,0,72,45,,63,63,0
256,6,1544,cube,1,0,3,0,0,0,0,,,,,1
256,6,1545,cube,1,0,3,1,0,0,0,,,,,1
256,6,1546,cube,1,0,3,2,0,0,0,,,,,1
256,6,1547,cube,1,0,3,3,0,0,0,,,,,1
256,6,1548,cube,1,0,3,4,0,0,0,,,,,1
256,6,1549,cube,1,0,3,5,0,0,0,,,,,1
256,6,1550,cube,1,0,3,6,0,0,0,,,,,1
256,6,1551,cube,1,0,3,7,0,0,0,,,,,1
256,6,1672,cube,1,2,3,0,0,0,75,45,,62,62,0
256,6,1673,cube,1,2,3,1,0,0,81,44,,62,62,0
256,6,1674,cube,1,2,3,2,0,0,80,44,,62,62,0
256,6,1675,cube,1,2,3,3,0,0,71,44,,62,62,0
256,6,1676,cube,1,2,3,4,0,0,88,44,,62,62,0
256,6,1677,cube,1,2,3,5,0,0,74,44,,62,62,0
256,6,1678,cube,1,2,3,6,0,0,79,44,,62,62,0
256,6,1679,cube,1,2,3,7,0,0,90,44,,62,62,0
256,6,1680,cube,2,2,3,0,0,0,94,39,,57,57,0
256,6,1681,cube,2,2,3,1,0,0,93,39,,57,57,0
256,6,1682,cube,2,2,3,2,0,0,116,39,,57,57,0
256,6,1683,cube,2,2,3,3,0,0,103,39,,57,57,0
256,6,1684,cube,2,2,3,4,0,0,98,39,,57,57,0
256,6,1685,cube,2,2,3,5,0,0,101,39,,57,57,0
256,6,1686,cube,2,2,3,6,0,0,94,39,,57,57,0
256,6,1687,cube,2,2,3,7,0,0,99,39,,57,57,0
256,6,1696,cube,4,2,3,0,0,0,114,35,,53,53,0
256,6,1702,cube,4,2,3,6,0,0,122,35,,53,53,0
256,6,1703,cube,4,2,3,7,0,0,126,35,,53,53,0
256,6,2048,cube,0,0,4,0,0,0,0,,,,,1
256,6,2049,cube,0,0,4,1,0,0,0,,,,,1
256,6,2050,cube,0,0,4,2,0,0,0,,,,,1
256,6,2051,cube,0,0,4,3,0,0,0,,,,,1
256,6,2052,cube,0,0,4,4,0,0,0,,,,,1
256,6,2053,cube,0,0,4,5,0,0,0,,,,,1
256,6,2054,cube,0,0,4,6,0,0,0,,,,,1
256,6,2055,cube,0,0,4,7,0,0,0,,,,,1
256,6,2312,cube,1,4,4,0,0,0,101,41,,59,59,0
256,6,2313,cube,1,4,4,1,0,0,96,41,,59,59,0
256,6,2314,cube,1,4,4,2,0,0,97,41,,59,59,0
256,6,2315,cube,1,4,4,3,0,0,102,41,,59,59,0
256,6,2316,cube,1,4,4,4,0,0,94,41,,59,59,0
256,6,2317,cube,1,4,4,5,0,0,82,41,,59,59,0
256,6,2318,cube,1,4,4,6,0,0,91,41,,59,59,0
256,6,2319,cube,1,4,4,7,0,0,105,41,,59,59,0
256,6,2440,cube,1,6,4,0,0,0,121,33,,52,52,1
256,6,2441,cube,1,6,4,1,0,0,122,33,,52,52,1
256,6,2442,cube,1,6,4,2,0,0,116,33,,52,52,1
256,6,2443,cube,1,6,4,3,0,0,129,33,,52,52,1
256,6,2444,cube,1,6,4,4,0,0,118,33,,52,52,1
256,6,2445,cube,1,6,4,5,0,0,124,33,,52,52,1
256,6,2446,cube,1,6,4,6,0,0,135,33,,52,52,1
256,6,2447,cube,1,6,4,7,0,0,115,33,,52,52,1
256,6,2448,cube,2,6,4,0,0,0,0,,,,,1
256,6,2449,cube,2,6,4,1,0,0,0,,,,,1
256,6,2450,cube,2,6,4,2,0,0,0,,,,,1
256,6,2451,cube,2,6,4,3,0,0,0,,,,,1
256,6,2452,cube,2,6,4,4,0,0,0,,,,,1
256,6,2453,cube,2,6,4,5,0,0,0,,,,,1
256,6,2454,cube,2,6,4,6,0,0,0,,,,,1
256,6,2455,cube,2,6,4,7,0,0,0,,,,,1
256,6,2512,cube,2,7,4,0,0,0,0,,,,,1
256,6,2513,cube,2,7,4,1,0,0,0,,,,,1
256,6,2514,cube,2,7,4,2,0,0,0,,,,,1
256,6,2515,cube,2,7,4,3,0,0,0,,,,,1
256,6,2516,cube,2,7,4,4,0,0,0,,,,,1
256,6,2517,cube,2,7,4,5,0,0,0,,,,,1
256,6,2518,cube,2,7,4,6,0,0,0,,,,,1
256,6,2519,cube,2,7,4,7,0,0,0,,,,,1
256,6,2544,cube,6,7,4,0,0,0,77,42,,61,61,1
256,6,2545,cube,6,7,4,1,0,0,84,42,,61,61,1
256,6,2546,cube,6,7,4,2,0,0,92,42,,61,61,1
256,6,2547,cube,6,7,4,3,0,0,85,42,,61,61,1
256,6,2548,cube,6,7,4,4,0,0,72,42,,61,61,1
256,6,2549,cube,6,7,4,5,0,0,89,42,,61,61,1
256,6,2550,cube,6,7,4,6,0,0,96,42,,61,61,1
256,6,2551,cube,6,7,4,7,0,0,89,42,,61,61,1
256,6,2568,cube,1,0,5,0,0,0,50,52,,70,70,0
256,6,2569,cube,1,0,5,1,0,0,50,52,,70,70,0
256,6,2570,cube,1,0,5,2,0,0,49,52,,70,70,0
256,6,2571,cube,1,0,5,3,0,0,52,52,,70,70,0
256,6,2572,cube,1,0,5,4,0,0,44,52,,70,70,0
256,6,2573,cube,1,0,5,5,0,0,44,52,,70,70,0
256,6,2574,cube,1,0,5,6,0,0,48,52,,70,70,0
256,6,2575,cube,1,0,5,7,0,0,46,52,,70,70,0
256,6,2608,cube,6,0,5,0,0,0,113,35,,53,53,0
256,6,2609,cube,6,0,5,1,0,0,119,35,,53,53,0
256,6,2610,cube,6,0,5,2,0,0,118,35,,53,53,0
256,6,2611,cube,6,0,5,3,0,0,119,35,,53,53,0
256,6,2612,cube,6,0,5,4,0,0,123,35,,53,53,0
256,6,2613,cube,6,0,5,5,0,0,121,35,,53,53,0
256,6,2614,cube,6,0,5,6,0,0,115,35,,53,53,0
256,6,2615,cube,6,0,5,7,0,0,120,35,,53,53,0
256,6,2896,cube,2,5,5,0,0,0,19,59,,77,77,0
256,6,2897,cube,2,5,5,1,0,0,24,59,,77,77,0
256,6,2898,cube,2,5,5,2,0,0,16,59,,77,77,0
256,6,2899,cube,2,5,5,3,0,0,16,59,,77,77,0
256,6,2900,cube,2,5,5,4,0,0,26,59,,77,77,0
256,6,2901,cube,2,5,5,5,0,0,19,59,,77,77,0
256,6,2902,cube,2,5,5,6,0,0,19,59,,77,77,0
256,6,2903,cube,2,5,5,7,0,0,18,59,,77,77,0
256,6,3080,cube,1,0,6,0,0,0,79,43,,61,61,0
256,6,3081,cube,1,0,6,1,0,0,82,43,,61,61,0
256,6,3082,cube,1,0,6,2,0,0,85,43,,61,61,0
256,6,3083,cube,1,0,6,3,0,0,81,43,,61,61,0
256,6,3084,cube,1,0,6,4,0,0,83,43,,61,61,0
256,6,3085,cube,1,0,6,5,0,0,81,43,,61,61,0
256,6,3086,cube,1,0,6,6,0,0,85,43,,61,61,0
256,6,3087,cube,1,0,6,7,0,0,85,43,,61,61,0
256,6,3400,cube,1,5,6,0,0,0,137,33,,51,51,0
256,6,3401,cube,1,5,6,1,0,0,123,33,,51,51,0
256,6,3402,cube,1,5,6,2,0,0,122,33,,51,51,0
256,6,3403,cube,1,5,6,3,0,0,125,33,,51,51,0
256,6,3404,cube,1,5,6,4,0,0,124,33,,51,51,0
256,6,3405,cube,1,5,6,5,0,0,116,33,,51,51,0
256,6,3406,cube,1,5,6,6,0,0,111,33,,51,51,0
256,6,3407,cube,1,5,6,7,0,0,119,33,,51,51,0
256,6,3600,cube,2,0,7,0,0,0,105,38,,56,56,0
256,6,3601,cube,2,0,7,1,0,0,95,38,,56,56,0
256,6,3602,cube,2,0,7,2,0,0,108,38,,56,56,0
256,6,3603,cube,2,0,7,3,0,0,99,38,,56,56,0
256,6,3604,cube,2,0,7,4,0,0,105,38,,56,56,0
256,6,3605,cube,2,0,7,5,0,0,102,38,,56,56,0
256,6,3606,cube,2,0,7,6,0,0,94,38,,56,56,0
256,6,3607,cube,2,0,7,7,0,0,116,38,,56,56,0
256,6,3944,cube,5,5,7,0,0,0,95,40,,59,59,1
256,6,3945,cube,5,5,7,1,0,0,86,40,,59,59,1
256,6,3946,cube,5,5,7,2,0,0,97,40,,59,59,1
256,6,3947,cube,5,5,7,3,0,0,90,40,,59,59,1
256,6,3948,cube,5,5,7,4,0,0,100,40,,59,59,1
256,6,3949,cube,5,5,7,5,0,0,90,40,,59,59,1
256,6,3950,cube,5,5,7,6,0,0,86,40,,59,59,1
256,6,3951,cube,5,5,7,7,0,0,92,40,,59,59,1
256,6,4008,cube,5,6,7,0,0,0,0,,,,,1
256,6,4009,cube,5,6,7,1,0,0,0,,,,,1
256,6,4010,cube,5,6,7,2,0,0,0,,,,,1
256,6,4011,cube,5,6,7,3,0,0,0,,,,,1
256,6,4012,cube,5,6,7,4,0,0,0,,,,,1
256,6,4013,cube,5,6,7,5,0,0,0,,,,,1
256,6,4014,cube,5,6,7,6,0,0,0,,,,,1
256,6,4015,cube,5,6,7,7,0,0,0,,,,,1
256,6,4040,cube,1,7,7,0,0,0,18,60,,78,78,0
256,6,4041,cube,1,7,7,1,0,0,19,60,,78,78,0
256,6,4042,cube,1,7,7,2,0,0,15,60,,78,78,0
256,6,4043,cube,1,7,7,3,0,0,16,60,,78,78,0
256,6,4044,cube,1,7,7,4,0,0,15,60,,78,78,0
256,6,4045,cube,1,7,7,5,0,0,15,60,,78,78,0
256,6,4046,cube,1,7,7,6,0,0,21,60,,78,78,0
256,6,4047,cube,1,7,7,7,0,0,13,60,,78,78,0
256,7,16,cube,2,0,0,0,0,0,134,33,,51,51,0
256,7,17,cube,2,0,0,1,0,0,121,33,,51,51,0
256,7,18,cube,2,0,0,2,0,0,116,33,,51,51,0
256,7,19,cube,2,0,0,3,0,0,111,33,,51,51,0
256,7,20,cube,2,0,0,4,0,0,132,33,,51,51,0
256,7,21,cube,2,0,0,5,0,0,117,33,,51,51,0
256,7,22,cube,2,0,0,6,0,0,125,33,,51,51,0
256,7,23,cube,2,0,0,7,0,0,126,33,,51,51,0
256,7,32,cube,4,0,0,0,0,0,84,39,,57,57,0
256,7,33,cube,4,0,0,1,0,0,93,39,,57,57,0
256,7,34,cube,4,0,0,2,0,0,97,39,,57,57,0
256,7,35,cube,4,0,0,3,0,0,106,39,,57,57,0
256,7,36,cube,4,0,0,4,0,0,101,39,,57,57,0
256,7,37,cube,4,0,0,5,0,0,99,39,,57,57,0
256,7,38,cube,4,0,0,6,0,0,107,39,,57,57,0
256,7,39,cube,4,0,0,7,0,0,106,39,,57,57,0
256,7,40,cube,5,0,0,0,0,0,0,,,,,1
256,7,41,cube,5,0,0,1,0,0,0,,,,,1
256,7,42,cube,5,0,0,2,0,0,0,,,,,1
256,7,43,cube,5,0,0,3,0,0,0,,,,,1
256,7,44,cube,5,0,0,4,0,0,0,,,,,1
256,7,45,cube,5,0,0,5,0,0,0,,,,,1
256,7,46,cube,5,0,0,6,0,0,0,,,,,1
256,7,47,cube,5,0,0,7,0,0,0,,,,,1
256,7,48,cube,6,0,0,0,0,0,15,60,,78,78,0
256,7,49,cube,6,0,0,1,0,0,16,60,,78,78,0
256,7,50,cube,6,0,0,2,0,0,18,60,,78,78,0
256,7,51,cube,6,0,0,3,0,0,17,60,,78,78,0
256,7,52,cube,6,0,0,4,0,0,18,60,,78,78,0
256,7,53,cube,6,0,0,5,0,0,18,60,,78,78,0
256,7,54,cube,6,0,0,6,0,0,17,60,,78,78,0
256,7,55,cube,6,0,0,7,0,0,5,60,,78,78,0
256,7,88,cube,3,1,0,0,0,0,0,,,,,1
256,7,89,cube,3,1,0,1,0,0,0,,,,,1
256,7,90,cube,3,1,0,2,0,0,0,,,,,1
256,7,91,cube,3,1,0,3,0,0,0,,,,,1
256,7,92,cube,3,1,0,4,0,0,0,,,,,1
256,7,93,cube,3,1,0,5,0,0,0,,,,,1
256,7,94,cube,3,1,0,6,0,0,0,,,,,1
256,7,95,cube,3,1,0,7,0,0,0,,,,,1
256,7,104,cube,5,1,0,0,0,0,0,,,,,1
256,7,105,cube,5,1,0,1,0,0,0,,,,,1
256,7,106,cube,5,1,0,2,0,0,0,,,,,1
256,7,107,cube,5,1,0,3,0,0,0,,,,,1
256,7,108,cube,5,1,0,4,0,0,0,,,,,1
256,7,109,cube,5,1,0,5,0,0,0,,,,,1
256,7,110,cube,5,1,0,6,0,0,0,,,,,1
256,7,111,cube,5,1,0,7,0,0,0,,,,,1
256,7,168,cube,5,2,0,0,0,0,89,38,,56,56,0
256,7,169,cube,5,2,0,1,0,0,104,38,,56,56,0
256,7,170,cube,5,2,0,2,0,0,101,38,,56,56,0
256,7,171,cube,5,2,0,3,0,0,114,38,,56,56,0
256,7,172,cube,5,2,0,4,0,0,105,38,,56,56,0
256,7,173,cube,5,2,0,5,0,0,109,38,,56,56,0
256,7,174,cube,5,2,0,6,0,0,96,38,,56,56,0
256,7,175,cube,5,2,0,7,0,0,95,38,,56,56,0
256,7,224,cube,4,3,0,0,0,0,91,39,,57,57,0
256,7,225,cube,4,3,0,1,0,0,102,39,,57,57,0
256,7,226,cube,4,3,0,2,0,0,91,39,,57,57,0
256,7,227,cube,4,3,0,3,0,0,93,39,,57,57,0
256,7,228,cube,4,3,0,4,0,0,101,39,,57,57,0
256,7,229,cube,4,3,0,5,0,0,106,39,,57,57,0
256,7,230,cube,4,3,0,6,0,0,106,39,,57,57,0
256,7,231,cube,4,3,0,7,0,0,107,39,,57,57,0
256,7,280,cube,3,4,0,0,0,0,78,44,,62,62,0
256,7,281,cube,3,4,0,1,0,0,78,44,,62,62,0
256,7,282,cube,3,4,0,2,0,0,89,44,,62,62,0
256,7,283,cube,3,4,0,3,0,0,80,44,,62,62,0
256,7,284,cube,3,4,0,4,0,0,80,44,,62,62,0
256,7,285,cube,3,4,0,5,0,0,95,44,,62,62,0
256,7,286,cube,3,4,0,6,0,0,77,44,,62,62,0
256,7,287,cube,3,4,0,7,0,0,76,44,,62,62,0
256,7,1152,cube,0,2,2,0,0,0,109,40,,58,58,0
256,7,1153,cube,0,2,2,1,0,0,90,40,,58,58,0
256,7,1154,cube,0,2,2,2,0,0,95,40,,58,58,0
256,7,1155,cube,0,2,2,3,0,0,89,40,,58,58,0
256,7,1156,cube,0,2,2,4,0,0,81,40,,58,58,0
256,7,1157,cube,0,2,2,5,0,0,95,40,,58,58,0
256,7,1158,cube,0,2,2,6,0,0,105,40,,58,58,0
256,7,1159,cube,0,2,2,7,0,0,95,40,,58,58,0
256,7,1200,cube,6,2,2,0,0,0,100,38,,56,56,0
256,7,1201,cube,6,2,2,1,0,0,90,38,,56,56,0
256,7,1202,cube,6,2,2,2,0,0,91,38,,56,56,0
256,7,1203,cube,6,2,2,3,0,0,100,41,,59,59,0
256,7,1204,cube,6,2,2,4,0,0,107,41,,59,59,0
256,7,1205,cube,6,2,2,5,0,0,109,38,,56,56,0
256,7,1206,cube,6,2,2,6,0,0,100,38,,56,56,0
256,7,1207,cube,6,2,2,7,0,0,99,38,,56,56,0
256,7,1400,cube,7,5,2,0,0,0,0,,,,,1
256,7,1401,cube,7,5,2,1,0,0,0,,,,,1
256,7,1402,cube,7,5,2,2,0,0,0,,,,,1
256,7,1403,cube,7,5,2,3,0,0,0,,,,,1
256,7,1404,cube,7,5,2,4,0,0,0,,,,,1
256,7,1405,cube,7,5,2,5,0,0,0,,,,,1
256,7,1406,cube,7,5,2,6,0,0,0,,,,,1
256,7,1407,cube,7,5,2,7,0,0,0,,,,,1
256,7,1536,cube,0,0,3,0,0,0,124,33,,51,51,0
256,7,1537,cube,0,0,3,1,0,0,137,33,,51,51,0
256,7,1538,cube,0,0,3,2,0,0,125,33,,51,51,0
256,7,1539,cube,0,0,3,3,0,0,121,33,,51,51,0
256,7,1540,cube,0,0,3,4,0,0,122,33,,51,51,0
256,7,1541,cube,0,0,3,5,0,0,128,33,,51,51,0
256,7,1542,cube,0,0,3,6,0,0,118,33,,51,51,0
256,7,1543,cube,0,0,3,7,0,0,129,33,,51,51,0
256,7,1552,cube,2,0,3,0,0,0,118,33,,51,51,0
256,7,1553,cube,2,0,3,1,0,0,137,33,,51,51,0
256,7,1554,cube,2,0,3,2,0,0,127,33,,51,51,0
256,7,1555,cube,2,0,3,3,0,0,127,33,,51,51,0
256,7,1556,cube,2,0,3,4,0,0,127,33,,51,51,0
256,7,1557,cube,2,0,3,5,0,0,123,33,,51,51,0
256,7,1558,cube,2,0,3,6,0,0,128,33,,51,51,0
256,7,1559,cube,2,0,3,7,0,0,132,33,,51,51,0
256,7,1856,cube,0,5,3,0,0,0,0,,,,,1
256,7,1857,cube,0,5,3,1,0,0,0,,,,,1
256,7,1858,cube,0,5,3,2,0,0,0,,,,,1
256,7,1859,cube,0,5,3,3,0,0,0,,,,,1
256,7,1860,cube,0,5,3,4,0,0,0,,,,,1
256,7,1861,cube,0,5,3,5,0,0,0,,,,,1
256,7,1862,cube,0,5,3,6,0,0,0,,,,,1
256,7,1863,cube,0,5,3,7,0,0,0,,,,,1
256,7,1896,cube,5,5,3,0,0,0,0,,,,,1
256,7,1897,cube,5,5,3,1,0,0,0,,,,,1
256,7,1898,cube,5,5,3,2,0,0,0,,,,,1
256,7,1899,cube,5,5,3,3,0,0,0,,,,,1
256,7,1900,cube,5,5,3,4,0,0,0,,,,,1
256,7,1901,cube,5,5,3,5,0,0,0,,,,,1
256,7,1902,cube,5,5,3,6,0,0,0,,,,,1
256,7,1903,cube,5,5,3,7,0,0,0,,,,,1
256,7,1984,cube,0,7,3,0,0,0,0,,,,,1
256,7,1985,cube,0,7,3,1,0,0,0,,,,,1
256,7,1986,cube,0,7,3,2,0,0,0,,,,,1
256,7,1987,cube,0,7,3,3,0,0,0,,,,,1
256,7,1988,cube,0,7,3,4,0,0,0,,,,,1
256,7,1989,cube,0,7,3,5,0,0,0,,,,,1
256,7,1990,cube,0,7,3,6,0,0,0,,,,,1
256,7,1991,cube,0,7,3,7,0,0,0,,,,,1
256,7,2080,cube,4,0,4,0,0,0,95,42,,60,60,0
256,7,2081,cube,4,0,4,1,0,0,86,42,,60,60,0
256,7,2082,cube,4,0,4,2,0,0,84,42,,60,60,0
256,7,2083,cube,4,0,4,3,0,0,87,42,,60,60,0
256,7,2084,cube,4,0,4,4,0,0,89,42,,60,60,0
256,7,2085,cube,4,0,4,5,0,0,83,42,,60,60,0
256,7,2086,cube,4,0,4,6,0,0,91,42,,60,60,0
256,7,2087,cube,4,0,4,7,0,0,87,42,,60,60,0
256,7,2392,cube,3,5,4,0,0,0,68,48,,66,66,0
256,7,2393,cube,3,5,4,1,0,0,59,48,,66,66,0
256,7,2394,cube,3,5,4,2,0,0,63,48,,66,66,0
256,7,2395,cube,3,5,4,3,0,0,67,48,,66,66,0
256,7,2396,cube,3,5,4,4,0,0,69,48,,66,66,0
256,7,2397,cube,3,5,4,5,0,0,65,48,,66,66,0
256,7,2398,cube,3,5,4,6,0,0,80,48,,66,66,0
256,7,2399,cube,3,5,4,7,0,0,64,48,,66,66,0
256,7,2592,cube,4,0,5,0,0,0,132,33,,51,51,0
256,7,2593,cube,4,0,5,1,0,0,115,33,,51,51,0
256,7,2594,cube,4,0,5,2,0,0,125,33,,51,51,0
256,7,2595,cube,4,0,5,3,0,0,126,33,,51,51,0
256,7,2596,cube,4,0,5,4,0,0,115,33,,51,51,0
256,7,2597,cube,4,0,5,5,0,0,118,33,,51,51,0
256,7,2598,cube,4,0,5,6,0,0,120,33,,51,51,0
256,7,2599,cube,4,0,5,7,0,0,116,33,,51,51,0
256,7,2632,cube,1,1,5,0,0,0,57,51,,69,69,0
256,7,2633,cube,1,1,5,1,0,0,50,51,,69,69,0
256,7,2634,cube,1,1,5,2,0,0,49,51,,69,69,0
256,7,2635,cube,1,1,5,3,0,0,49,51,,69,69,0
256,7,2636,cube,1,1,5,4,0,0,50,51,,69,69,0
256,7,2637,cube,1,1,5,5,0,0,52,51,,69,69,0
256,7,2638,cube,1,1,5,6,0,0,55,51,,69,69,0
256,7,2639,cube,1,1,5,7,0,0,46,51,,69,69,0
256,7,2904,cube,3,5,5,0,0,0,112,37,,55,55,0
256,7,2905,cube,3,5,5,1,0,0,104,37,,55,55,0
256,7,2906,cube,3,5,5,2,0,0,102,37,,55,55,0
256,7,2907,cube,3,5,5,3,0,0,106,37,,55,55,0
256,7,2908,cube,3,5,5,4,0,0,103,37,,55,55,0
256,7,2909,cube,3,5,5,5,0,0,99,37,,55,55,0
256,7,2910,cube,3,5,5,6,0,0,107,37,,55,55,0
256,7,2911,cube,3,5,5,7,0,0,98,37,,55,55,0
256,7,2912,cube,4,5,5,0,0,0,113,37,,55,55,0
256,7,2913,cube,4,5,5,1,0,0,110,37,,55,55,0
256,7,2914,cube,4,5,5,2,0,0,101,37,,55,55,0
256,7,2915,cube,4,5,5,3,0,0,105,37,,55,55,0
256,7,2916,cube,4,5,5,4,0,0,104,37,,55,55,0
256,7,2917,cube,4,5,5,5,0,0,107,37,,55,55,0
256,7,2918,cube,4,5,5,6,0,0,115,37,,55,55,0
256,7,2919,cube,4,5,5,7,0,0,110,37,,55,55,0
256,7,2936,cube,7,5,5,0,0,0,114,37,,55,55,0
256,7,2937,cube,7,5,5,1,0,0,113,37,,55,55,0
256,7,2938,cube,7,5,5,2,0,0,119,37,,55,55,0
256,7,2939,cube,7,5,5,3,0,0,111,37,,55,55,0
256,7,2940,cube,7,5,5,4,0,0,120,37,,55,55,0
256,7,2941,cube,7,5,5,5,0,0,102,37,,55,55,0
256,7,2942,cube,7,5,5,6,0,0,105,37,,55,55,0
256,7,2943,cube,7,5,5,7,0,0,100,37,,55,55,0
256,7,2944,cube,0,6,5,0,0,0,109,36,,54,54,0
256,7,2945,cube,0,6,5,1,0,0,106,36,,54,54,0
256,7,2946,cube,0,6,5,2,0,0,120,36,,54,54,0
256,7,2947,cube,0,6,5,3,0,0,120,36,,54,54,0
256,7,2948,cube,0,6,5,4,0,0,108,36,,54,54,0
256,7,2949,cube,0,6,5,5,0,0,114,36,,54,54,0
256,7,2950,cube,0,6,5,6,0,0,101,36,,54,54,0
256,7,2951,cube,0,6,5,7,0,0,107,36,,54,54,0
256,7,3064,cube,7,7,5,0,0,0,0,,,,,1
256,7,3065,cube,7,7,5,1,0,0,0,,,,,1
256,7,3066,cube,7,7,5,2,0,0,0,,,,,1
256,7,3067,cube,7,7,5,3,0,0,0,,,,,1
256,7,3068,cube,7,7,5,4,0,0,0,,,,,1
256,7,3069,cube,7,7,5,5,0,0,0,,,,,1
256,7,3070,cube,7,7,5,6,0,0,0,,,,,1
256,7,3071,cube,7,7,5,7,0,0,0,,,,,1
256,7,3120,cube,6,0,6,0,0,0,60,50,,68,68,0
256,7,3121,cube,6,0,6,1,0,0,58,50,,68,68,0
256,7,3122,cube,6,0,6,2,0,0,57,50,,68,68,0
256,7,3123,cube,6,0,6,3,0,0,56,50,,68,68,0
256,7,3124,cube,6,0,6,4,0,0,63,50,,68,68,0
256,7,3125,cube,6,0,6,5,0,0,49,50,,68,68,0
256,7,3126,cube,6,0,6,6,0,0,55,50,,68,68,0
256,7,3127,cube,6,0,6,7,0,0,53,50,,68,68,0
256,7,3272,cube,1,3,6,0,0,0,117,33,,52,52,1
256,7,3273,cube,1,3,6,1,0,0,119,33,,52,52,1
256,7,3274,cube,1,3,6,2,0,0,119,33,,52,52,1
256,7,3275,cube,1,3,6,3,0,0,123,33,,52,52,1
256,7,3276,cube,1,3,6,4,0,0,136,33,,52,52,1
256,7,3277,cube,1,3,6,5,0,0,116,33,,52,52,1
256,7,3278,cube,1,3,6,6,0,0,132,33,,52,52,1
256,7,3279,cube,1,3,6,7,0,0,119,33,,52,52,1
256,7,3336,cube,1,4,6,0,0,0,107,38,,57,57,1
256,7,3337,cube,1,4,6,1,0,0,108,38,,57,57,1
256,7,3338,cube,1,4,6,2,0,0,100,38,,57,57,1
256,7,3339,cube,1,4,6,3,0,0,122,38,,57,57,1
256,7,3340,cube,1,4,6,4,0,0,95,38,,57,57,1
256,7,3341,cube,1,4,6,5,0,0,95,38,,57,57,1
256,7,3342,cube,1,4,6,6,0,0,98,38,,57,57,1
256,7,3343,cube,1,4,6,7,0,0,100,38,,57,57,1
256,7,3656,cube,1,1,7,0,0,0,0,,,,,1
256,7,3657,cube,1,1,7,1,0,0,0,,,,,1
256,7,3658,cube,1,1,7,2,0,0,0,,,,,1
256,7,3659,cube,1,1,7,3,0,0,0,,,,,1
256,7,3660,cube,1,1,7,4,0,0,0,,,,,1
256,7,3661,cube,1,1,7,5,0,0,0,,,,,1
256,7,3662,cube,1,1,7,6,0,0,0,,,,,1
256,7,3663,cube,1,1,7,7,0,0,0,,,,,1
256,7,3904,cube,0,5,7,0,0,0,0,,,,,1
256,7,3905,cube,0,5,7,1,0,0,0,,,,,1
256,7,3906,cube,0,5,7,2,0,0,0,,,,,1
256,7,3907,cube,0,5,7,3,0,0,0,,,,,1
256,7,3908,cube,0,5,7,4,0,0,0,,,,,1
256,7,3909,cube,0,5,7,5,0,0,0,,,,,1
256,7,3910,cube,0,5,7,6,0,0,0,,,,,1
256,7,3911,cube,0,5,7,7,0,0,0,,,,,1
256,7,3944,cube,5,5,7,0,0,0,0,,,,,1
256,7,3945,cube,5,5,7,1,0,0,0,,,,,1
256,7,3946,cube,5,5,7,2,0,0,0,,,,,1
256,7,3947,cube,5,5,7,3,0,0,0,,,,,1
256,7,3948,cube,5,5,7,4,0,0,0,,,,,1
256,7,3949,cube,5,5,7,5,0,0,0,,,,,1
256,7,3950,cube,5,5,7,6,0,0,0,,,,,1
256,7,3951,cube,5,5,7,7,0,0,0,,,,,1
